ProcessID,count,NewProcessName,ProcessName,Application
1392,41941,,,\device\harddiskvolume3\windows\system32\svchost.exe
4,26263,,,System
6116,21270,,,\device\harddiskvolume3\program files (x86)\amiya\amepagt\amepagt.exe
1264,17565,,,\device\harddiskvolume3\windows\system32\svchost.exe
2572,11720,,,\device\harddiskvolume3\program files (x86)\amiya\amepagt\amepagt.exe
8596,10640,,,\device\harddiskvolume3\program files (x86)\microsoft\edge\application\msedge.exe
5760,5867,,,\device\harddiskvolume3\windows\system32\svchost.exe
11044,5224,,,\device\harddiskvolume3\program files (x86)\microsoft\edge\application\msedge.exe
8200,3578,,,\device\harddiskvolume3\program files (x86)\microsoft\edge\application\msedge.exe
1452,2569,,,
0x0000000000001c04,2560,C:\Program Files (x86)\Microsoft\Edge\Application\msedge.exe,C:\Program Files (x86)\Microsoft\Edge\Application\msedge.exe,
0x00000000000023c8,2430,C:\Users\taro\AppData\Local\Microsoft\OneDrive\24.025.0204.0003\FileCoAuth.exe,C:\Program Files (x86)\Microsoft\Edge\Application\msedge.exe,
692,1848,,,\device\harddiskvolume3\windows\system32\lsass.exe
3124,1812,,,\device\harddiskvolume3\windows\system32\svchost.exe
9244,1797,,,\device\harddiskvolume3\windows\system32\mousocoreworker.exe
0x0000000000002194,1342,C:\Windows\System32\RuntimeBroker.exe,C:\Program Files (x86)\Microsoft\Edge\Application\msedge.exe,
680,1057,,,\device\harddiskvolume3\windows\system32\lsass.exe
0x00000000000002a8,880,C:\Windows\System32\lsass.exe,C:\Windows\System32\lsass.exe,
0x0000000000001a20,874,C:\Users\taro\AppData\Local\Microsoft\OneDrive\24.025.0204.0003\FileCoAuth.exe,C:\Windows\System32\poqexec.exe,
0x00000000000002b4,818,C:\Windows\System32\svchost.exe,C:\Windows\System32\lsass.exe,
2884,814,,,\device\harddiskvolume3\windows\system32\svchost.exe
2712,796,,,\device\harddiskvolume3\windows\system32\svchost.exe
1776,796,,,
0x00000000000002ac,767,,Advapi,
3696,727,,,\device\harddiskvolume3\xampp\apache\bin\httpd.exe
3108,525,,,\device\harddiskvolume3\windows\system32\svchost.exe
5524,522,,,\device\harddiskvolume3\windows\system32\svchost.exe
3960,507,,,\device\harddiskvolume3\windows\system32\taskhostw.exe
0x0000000000000324,506,C:\Windows\Microsoft.NET\Framework64\v4.0.30319\mscorsvw.exe,C:\Windows\System32\svchost.exe,
7172,486,,,\device\harddiskvolume3\program files (x86)\microsoft\edge\application\msedge.exe
0x0000000000001e88,430,C:\Windows\System32\svchost.exe,C:\Windows\System32\taskhostw.exe,
0x00000000000002a0,364,C:\Windows\System32\services.exe,Advapi,
7428,350,,,\device\harddiskvolume3\windows\system32\svchost.exe
0x0000000000000000,339,,Kerberos,
4692,310,,,\device\harddiskvolume3\windows\system32\mousocoreworker.exe
2676,206,,,\device\harddiskvolume3\windows\system32\svchost.exe
1128,198,,,\device\harddiskvolume3\windows\system32\svchost.exe
5428,196,,,\device\harddiskvolume3\windows\system32\svchost.exe
9316,184,,,\device\harddiskvolume3\program files (x86)\microsoft\edge\application\msedge.exe
1048,145,,,\device\harddiskvolume3\windows\system32\svchost.exe
5968,142,,,\device\harddiskvolume3\windows\system32\svchost.exe
5820,140,,,
7556,120,,,\device\harddiskvolume3\windows\systemapps\microsoft.windows.search_cw5n1h2txyewy\searchapp.exe
524,113,,,\device\harddiskvolume3\windows\system32\svchost.exe
0x0000000000000318,100,C:\Windows\System32\svchost.exe,C:\Windows\System32\svchost.exe,
0x0000000000002008,92,C:\Program Files (x86)\Microsoft\Edge\Application\msedge.exe,C:\Program Files (x86)\Microsoft\Edge\Application\msedge.exe,
2796,77,,,\device\harddiskvolume3\windows\system32\svchost.exe
3620,74,,,\device\harddiskvolume3\windows\system32\svchost.exe
448,71,,,\device\harddiskvolume3\windows\system32\svchost.exe
8360,68,,,\device\harddiskvolume3\windows\system32\svchost.exe
5388,65,,,\device\harddiskvolume3\users\taro\appdata\local\microsoft\onedrive\onedrive.exe
0x0000000000000c50,53,C:\Windows\System32\svchost.exe,C:\Windows\System32\wbem\WmiPrvSE.exe,
0x00000000000018e0,52,C:\Users\taro\AppData\Local\Microsoft\OneDrive\24.025.0204.0003\FileCoAuth.exe,C:\Windows\explorer.exe,
4948,48,,,\device\harddiskvolume3\windows\system32\svchost.exe
0x0000000000001cd0,47,,C:\Windows\SystemApps\Microsoft.Windows.Search_cw5n1h2txyewy\SearchApp.exe,
10616,47,,,\device\harddiskvolume3\windows\system32\svchost.exe
5016,46,,,\device\harddiskvolume3\windows\system32\svchost.exe
2684,45,,,\device\harddiskvolume3\windows\system32\svchost.exe
8584,43,,,\device\harddiskvolume3\windows\system32\svchost.exe
348,43,,,\device\harddiskvolume3\windows\system32\svchost.exe
988,42,,,\device\harddiskvolume3\windows\system32\backgroundtaskhost.exe
10264,41,,,\device\harddiskvolume3\windows\system32\svchost.exe
6368,40,,,\device\harddiskvolume3\windows\explorer.exe
10208,39,,,\device\harddiskvolume3\windows\system32\svchost.exe
3404,39,,,\device\harddiskvolume3\windows\system32\svchost.exe
9668,39,,,\device\harddiskvolume3\windows\system32\svchost.exe
3484,36,,,\device\harddiskvolume3\windows\system32\svchost.exe
936,34,,,\device\harddiskvolume3\windows\system32\mousocoreworker.exe
5192,33,,,\device\harddiskvolume3\windows\system32\mousocoreworker.exe
1828,32,,,\device\harddiskvolume3\windows\system32\svchost.exe
544,32,,,\device\harddiskvolume3\windows\system32\svchost.exe
4908,32,,,\device\harddiskvolume3\windows\system32\mousocoreworker.exe
11248,32,,,\device\harddiskvolume3\windows\system32\svchost.exe
10420,31,,,\device\harddiskvolume3\windows\system32\svchost.exe
6476,29,,,\device\harddiskvolume3\windows\system32\svchost.exe
0x00000000000005b0,29,,C:\Windows\System32\svchost.exe,
10720,29,,,\device\harddiskvolume3\windows\system32\svchost.exe
1068,29,,,\device\harddiskvolume3\windows\system32\svchost.exe
4108,29,,,\device\harddiskvolume3\windows\system32\svchost.exe
4752,29,,,\device\harddiskvolume3\windows\system32\taskhostw.exe
5744,28,,,\device\harddiskvolume3\windows\system32\mousocoreworker.exe
2940,28,,,\device\harddiskvolume3\windows\system32\svchost.exe
2904,27,,,\device\harddiskvolume3\windows\system32\svchost.exe
3192,27,,,\device\harddiskvolume3\windows\system32\svchost.exe
3064,26,,,\device\harddiskvolume3\program files (x86)\microsoft\edgeupdate\microsoftedgeupdate.exe
4580,26,,,\device\harddiskvolume3\windows\system32\svchost.exe
5868,26,,,\device\harddiskvolume3\windows\system32\mousocoreworker.exe
5984,26,,,
4376,26,,,\device\harddiskvolume3\windows\system32\svchost.exe
0x0000000000001890,26,C:\Users\taro\AppData\Local\Microsoft\OneDrive\24.025.0204.0003\FileCoAuth.exe,C:\Windows\WinSxS\amd64_microsoft-windows-servicingstack_31bf3856ad364e35_10.0.19041.3989_none_7ddb45627cb30e03\TiWorker.exe,
8168,25,,,\device\harddiskvolume3\windows\system32\svchost.exe
9136,25,,,\device\harddiskvolume3\windows\system32\svchost.exe
5352,25,,,\device\harddiskvolume3\windows\system32\svchost.exe
2232,25,,,\device\harddiskvolume3\windows\system32\svchost.exe
2844,25,,,\device\harddiskvolume3\windows\system32\svchost.exe
2240,25,,,\device\harddiskvolume3\windows\system32\svchost.exe
0x0000000000000580,24,,C:\Windows\System32\svchost.exe,
3044,24,,,\device\harddiskvolume3\windows\system32\svchost.exe
10588,24,,,\device\harddiskvolume3\windows\system32\svchost.exe
1680,24,,,\device\harddiskvolume3\windows\system32\svchost.exe
1144,24,,,\device\harddiskvolume3\windows\system32\svchost.exe
3304,24,,,\device\harddiskvolume3\windows\system32\taskhostw.exe
8676,23,,,\device\harddiskvolume3\windows\system32\svchost.exe
8332,23,,,\device\harddiskvolume3\windows\system32\backgroundtaskhost.exe
6036,23,,,\device\harddiskvolume3\windows\system32\svchost.exe
2320,23,,,\device\harddiskvolume3\windows\system32\svchost.exe
908,23,,,\device\harddiskvolume3\windows\system32\svchost.exe
6844,23,,,\device\harddiskvolume3\windows\system32\backgroundtransferhost.exe
7564,22,,,\device\harddiskvolume3\windows\system32\svchost.exe
5332,22,,,\device\harddiskvolume3\windows\system32\svchost.exe
9992,22,,,\device\harddiskvolume3\windows\system32\svchost.exe
568,22,,,\device\harddiskvolume3\users\taro\appdata\local\microsoft\onedrive\onedrive.exe
10612,22,,,\device\harddiskvolume3\windows\system32\backgroundtaskhost.exe
5788,22,,,\device\harddiskvolume3\windows\system32\svchost.exe
4016,22,,,\device\harddiskvolume3\windows\system32\svchost.exe
3888,22,,,\device\harddiskvolume3\windows\system32\svchost.exe
3208,22,,,\device\harddiskvolume3\windows\system32\svchost.exe
4696,21,,,\device\harddiskvolume3\windows\system32\svchost.exe
0x0000000000000aec,21,C:\Windows\System32\svchost.exe,C:\Users\taro\AppData\Local\Microsoft\EdgeUpdate\MicrosoftEdgeUpdate.exe,
3576,21,,,\device\harddiskvolume3\windows\system32\dsregcmd.exe
5548,21,,,\device\harddiskvolume3\windows\system32\backgroundtaskhost.exe
7756,21,,,\device\harddiskvolume3\windows\system32\svchost.exe
5048,21,,,\device\harddiskvolume3\windows\system32\svchost.exe
9968,21,,,\device\harddiskvolume3\windows\system32\svchost.exe
1896,21,,,\device\harddiskvolume3\windows\system32\svchost.exe
6056,21,,,\device\harddiskvolume3\windows\system32\svchost.exe
0x0000000000000768,21,C:\Windows\System32\svchost.exe,C:\Windows\System32\backgroundTaskHost.exe,
0x0000000000000724,21,C:\Windows\System32\svchost.exe,C:\Users\taro\AppData\Local\Microsoft\EdgeUpdate\MicrosoftEdgeUpdate.exe,
0x0000000000001e1c,20,C:\Windows\System32\RuntimeBroker.exe,C:\Windows\System32\RuntimeBroker.exe,
0x0000000000001fe8,20,C:\Users\taro\AppData\Local\Microsoft\OneDrive\24.025.0204.0003\FileCoAuth.exe,C:\Users\taro\AppData\Local\Microsoft\EdgeUpdate\MicrosoftEdgeUpdate.exe,
7024,20,,,\device\harddiskvolume3\windows\system32\svchost.exe
2868,20,,,\device\harddiskvolume3\windows\system32\openssh\sshd.exe
5920,20,,,\device\harddiskvolume3\windows\system32\svchost.exe
9620,20,,,\device\harddiskvolume3\windows\system32\taskhostw.exe
2772,19,,,\device\harddiskvolume3\windows\system32\svchost.exe
3096,19,,,\device\harddiskvolume3\windows\system32\svchost.exe
0x00000000000015c0,19,C:\Windows\Microsoft.NET\Framework\v4.0.30319\ngen.exe,C:\Windows\System32\VSSVC.exe,
0x0000000000000ec8,19,C:\Windows\System32\svchost.exe,C:\Users\taro\AppData\Local\Microsoft\EdgeUpdate\MicrosoftEdgeUpdate.exe,
2028,19,,,\device\harddiskvolume3\windows\system32\taskhostw.exe
3972,19,,,
10900,19,,,\device\harddiskvolume3\windows\system32\curl.exe
548,19,,,\device\harddiskvolume3\windows\system32\mousocoreworker.exe
3628,19,,,\device\harddiskvolume3\windows\system32\dsregcmd.exe
4368,18,,,
4088,18,,,\device\harddiskvolume3\windows\system32\svchost.exe
7284,18,,,\device\harddiskvolume3\windows\system32\svchost.exe
2144,18,,,\device\harddiskvolume3\windows\system32\svchost.exe
1648,18,,,\device\harddiskvolume3\windows\system32\svchost.exe
0x00000000000004e0,18,C:\Windows\System32\RuntimeBroker.exe,C:\Windows\System32\svchost.exe,
5852,18,,,\device\harddiskvolume3\windows\system32\sihclient.exe
5308,18,,,\device\harddiskvolume3\windows\system32\svchost.exe
0x0000000000000c6c,18,C:\Windows\System32\svchost.exe,C:\Users\taro\AppData\Local\Microsoft\EdgeUpdate\MicrosoftEdgeUpdate.exe,
3728,18,,,\device\harddiskvolume3\windows\system32\svchost.exe
5408,18,,,\device\harddiskvolume3\windows\system32\svchost.exe
0x000000000000132c,17,C:\Program Files\RUXIM\RUXIMICS.exe,C:\Windows\System32\VSSVC.exe,
5932,17,,,\device\harddiskvolume3\windows\system32\dsregcmd.exe
3984,17,,,\device\harddiskvolume3\windows\system32\compattelrunner.exe
6156,17,,,\device\harddiskvolume3\windows\system32\svchost.exe
6432,17,,,\device\harddiskvolume3\windows\system32\svchost.exe
8008,17,,,\device\harddiskvolume3\windows\system32\svchost.exe
3344,17,,,\device\harddiskvolume3\windows\system32\svchost.exe
5712,17,,,\device\harddiskvolume3\windows\system32\svchost.exe
6900,17,,,\device\harddiskvolume3\windows\system32\backgroundtaskhost.exe
5432,17,,,
6112,17,,,\device\harddiskvolume3\windows\system32\taskhostw.exe
4456,17,,,\device\harddiskvolume3\windows\system32\dsregcmd.exe
0x0000000000000674,17,C:\Windows\System32\backgroundTaskHost.exe,C:\Windows\System32\backgroundTaskHost.exe,
4532,17,,,\device\harddiskvolume3\windows\system32\backgroundtaskhost.exe
9432,17,,,\device\harddiskvolume3\windows\system32\svchost.exe
9920,17,,,\device\harddiskvolume3\windows\system32\svchost.exe
8456,17,,,\device\harddiskvolume3\windows\system32\svchost.exe
0x0000000000002168,16,C:\Users\taro\AppData\Local\Microsoft\EdgeUpdate\MicrosoftEdgeUpdate.exe,C:\Users\taro\AppData\Local\Microsoft\EdgeUpdate\MicrosoftEdgeUpdate.exe,
0x00000000000016d8,16,C:\Users\taro\AppData\Local\Microsoft\OneDrive\24.025.0204.0003\FileCoAuth.exe,C:\Windows\System32\VSSVC.exe,
3036,16,,,\device\harddiskvolume3\users\taro\appdata\local\microsoft\onedrive\update\onedrivesetup.exe
2808,16,,,\device\harddiskvolume3\windows\system32\svchost.exe
0x0000000000002b28,16,C:\Windows\System32\svchost.exe,C:\Windows\System32\backgroundTaskHost.exe,
4756,16,,,\device\harddiskvolume3\windows\system32\dsregcmd.exe
4676,16,,,
0x0000000000001418,16,C:\Users\taro\AppData\Local\Microsoft\OneDrive\24.025.0204.0003\FileCoAuth.exe,C:\Users\taro\AppData\Local\Microsoft\EdgeUpdate\MicrosoftEdgeUpdate.exe,
7044,16,,,\device\harddiskvolume3\windows\system32\svchost.exe
0x0000000000002504,16,C:\ProgramData\Microsoft\Windows Defender\Platform\4.18.24020.7-0\MpCmdRun.exe,C:\Users\taro\AppData\Local\Microsoft\EdgeUpdate\MicrosoftEdgeUpdate.exe,
10488,16,,,\device\harddiskvolume3\windows\system32\svchost.exe
0x0000000000002bec,16,C:\Windows\System32\svchost.exe,C:\Windows\System32\RuntimeBroker.exe,
5828,16,,,\device\harddiskvolume3\users\taro\appdata\local\microsoft\edgeupdate\microsoftedgeupdate.exe
7868,16,,,\device\harddiskvolume3\windows\system32\svchost.exe
10160,16,,,\device\harddiskvolume3\windows\system32\svchost.exe
0x00000000000028b4,16,C:\Program Files\RUXIM\PLUGScheduler.exe,C:\Users\taro\AppData\Local\Microsoft\EdgeUpdate\MicrosoftEdgeUpdate.exe,
1160,16,,,
11048,16,,,\device\harddiskvolume3\windows\system32\backgroundtaskhost.exe
2148,16,,,\device\harddiskvolume3\windows\system32\dsregcmd.exe
1960,16,,,\device\harddiskvolume3\windows\system32\svchost.exe
5208,16,,,\device\harddiskvolume3\users\taro\appdata\local\programs\python\python311\python.exe
0x0000000000002108,16,C:\Windows\System32\svchost.exe,C:\Windows\System32\backgroundTaskHost.exe,
8572,15,,,\device\harddiskvolume3\windows\system32\svchost.exe
2032,15,,,\device\harddiskvolume3\program files (x86)\microsoft\edgeupdate\microsoftedgeupdate.exe
7184,15,,,\device\harddiskvolume3\windows\system32\svchost.exe
7288,15,,,
0x0000000000001750,15,C:\Windows\System32\svchost.exe,C:\Windows\System32\svchost.exe,
11032,15,,,\device\harddiskvolume3\windows\system32\svchost.exe
1812,15,,,\device\harddiskvolume3\windows\system32\svchost.exe
8964,15,,,\device\harddiskvolume3\windows\system32\svchost.exe
1904,15,,,\device\harddiskvolume3\windows\system32\svchost.exe
8872,15,,,\device\harddiskvolume3\windows\system32\svchost.exe
9172,15,,,\device\harddiskvolume3\windows\system32\svchost.exe
6512,15,,,\device\harddiskvolume3\windows\system32\svchost.exe
0x000000000000244c,15,C:\Windows\System32\CompatTelRunner.exe,C:\Windows\System32\backgroundTaskHost.exe,
6196,15,,,\device\harddiskvolume3\windows\system32\svchost.exe
10056,15,,,\device\harddiskvolume3\windows\system32\svchost.exe
10068,15,,,\device\harddiskvolume3\windows\system32\svchost.exe
3424,15,,,\device\harddiskvolume3\windows\system32\svchost.exe
10580,15,,,\device\harddiskvolume3\windows\system32\backgroundtaskhost.exe
2256,15,,,\device\harddiskvolume3\windows\system32\svchost.exe
4588,15,,,\device\harddiskvolume3\windows\system32\svchost.exe
3676,15,,,\device\harddiskvolume3\xampp\apache\bin\httpd.exe
7668,15,,,\device\harddiskvolume3\windows\system32\svchost.exe
7680,15,,,\device\harddiskvolume3\windows\system32\svchost.exe
0x0000000000000910,15,C:\Windows\System32\svchost.exe,C:\Windows\System32\svchost.exe,
2188,15,,,\device\harddiskvolume3\windows\system32\dsregcmd.exe
6012,15,,,\device\harddiskvolume3\windows\system32\svchost.exe
5940,15,,,\device\harddiskvolume3\windows\system32\svchost.exe
7944,15,,,\device\harddiskvolume3\windows\system32\svchost.exe
7784,15,,,\device\harddiskvolume3\windows\system32\svchost.exe
8064,15,,,\device\harddiskvolume3\windows\system32\svchost.exe
9444,15,,,\device\harddiskvolume3\windows\system32\svchost.exe
0x0000000000001a64,15,C:\Users\taro\AppData\Local\Microsoft\OneDrive\24.025.0204.0003\FileCoAuth.exe,C:\Users\taro\AppData\Local\Microsoft\EdgeUpdate\MicrosoftEdgeUpdate.exe,
9320,15,,,\device\harddiskvolume3\windows\system32\svchost.exe
9820,15,,,\device\harddiskvolume3\windows\system32\svchost.exe
9760,15,,,\device\harddiskvolume3\windows\system32\svchost.exe
3436,15,,,\device\harddiskvolume3\windows\system32\taskhostw.exe
3460,15,,,\device\harddiskvolume3\windows\system32\svchost.exe
0x00000000000028f4,15,C:\Users\taro\AppData\Local\Microsoft\OneDrive\24.025.0204.0003\FileCoAuth.exe,C:\Windows\System32\backgroundTaskHost.exe,
0x0000000000001fbc,15,C:\Windows\System32\backgroundTaskHost.exe,C:\Windows\System32\backgroundTaskHost.exe,
5472,15,,,\device\harddiskvolume3\windows\system32\svchost.exe
5380,15,,,\device\harddiskvolume3\windows\system32\svchost.exe
10052,15,,,\device\harddiskvolume3\windows\system32\svchost.exe
11188,15,,,\device\harddiskvolume3\windows\system32\svchost.exe
4052,15,,,\device\harddiskvolume3\windows\system32\rundll32.exe
4796,15,,,\device\harddiskvolume3\windows\system32\svchost.exe
0x0000000000002a58,15,C:\Users\taro\AppData\Local\Microsoft\EdgeUpdate\MicrosoftEdgeUpdate.exe,C:\Users\taro\AppData\Local\Microsoft\EdgeUpdate\MicrosoftEdgeUpdate.exe,
6812,15,,,\device\harddiskvolume3\windows\system32\svchost.exe
2964,15,,,\device\harddiskvolume3\windows\system32\svchost.exe
3488,15,,,\device\harddiskvolume3\windows\system32\svchost.exe
0x000000000000153c,15,C:\Windows\System32\taskhostw.exe,C:\Windows\System32\taskhostw.exe,
8264,15,,,\device\harddiskvolume3\windows\system32\svchost.exe
4048,15,,,\device\harddiskvolume3\windows\system32\svchost.exe
0x0000000000000198,14,C:\Users\taro\AppData\Local\Microsoft\OneDrive\24.025.0204.0003\FileCoAuth.exe,C:\Users\taro\AppData\Local\Microsoft\OneDrive\24.025.0204.0003\FileCoAuth.exe,
8336,14,,,\device\harddiskvolume3\windows\system32\svchost.exe
0x0000000000001d84,14,C:\Windows\SystemApps\Microsoft.Windows.Search_cw5n1h2txyewy\SearchApp.exe,C:\Windows\SystemApps\Microsoft.Windows.Search_cw5n1h2txyewy\SearchApp.exe,
5344,14,,,\device\harddiskvolume3\windows\system32\svchost.exe
1612,14,,,\device\harddiskvolume3\windows\system32\svchost.exe
0x0000000000001298,14,C:\Windows\System32\svchost.exe,C:\Windows\System32\svchost.exe,
3688,14,,,\device\harddiskvolume3\windows\system32\svchost.exe
1044,14,,,\device\harddiskvolume3\windows\system32\mousocoreworker.exe
0x0000000000001f1c,14,C:\Users\taro\AppData\Local\Microsoft\OneDrive\24.040.0225.0003\FileCoAuth.exe,C:\Windows\System32\backgroundTaskHost.exe,
672,14,,,\device\harddiskvolume3\windows\system32\services.exe
6840,14,,,\device\harddiskvolume3\windows\system32\backgroundtaskhost.exe
1248,14,,,\device\harddiskvolume3\windows\system32\svchost.exe
5808,14,,,\device\harddiskvolume3\program files (x86)\microsoft\edgeupdate\microsoftedgeupdate.exe
0x0000000000002464,14,C:\Windows\System32\conhost.exe,C:\Program Files (x86)\Microsoft\Edge\Application\msedge.exe,
5296,14,,,\device\harddiskvolume3\windows\system32\dsregcmd.exe
532,14,,,\device\harddiskvolume3\windows\system32\wininit.exe
5132,14,,,\device\harddiskvolume3\windows\system32\svchost.exe
3308,14,,,\device\harddiskvolume3\windows\system32\svchost.exe
5864,14,,,\device\harddiskvolume3\windows\system32\svchost.exe
2404,14,,,\device\harddiskvolume3\windows\system32\backgroundtaskhost.exe
4396,14,,,\device\harddiskvolume3\windows\system32\svchost.exe
6048,14,,,\device\harddiskvolume3\program files (x86)\microsoft\edgeupdate\microsoftedgeupdate.exe
0x00000000000016e8,14,C:\Windows\System32\svchost.exe,C:\Windows\System32\svchost.exe,
0x0000000000002790,14,C:\Users\taro\AppData\Local\Microsoft\OneDrive\24.040.0225.0003\FileCoAuth.exe,C:\Windows\System32\RuntimeBroker.exe,
2704,14,,,\device\harddiskvolume3\windows\system32\taskhostw.exe
2416,14,,,\device\harddiskvolume3\windows\system32\spoolsv.exe
0x00000000000000d4,14,C:\Users\taro\AppData\Local\Microsoft\EdgeUpdate\MicrosoftEdgeUpdate.exe,C:\Windows\System32\backgroundTaskHost.exe,
0x0000000000000608,13,C:\Windows\System32\svchost.exe,C:\Windows\System32\svchost.exe,
1768,13,,,\device\harddiskvolume3\windows\system32\svchost.exe
11236,13,,,\device\harddiskvolume3\windows\system32\svchost.exe
0x0000000000002020,13,C:\Users\taro\AppData\Local\Microsoft\EdgeUpdate\MicrosoftEdgeUpdate.exe,C:\Users\taro\AppData\Local\Microsoft\EdgeUpdate\MicrosoftEdgeUpdate.exe,
2016,13,,,\device\harddiskvolume3\windows\system32\svchost.exe
0x000000000000129c,13,C:\Windows\System32\svchost.exe,C:\Windows\System32\svchost.exe,
704,13,,,\device\harddiskvolume3\windows\system32\svchost.exe
7292,13,,,\device\harddiskvolume3\windows\system32\svchost.exe
5164,13,,,
3872,13,,,\device\harddiskvolume3\windows\system32\svchost.exe
4984,13,,,
0x0000000000002380,13,C:\Program Files (x86)\Microsoft\Edge\Application\msedge.exe,C:\Users\taro\AppData\Local\Microsoft\EdgeUpdate\MicrosoftEdgeUpdate.exe,
0x00000000000013f0,13,C:\Windows\System32\conhost.exe,C:\Windows\System32\winlogon.exe,
3636,13,,,\device\harddiskvolume3\windows\system32\taskhostw.exe
0x0000000000001768,13,C:\Windows\System32\conhost.exe,C:\Windows\System32\conhost.exe,
0x000000000000203c,13,C:\Users\taro\AppData\Local\Microsoft\EdgeUpdate\MicrosoftEdgeUpdate.exe,C:\Users\taro\AppData\Local\Microsoft\EdgeUpdate\MicrosoftEdgeUpdate.exe,
8036,13,,,\device\harddiskvolume3\windows\system32\svchost.exe
10680,13,,,\device\harddiskvolume3\windows\system32\svchost.exe
1672,13,,,\device\harddiskvolume3\windows\system32\backgroundtaskhost.exe
0x0000000000001edc,13,C:\Users\taro\AppData\Local\Microsoft\EdgeUpdate\MicrosoftEdgeUpdate.exe,C:\Users\taro\AppData\Local\Microsoft\EdgeUpdate\MicrosoftEdgeUpdate.exe,
5568,13,,,\device\harddiskvolume3\windows\system32\backgroundtaskhost.exe
1556,13,,,\device\harddiskvolume3\windows\system32\svchost.exe
0x00000000000025e0,13,C:\Users\taro\AppData\Local\Microsoft\EdgeUpdate\MicrosoftEdgeUpdate.exe,C:\Users\taro\AppData\Local\Microsoft\EdgeUpdate\MicrosoftEdgeUpdate.exe,
3712,13,,,\device\harddiskvolume3\windows\system32\svchost.exe
6896,13,,,\device\harddiskvolume3\windows\system32\svchost.exe
0x0000000000002200,13,C:\Windows\System32\svchost.exe,C:\Windows\System32\VSSVC.exe,
0x0000000000001c44,13,C:\Program Files (x86)\Microsoft\EdgeUpdate\MicrosoftEdgeUpdate.exe,C:\Windows\System32\VSSVC.exe,
8668,13,,,\device\harddiskvolume3\windows\system32\svchost.exe
1120,13,,,\device\harddiskvolume3\windows\system32\svchost.exe
0x0000000000001e9c,13,C:\Users\taro\AppData\Local\Microsoft\OneDrive\24.025.0204.0003\FileCoAuth.exe,C:\Users\taro\AppData\Local\Microsoft\EdgeUpdate\MicrosoftEdgeUpdate.exe,
0x00000000000018bc,13,C:\Users\taro\AppData\Local\Microsoft\EdgeUpdate\MicrosoftEdgeUpdate.exe,C:\Windows\System32\VSSVC.exe,
0x0000000000002974,13,C:\Windows\System32\backgroundTaskHost.exe,C:\Windows\System32\backgroundTaskHost.exe,
408,13,,,\device\harddiskvolume3\windows\system32\svchost.exe
868,12,,,\device\harddiskvolume3\windows\system32\sihclient.exe
0x00000000000029e8,12,C:\Windows\System32\svchost.exe,C:\Windows\System32\svchost.exe,
4472,12,,,\device\harddiskvolume3\windows\system32\svchost.exe
0x0000000000002b24,12,C:\Windows\System32\SearchFilterHost.exe,C:\Program Files (x86)\Microsoft\Edge\Application\msedge.exe,
0x0000000000001c10,12,C:\Program Files (x86)\Microsoft\EdgeUpdate\MicrosoftEdgeUpdate.exe,Advapi,
976,12,,,
0x0000000000001c68,12,C:\Users\taro\AppData\Local\Microsoft\OneDrive\24.025.0204.0003\FileCoAuth.exe,C:\Windows\SystemApps\Microsoft.Windows.StartMenuExperienceHost_cw5n1h2txyewy\StartMenuExperienceHost.exe,
0x0000000000001c74,12,C:\Windows\System32\svchost.exe,C:\Windows\System32\svchost.exe,
2720,12,,,\device\harddiskvolume3\windows\system32\svchost.exe
0x0000000000000bf8,12,C:\Windows\System32\svchost.exe,C:\Windows\System32\svchost.exe,
10848,12,,,\device\harddiskvolume3\windows\system32\taskhostw.exe
3500,12,,,\device\harddiskvolume3\windows\system32\dsregcmd.exe
0x00000000000016e0,12,C:\Program Files (x86)\Microsoft\EdgeUpdate\MicrosoftEdgeUpdate.exe,C:\Windows\System32\svchost.exe,
788,12,,,\device\harddiskvolume3\windows\system32\svchost.exe
5552,12,,,\device\harddiskvolume3\windows\system32\svchost.exe
10936,12,,,\device\harddiskvolume3\windows\system32\svchost.exe
0x0000000000001f7c,12,C:\Windows\System32\backgroundTaskHost.exe,C:\Windows\System32\backgroundTaskHost.exe,
1568,12,,,\device\harddiskvolume3\windows\system32\svchost.exe
1340,12,,,\device\harddiskvolume3\windows\system32\svchost.exe
3372,12,,,\device\harddiskvolume3\windows\system32\svchost.exe
3180,12,,,\device\harddiskvolume3\windows\system32\svchost.exe
10480,12,,,\device\harddiskvolume3\windows\system32\backgroundtaskhost.exe
0x0000000000000df4,12,C:\Users\taro\AppData\Local\Microsoft\EdgeUpdate\MicrosoftEdgeUpdate.exe,C:\Users\taro\AppData\Local\Microsoft\EdgeUpdate\MicrosoftEdgeUpdate.exe,
5124,12,,,
3624,12,,,\device\harddiskvolume3\windows\system32\svchost.exe
3752,12,,,\device\harddiskvolume3\windows\system32\backgroundtaskhost.exe
3780,12,,,
5372,12,,,\device\harddiskvolume3\windows\system32\dsregcmd.exe
0x0000000000000764,12,C:\Users\taro\AppData\Local\Microsoft\EdgeUpdate\MicrosoftEdgeUpdate.exe,C:\Users\taro\AppData\Local\Microsoft\EdgeUpdate\MicrosoftEdgeUpdate.exe,
3216,12,,,
4912,12,,,\device\harddiskvolume3\windows\system32\svchost.exe
5064,12,,,
0x00000000000028c4,12,C:\Program Files (x86)\Microsoft\EdgeUpdate\MicrosoftEdgeUpdate.exe,C:\Windows\System32\backgroundTaskHost.exe,
0x0000000000002b1c,12,C:\Users\taro\AppData\Local\Microsoft\EdgeUpdate\MicrosoftEdgeUpdate.exe,C:\Users\taro\AppData\Local\Microsoft\EdgeUpdate\MicrosoftEdgeUpdate.exe,
0x00000000000003a8,12,C:\Windows\Microsoft.NET\Framework64\v4.0.30319\mscorsvw.exe,C:\Windows\System32\backgroundTaskHost.exe,
0x00000000000027d8,12,C:\Users\taro\AppData\Local\Microsoft\OneDrive\24.025.0204.0003\FileCoAuth.exe,C:\Windows\System32\backgroundTaskHost.exe,
4252,12,,,
9824,12,,,\device\harddiskvolume3\windows\system32\svchost.exe
2816,12,,,
4760,12,,,\device\harddiskvolume3\windows\system32\svchost.exe
0x0000000000002aa0,12,C:\Users\taro\AppData\Local\Microsoft\OneDrive\24.025.0204.0003\FileCoAuth.exe,C:\Windows\System32\backgroundTaskHost.exe,
8900,12,,,\device\harddiskvolume3\windows\system32\sihclient.exe
2316,12,,,\device\harddiskvolume3\windows\system32\svchost.exe
0x0000000000001458,12,C:\Windows\System32\svchost.exe,C:\Windows\System32\svchost.exe,
2432,12,,,\device\harddiskvolume3\windows\system32\dsregcmd.exe
3932,11,,,\device\harddiskvolume3\windows\system32\dsregcmd.exe
5528,11,,,
10008,11,,,\device\harddiskvolume3\windows\system32\svchost.exe
0x00000000000026c4,11,C:\Windows\System32\RuntimeBroker.exe,C:\Windows\System32\backgroundTaskHost.exe,
4784,11,,,\device\harddiskvolume3\windows\system32\taskhostw.exe
0x0000000000001914,11,C:\Users\taro\AppData\Local\Microsoft\OneDrive\24.025.0204.0003\FileCoAuth.exe,C:\Windows\System32\backgroundTaskHost.exe,
0x0000000000000314,11,C:\Windows\System32\svchost.exe,C:\Windows\System32\svchost.exe,
8660,11,,,\device\harddiskvolume3\windows\system32\svchost.exe
5100,11,,,\device\harddiskvolume3\program files (x86)\microsoft\edgeupdate\microsoftedgeupdate.exe
10640,11,,,\device\harddiskvolume3\windows\system32\svchost.exe
0x0000000000001448,11,C:\Windows\System32\svchost.exe,C:\Windows\System32\svchost.exe,
0x0000000000002af8,11,C:\Windows\System32\svchost.exe,C:\Windows\System32\backgroundTaskHost.exe,
2728,11,,,\device\harddiskvolume3\windows\system32\backgroundtaskhost.exe
0x0000000000002be4,11,C:\Program Files (x86)\Microsoft\Edge\Application\msedge.exe,C:\Windows\System32\svchost.exe,
6804,11,,,\device\harddiskvolume3\program files\windowsapps\microsoft.yourphone_1.24021.105.0_x64__8wekyb3d8bbwe\phoneexperiencehost.exe
7032,11,,,\device\harddiskvolume3\windows\system32\taskhostw.exe
6420,11,,,\device\harddiskvolume3\windows\system32\svchost.exe
7804,11,,,\device\harddiskvolume3\windows\system32\svchost.exe
0x0000000000000494,11,C:\Windows\System32\conhost.exe,C:\Windows\System32\backgroundTaskHost.exe,
0x00000000000000b8,11,C:\Windows\System32\svchost.exe,C:\Windows\System32\VSSVC.exe,
0x0000000000000238,11,C:\Users\taro\AppData\Local\Microsoft\OneDrive\24.025.0204.0003\FileCoAuth.exe,C:\Users\taro\AppData\Local\Microsoft\OneDrive\24.025.0204.0003\FileCoAuth.exe,
9040,11,,,\device\harddiskvolume3\users\taro\appdata\local\microsoft\onedrive\onedrive.exe
0x000000000000298c,11,C:\Users\taro\AppData\Local\Microsoft\OneDrive\24.025.0204.0003\FileCoAuth.exe,C:\Windows\System32\svchost.exe,
952,10,,,\device\harddiskvolume3\windows\system32\svchost.exe
9684,10,,,\device\harddiskvolume3\windows\system32\sihclient.exe
0x0000000000001d9c,10,C:\Windows\System32\svchost.exe,C:\Windows\System32\svchost.exe,
0x0000000000000ab0,10,C:\Users\taro\AppData\Local\Microsoft\OneDrive\24.025.0204.0003\FileCoAuth.exe,C:\Users\taro\AppData\Local\Microsoft\OneDrive\24.025.0204.0003\FileCoAuth.exe,
0x0000000000000d10,10,C:\Windows\System32\conhost.exe,C:\Windows\System32\conhost.exe,
0x0000000000000acc,10,C:\Windows\System32\sppsvc.exe,C:\Windows\System32\backgroundTaskHost.exe,
0x0000000000000df0,10,C:\Windows\System32\conhost.exe,C:\Windows\System32\conhost.exe,
11260,10,,,\device\harddiskvolume3\windows\system32\svchost.exe
0x0000000000000fc0,10,C:\Windows\System32\conhost.exe,C:\Windows\System32\conhost.exe,
0x0000000000000f84,10,C:\Windows\System32\svchost.exe,C:\Windows\System32\backgroundTaskHost.exe,
0x00000000000007d8,10,C:\Windows\System32\svchost.exe,C:\Windows\System32\svchost.exe,
0x000000000000155c,10,C:\Program Files (x86)\Microsoft\EdgeUpdate\MicrosoftEdgeUpdate.exe,C:\Program Files (x86)\Microsoft\EdgeUpdate\MicrosoftEdgeUpdate.exe,
0x0000000000001168,10,C:\Users\taro\AppData\Local\Microsoft\OneDrive\24.025.0204.0003\FileCoAuth.exe,C:\Users\taro\AppData\Local\Microsoft\OneDrive\24.025.0204.0003\FileCoAuth.exe,
3144,10,,,\device\harddiskvolume3\windows\system32\dsregcmd.exe
0x00000000000015a4,10,C:\Users\taro\AppData\Local\Microsoft\OneDrive\24.025.0204.0003\FileCoAuth.exe,C:\Users\taro\AppData\Local\Microsoft\OneDrive\24.025.0204.0003\FileCoAuth.exe,
0x0000000000001420,10,C:\Windows\Microsoft.NET\Framework\v4.0.30319\mscorsvw.exe,C:\Windows\Microsoft.NET\Framework\v4.0.30319\mscorsvw.exe,
0x00000000000013f8,10,C:\Program Files (x86)\Microsoft\EdgeUpdate\Install\{4662CB1C-F771-47CC-9C76-9929F3C95712}\EDGEMITMP_A7674.tmp\setup.exe,C:\Windows\System32\svchost.exe,
0x0000000000000f2c,10,C:\Windows\System32\svchost.exe,C:\Windows\System32\svchost.exe,
668,10,,,\device\harddiskvolume3\windows\system32\svchost.exe
280,10,,,\device\harddiskvolume3\windows\system32\taskhostw.exe
1116,10,,,\device\harddiskvolume3\windows\system32\svchost.exe
11200,10,,,\device\harddiskvolume3\windows\system32\svchost.exe
0x0000000000001560,10,C:\Windows\System32\svchost.exe,C:\Windows\System32\svchost.exe,
3432,10,,,\device\harddiskvolume3\program files\windowsapps\microsoft.yourphone_1.24021.105.0_x64__8wekyb3d8bbwe\phoneexperiencehost.exe
10864,10,,,\device\harddiskvolume3\windows\system32\svchost.exe
652,10,,,\device\harddiskvolume3\windows\system32\dsregcmd.exe
0x00000000000017fc,10,C:\Windows\System32\svchost.exe,C:\Windows\System32\svchost.exe,
5520,10,,,\device\harddiskvolume3\windows\system32\backgroundtaskhost.exe
6088,10,,,\device\harddiskvolume3\program files\ruxim\ruximics.exe
0x00000000000011a0,10,C:\Users\taro\AppData\Local\Microsoft\OneDrive\24.025.0204.0003\FileCoAuth.exe,C:\Users\taro\AppData\Local\Microsoft\OneDrive\24.025.0204.0003\FileCoAuth.exe,
0x00000000000012e4,10,C:\Users\taro\AppData\Local\Microsoft\EdgeUpdate\MicrosoftEdgeUpdate.exe,C:\Users\taro\AppData\Local\Microsoft\EdgeUpdate\MicrosoftEdgeUpdate.exe,
0x00000000000012a4,10,C:\Windows\System32\svchost.exe,C:\Windows\System32\svchost.exe,
0x0000000000000a00,10,C:\Windows\System32\conhost.exe,C:\Windows\System32\conhost.exe,
0x0000000000001288,10,C:\Windows\System32\backgroundTaskHost.exe,C:\Windows\System32\backgroundTaskHost.exe,
5500,10,,,\device\harddiskvolume3\windows\system32\svchost.exe
3548,10,,,\device\harddiskvolume3\windows\system32\svchost.exe
0x0000000000001258,10,C:\Windows\System32\svchost.exe,C:\Windows\System32\svchost.exe,
5112,10,,,\device\harddiskvolume3\windows\system32\svchost.exe
5424,10,,,\device\harddiskvolume3\windows\system32\taskhostw.exe
0x0000000000000964,10,C:\Windows\System32\svchost.exe,C:\Windows\System32\svchost.exe,
0x00000000000014d8,10,C:\Windows\System32\svchost.exe,C:\Windows\System32\svchost.exe,
0x000000000000130c,10,C:\Windows\System32\svchost.exe,C:\Windows\System32\svchost.exe,
0x0000000000001a3c,10,C:\Users\taro\AppData\Local\Microsoft\OneDrive\24.025.0204.0003\FileCoAuth.exe,C:\Users\taro\AppData\Local\Microsoft\OneDrive\24.025.0204.0003\FileCoAuth.exe,
8544,10,,,\device\harddiskvolume3\windows\system32\svchost.exe
0x0000000000000ea8,10,C:\Windows\System32\backgroundTaskHost.exe,C:\Windows\System32\backgroundTaskHost.exe,
0x00000000000014dc,10,C:\Program Files (x86)\Microsoft\EdgeUpdate\MicrosoftEdgeUpdate.exe,C:\Program Files (x86)\Microsoft\EdgeUpdate\MicrosoftEdgeUpdate.exe,
3948,10,,,\device\harddiskvolume3\windows\system32\backgroundtransferhost.exe
0x0000000000002b9c,10,C:\Windows\System32\svchost.exe,C:\Windows\System32\backgroundTaskHost.exe,
3808,10,,,\device\harddiskvolume3\windows\system32\svchost.exe
0x0000000000001798,10,C:\Users\taro\AppData\Local\Microsoft\OneDrive\24.025.0204.0003\FileCoAuth.exe,C:\Windows\System32\backgroundTaskHost.exe,
0x00000000000003b8,9,C:\Windows\System32\sppsvc.exe,C:\Windows\System32\sppsvc.exe,
1520,9,,,\device\harddiskvolume3\windows\system32\dsregcmd.exe
0x0000000000001784,9,C:\Users\taro\AppData\Local\Microsoft\OneDrive\24.025.0204.0003\FileCoAuth.exe,C:\Users\taro\AppData\Local\Microsoft\OneDrive\24.025.0204.0003\FileCoAuth.exe,
0x0000000000001794,9,C:\Windows\System32\svchost.exe,C:\Windows\System32\svchost.exe,
1588,9,,,\device\harddiskvolume3\windows\system32\dsregcmd.exe
0x000000000000172c,9,C:\Windows\System32\svchost.exe,C:\Windows\System32\svchost.exe,
0x0000000000000f58,9,C:\Users\taro\AppData\Local\Microsoft\OneDrive\24.025.0204.0003\FileCoAuth.exe,C:\Users\taro\AppData\Local\Microsoft\OneDrive\24.025.0204.0003\FileCoAuth.exe,
944,9,,,\device\harddiskvolume3\windows\system32\dsregcmd.exe
9476,9,,,\device\harddiskvolume3\windows\system32\svchost.exe
0x0000000000002958,9,C:\Users\taro\AppData\Local\Microsoft\OneDrive\24.025.0204.0003\FileCoAuth.exe,C:\Windows\System32\backgroundTaskHost.exe,
0x00000000000013a0,9,C:\Windows\System32\svchost.exe,C:\Windows\System32\svchost.exe,
8612,9,,,\device\harddiskvolume3\users\taro\appdata\local\microsoft\onedrive\24.040.0225.0003\microsoft.sharepoint.exe
0x0000000000000498,9,C:\Program Files (x86)\Microsoft\EdgeUpdate\MicrosoftEdgeUpdate.exe,C:\Program Files (x86)\Microsoft\EdgeUpdate\MicrosoftEdgeUpdate.exe,
0x0000000000000458,9,C:\Windows\System32\conhost.exe,C:\Windows\System32\conhost.exe,
0x0000000000000460,9,C:\Program Files (x86)\Microsoft\Edge\Application\msedge.exe,C:\Windows\System32\svchost.exe,
0x00000000000027e4,9,C:\Users\taro\AppData\Local\Microsoft\OneDrive\24.025.0204.0003\FileCoAuth.exe,C:\Users\taro\AppData\Local\Microsoft\OneDrive\24.025.0204.0003\FileCoAuth.exe,
10384,9,,,\device\harddiskvolume3\windows\system32\taskhostw.exe
1028,9,,,\device\harddiskvolume3\windows\system32\dsregcmd.exe
3784,9,,,\device\harddiskvolume3\windows\system32\sppextcomobj.exe
5400,9,,,\device\harddiskvolume3\program files\windowsapps\microsoft.yourphone_1.24021.105.0_x64__8wekyb3d8bbwe\phoneexperiencehost.exe
0x0000000000002530,9,C:\Users\taro\AppData\Local\Microsoft\OneDrive\24.025.0204.0003\FileCoAuth.exe,C:\Users\taro\AppData\Local\Microsoft\OneDrive\24.025.0204.0003\FileCoAuth.exe,
0x0000000000000bb8,9,C:\Users\taro\AppData\Local\Microsoft\OneDrive\24.025.0204.0003\FileCoAuth.exe,C:\Users\taro\AppData\Local\Microsoft\OneDrive\24.025.0204.0003\FileCoAuth.exe,
10204,9,,,\device\harddiskvolume3\windows\system32\svchost.exe
10232,9,,,\device\harddiskvolume3\windows\system32\dsregcmd.exe
0x0000000000000998,9,C:\Program Files (x86)\Microsoft\EdgeUpdate\MicrosoftEdgeUpdate.exe,C:\Program Files (x86)\Microsoft\EdgeUpdate\MicrosoftEdgeUpdate.exe,
0x000000000000097c,9,C:\Program Files (x86)\Microsoft\EdgeUpdate\MicrosoftEdgeUpdate.exe,C:\Program Files (x86)\Microsoft\EdgeUpdate\MicrosoftEdgeUpdate.exe,
5036,9,,,\device\harddiskvolume3\windows\system32\svchost.exe
3964,9,,,\device\harddiskvolume3\windows\system32\dsregcmd.exe
0x0000000000000bcc,9,C:\Program Files (x86)\Microsoft\EdgeUpdate\MicrosoftEdgeUpdate.exe,C:\Program Files (x86)\Microsoft\EdgeUpdate\MicrosoftEdgeUpdate.exe,
0x00000000000024d8,9,C:\Windows\System32\svchost.exe,C:\Windows\System32\svchost.exe,
0x0000000000002994,9,C:\Windows\System32\backgroundTaskHost.exe,C:\Windows\System32\backgroundTaskHost.exe,
3076,9,,,\device\harddiskvolume3\windows\system32\svchost.exe
0x0000000000000dc0,9,C:\Users\taro\AppData\Local\Microsoft\OneDrive\24.040.0225.0003\FileCoAuth.exe,C:\Users\taro\AppData\Local\Microsoft\OneDrive\24.040.0225.0003\FileCoAuth.exe,
6200,9,,,\device\harddiskvolume3\windows\system32\svchost.exe
6224,9,,,\device\harddiskvolume3\windows\system32\svchost.exe
0x00000000000021dc,9,C:\Windows\System32\svchost.exe,C:\Windows\System32\svchost.exe,
0x00000000000021e4,9,C:\Windows\System32\svchost.exe,C:\Windows\System32\svchost.exe,
0x0000000000000ecc,9,C:\Windows\System32\taskhostw.exe,C:\Windows\System32\taskhostw.exe,
2504,9,,,\device\harddiskvolume3\windows\system32\dsregcmd.exe
640,9,,,\device\harddiskvolume3\windows\system32\svchost.exe
0x00000000000017c4,9,C:\Windows\System32\conhost.exe,C:\Windows\System32\wevtutil.exe,
0x000000000000243c,9,C:\ProgramData\Microsoft\Windows Defender\Platform\4.18.24010.12-0\MpCmdRun.exe,C:\ProgramData\Microsoft\Windows Defender\Platform\4.18.24010.12-0\MpCmdRun.exe,
2892,9,,,\device\harddiskvolume3\windows\system32\dsregcmd.exe
0x0000000000000688,9,C:\Windows\System32\svchost.exe,C:\Windows\System32\svchost.exe,
3012,9,,,\device\harddiskvolume3\windows\system32\svchost.exe
3032,9,,,\device\harddiskvolume3\windows\system32\dsregcmd.exe
0x0000000000002484,9,C:\Windows\System32\RuntimeBroker.exe,C:\Windows\System32\RuntimeBroker.exe,
0x0000000000001598,9,C:\Program Files (x86)\Microsoft\EdgeUpdate\MicrosoftEdgeUpdate.exe,C:\Program Files (x86)\Microsoft\EdgeUpdate\MicrosoftEdgeUpdate.exe,
0x0000000000001678,9,C:\Program Files (x86)\Microsoft\EdgeUpdate\MicrosoftEdgeUpdate.exe,C:\Program Files (x86)\Microsoft\EdgeUpdate\MicrosoftEdgeUpdate.exe,
0x000000000000168c,9,C:\Windows\System32\conhost.exe,C:\Windows\System32\conhost.exe,
0x0000000000001690,9,C:\Windows\System32\svchost.exe,C:\Windows\System32\svchost.exe,
6620,9,,,\device\harddiskvolume3\windows\system32\svchost.exe
5996,9,,,\device\harddiskvolume3\windows\system32\taskhostw.exe
696,9,,,\device\harddiskvolume3\windows\system32\dsregcmd.exe
0x0000000000001718,9,C:\Windows\System32\backgroundTaskHost.exe,C:\Windows\System32\backgroundTaskHost.exe,
0x0000000000000f30,9,C:\Windows\System32\svchost.exe,C:\Windows\System32\svchost.exe,
4216,9,,,\device\harddiskvolume3\windows\system32\svchost.exe
0x00000000000028f0,9,C:\Windows\System32\backgroundTaskHost.exe,C:\Windows\System32\backgroundTaskHost.exe,
2512,9,,,\device\harddiskvolume3\windows\system32\svchost.exe
6716,9,,,\device\harddiskvolume3\windows\system32\svchost.exe
0x0000000000000838,9,C:\Program Files (x86)\Microsoft\EdgeUpdate\MicrosoftEdgeUpdate.exe,C:\Program Files (x86)\Microsoft\EdgeUpdate\MicrosoftEdgeUpdate.exe,
0x0000000000002668,9,C:\Program Files (x86)\Microsoft\EdgeUpdate\MicrosoftEdgeUpdate.exe,C:\Program Files (x86)\Microsoft\EdgeUpdate\MicrosoftEdgeUpdate.exe,
0x0000000000001190,9,C:\Program Files (x86)\Microsoft\EdgeUpdate\MicrosoftEdgeUpdate.exe,C:\Program Files (x86)\Microsoft\EdgeUpdate\MicrosoftEdgeUpdate.exe,
0x0000000000002b8c,9,C:\Users\taro\AppData\Local\Microsoft\OneDrive\24.025.0204.0003\FileCoAuth.exe,C:\Users\taro\AppData\Local\Microsoft\OneDrive\24.025.0204.0003\FileCoAuth.exe,
0x0000000000000a4c,9,C:\Windows\System32\svchost.exe,C:\Windows\System32\svchost.exe,
0x00000000000009e4,9,C:\Users\taro\AppData\Local\Microsoft\OneDrive\24.025.0204.0003\FileCoAuth.exe,C:\Users\taro\AppData\Local\Microsoft\OneDrive\24.025.0204.0003\FileCoAuth.exe,
0x00000000000015ac,9,C:\Program Files\RUXIM\PLUGScheduler.exe,C:\Windows\System32\backgroundTaskHost.exe,
0x0000000000000864,9,C:\Windows\System32\sppsvc.exe,C:\Windows\System32\sppsvc.exe,
0x000000000000229c,9,C:\Users\taro\AppData\Local\Microsoft\OneDrive\24.025.0204.0003\FileCoAuth.exe,C:\Windows\System32\backgroundTaskHost.exe,
0x0000000000001178,9,C:\Windows\System32\svchost.exe,C:\Windows\System32\svchost.exe,
5336,9,,,\device\harddiskvolume3\windows\system32\compattelrunner.exe
0x00000000000016c4,9,C:\Program Files\RUXIM\PLUGScheduler.exe,C:\Program Files\RUXIM\PLUGScheduler.exe,
9292,9,,,\device\harddiskvolume3\windows\system32\backgroundtaskhost.exe
0x0000000000000210,9,C:\Program Files (x86)\Microsoft\EdgeUpdate\MicrosoftEdgeUpdate.exe,C:\Program Files (x86)\Microsoft\EdgeUpdate\MicrosoftEdgeUpdate.exe,
8752,9,,,\device\harddiskvolume3\windows\system32\taskhostw.exe
8864,9,,,\device\harddiskvolume3\windows\system32\svchost.exe
9100,9,,,\device\harddiskvolume3\windows\system32\svchost.exe
8632,9,,,\device\harddiskvolume3\users\taro\appdata\local\programs\python\python311\python.exe
0x0000000000001f58,9,C:\Windows\System32\backgroundTaskHost.exe,C:\Windows\System32\backgroundTaskHost.exe,
0x0000000000000f74,9,C:\Windows\Microsoft.NET\Framework64\v4.0.30319\mscorsvw.exe,C:\Windows\Microsoft.NET\Framework64\v4.0.30319\mscorsvw.exe,
0x0000000000000f78,9,C:\Users\taro\AppData\Local\Microsoft\OneDrive\24.025.0204.0003\FileCoAuth.exe,C:\Users\taro\AppData\Local\Microsoft\OneDrive\24.025.0204.0003\FileCoAuth.exe,
0x0000000000000f40,9,C:\Users\taro\AppData\Local\Microsoft\OneDrive\24.025.0204.0003\FileCoAuth.exe,C:\Users\taro\AppData\Local\Microsoft\OneDrive\24.025.0204.0003\FileCoAuth.exe,
0x0000000000002984,9,C:\Users\taro\AppData\Local\Microsoft\OneDrive\24.040.0225.0003\FileCoAuth.exe,C:\Users\taro\AppData\Local\Microsoft\OneDrive\24.040.0225.0003\FileCoAuth.exe,
9880,9,,,\device\harddiskvolume3\windows\system32\svchost.exe
0x0000000000001a54,9,C:\Users\taro\AppData\Local\Microsoft\OneDrive\24.025.0204.0003\FileCoAuth.exe,C:\Windows\System32\backgroundTaskHost.exe,
4800,9,,,\device\harddiskvolume3\windows\system32\taskhostw.exe
4824,9,,,\device\harddiskvolume3\windows\system32\dsregcmd.exe
9160,9,,,\device\harddiskvolume3\program files (x86)\microsoft\edge\application\msedge.exe
0x0000000000000e70,9,C:\Windows\System32\backgroundTaskHost.exe,C:\Windows\System32\backgroundTaskHost.exe,
8444,9,,,\device\harddiskvolume3\windows\system32\svchost.exe
0x000000000000038c,9,C:\Windows\System32\svchost.exe,C:\Windows\System32\svchost.exe,
9596,9,,,\device\harddiskvolume3\windows\system32\svchost.exe
9560,9,,,\device\harddiskvolume3\windows\system32\svchost.exe
0x0000000000001ab8,9,C:\Windows\System32\backgroundTaskHost.exe,C:\Windows\System32\backgroundTaskHost.exe,
2216,9,,,\device\harddiskvolume3\windows\system32\mousocoreworker.exe
1152,9,,,\device\harddiskvolume3\windows\system32\dsregcmd.exe
0x0000000000000c48,9,C:\Program Files (x86)\Microsoft\EdgeUpdate\MicrosoftEdgeUpdate.exe,C:\Program Files (x86)\Microsoft\EdgeUpdate\MicrosoftEdgeUpdate.exe,
0x0000000000002a94,9,C:\Program Files (x86)\Microsoft\EdgeUpdate\MicrosoftEdgeUpdate.exe,C:\Windows\System32\taskhostw.exe,
0x0000000000001520,9,C:\Windows\System32\MusNotification.exe,C:\Windows\System32\MusNotification.exe,
0x0000000000000b60,9,C:\Windows\System32\conhost.exe,C:\Windows\System32\conhost.exe,
5216,9,,,\device\harddiskvolume3\windows\system32\svchost.exe
0x0000000000002bfc,9,C:\Program Files (x86)\Microsoft\EdgeUpdate\Install\{A07561A9-E18C-46AE-8CA5-43EC9759615F}\EDGEMITMP_64E73.tmp\setup.exe,C:\Windows\System32\svchost.exe,
0x00000000000027f8,9,C:\Users\taro\AppData\Local\Microsoft\OneDrive\24.025.0204.0003\FileCoAuth.exe,C:\Users\taro\AppData\Local\Microsoft\OneDrive\24.025.0204.0003\FileCoAuth.exe,
9608,8,,,\device\harddiskvolume3\windows\system32\svchost.exe
0x0000000000001aac,8,C:\Program Files (x86)\Microsoft\EdgeUpdate\MicrosoftEdgeUpdate.exe,C:\Program Files (x86)\Microsoft\EdgeUpdate\MicrosoftEdgeUpdate.exe,
10928,8,,,\device\harddiskvolume3\windows\system32\svchost.exe
1920,8,,,
0x0000000000000f3c,8,C:\Windows\Microsoft.NET\Framework64\v4.0.30319\mscorsvw.exe,C:\Windows\System32\svchost.exe,
0x0000000000000110,8,C:\Windows\System32\conhost.exe,C:\Windows\System32\conhost.exe,
0x000000000000023c,8,C:\Users\taro\AppData\Local\Microsoft\OneDrive\24.025.0204.0003\FileCoAuth.exe,C:\Users\taro\AppData\Local\Microsoft\OneDrive\24.025.0204.0003\FileCoAuth.exe,
2428,8,,,\device\harddiskvolume3\windows\system32\taskhostw.exe
0x0000000000000ee0,8,C:\Windows\System32\conhost.exe,C:\Windows\System32\conhost.exe,
0x0000000000000e78,8,C:\Windows\System32\svchost.exe,C:\Windows\System32\svchost.exe,
0x00000000000017c0,8,C:\Windows\Microsoft.NET\Framework64\v4.0.30319\mscorsvw.exe,C:\Windows\Microsoft.NET\Framework64\v4.0.30319\mscorsvw.exe,
1188,8,,,\device\harddiskvolume3\windows\system32\backgroundtaskhost.exe
0x0000000000001078,8,C:\Users\taro\AppData\Local\Microsoft\OneDrive\24.025.0204.0003\FileCoAuth.exe,C:\Users\taro\AppData\Local\Microsoft\OneDrive\24.025.0204.0003\FileCoAuth.exe,
0x0000000000001040,8,C:\Users\taro\AppData\Local\Microsoft\OneDrive\24.025.0204.0003\FileCoAuth.exe,C:\Users\taro\AppData\Local\Microsoft\OneDrive\24.025.0204.0003\FileCoAuth.exe,
0x00000000000005c4,8,C:\Windows\System32\svchost.exe,C:\Windows\System32\svchost.exe,
7160,8,,,\device\harddiskvolume3\windows\system32\svchost.exe
7576,8,,,\device\harddiskvolume3\windows\system32\svchost.exe
0x0000000000001d8c,8,C:\Windows\System32\svchost.exe,C:\Windows\System32\svchost.exe,
0x0000000000001d6c,8,C:\Users\taro\AppData\Local\Microsoft\OneDrive\24.025.0204.0003\FileCoAuth.exe,C:\Users\taro\AppData\Local\Microsoft\OneDrive\24.025.0204.0003\FileCoAuth.exe,
0x0000000000002a60,8,C:\Program Files (x86)\Microsoft\EdgeUpdate\MicrosoftEdgeUpdate.exe,C:\Windows\System32\taskhostw.exe,
0x0000000000000b1c,8,C:\Windows\System32\svchost.exe,C:\Windows\System32\svchost.exe,
9416,8,,,\device\harddiskvolume3\windows\system32\svchost.exe
0x00000000000019ac,8,C:\Users\taro\AppData\Local\Microsoft\OneDrive\OneDriveStandaloneUpdater.exe,C:\Windows\System32\backgroundTaskHost.exe,
0x00000000000002f8,8,C:\Windows\System32\conhost.exe,C:\Windows\System32\conhost.exe,
9076,8,,,
0x0000000000001480,8,C:\Program Files (x86)\Microsoft\Edge\Application\msedge.exe,C:\Program Files (x86)\Microsoft\Edge\Application\msedge.exe,
3168,8,,,\device\harddiskvolume3\windows\system32\svchost.exe
3224,8,,,\device\harddiskvolume3\windows\system32\svchost.exe
3396,8,,,
0x00000000000022e0,8,C:\Windows\System32\svchost.exe,C:\Windows\System32\svchost.exe,
0x00000000000015f8,8,C:\Program Files\RUXIM\PLUGScheduler.exe,C:\Program Files\RUXIM\PLUGScheduler.exe,
0x00000000000023e0,8,C:\Users\taro\AppData\Local\Microsoft\EdgeUpdate\MicrosoftEdgeUpdate.exe,C:\Windows\System32\svchost.exe,
10564,8,,,\device\harddiskvolume3\program files (x86)\microsoft\edgeupdate\microsoftedgeupdate.exe
0x00000000000011a8,8,C:\Program Files (x86)\Microsoft\EdgeUpdate\MicrosoftEdgeUpdate.exe,C:\Program Files (x86)\Microsoft\EdgeUpdate\MicrosoftEdgeUpdate.exe,
0x00000000000015cc,8,C:\Program Files (x86)\Microsoft\EdgeUpdate\MicrosoftEdgeUpdate.exe,C:\Windows\System32\svchost.exe,
5672,8,,,\device\harddiskvolume3\windows\system32\svchost.exe
5836,8,,,\device\harddiskvolume3\windows\system32\taskhostw.exe
5856,8,,,\device\harddiskvolume3\windows\system32\svchost.exe
5580,8,,,\device\harddiskvolume3\windows\system32\svchost.exe
0x00000000000021b8,8,C:\Windows\System32\PING.EXE,C:\Windows\System32\PING.EXE,
0x00000000000006c0,8,,C:\Windows\System32\svchost.exe,
0x000000000000065c,8,C:\Windows\System32\svchost.exe,C:\Windows\System32\svchost.exe,
0x0000000000000d6c,8,C:\Windows\System32\sppsvc.exe,C:\Windows\System32\sppsvc.exe,
3016,8,,,\device\harddiskvolume3\windows\system32\backgroundtaskhost.exe
10896,8,,,\device\harddiskvolume3\windows\system32\svchost.exe
3352,8,,,\device\harddiskvolume3\windows\system32\compattelrunner.exe
2936,8,,,\device\harddiskvolume3\windows\system32\compattelrunner.exe
0x0000000000002404,8,C:\Users\taro\AppData\Local\Microsoft\OneDrive\24.025.0204.0003\FileCoAuth.exe,C:\Users\taro\AppData\Local\Microsoft\OneDrive\24.025.0204.0003\FileCoAuth.exe,
0x00000000000023b0,8,C:\Windows\System32\svchost.exe,C:\Windows\System32\svchost.exe,
0x0000000000002968,8,C:\Windows\Microsoft.NET\Framework64\v4.0.30319\ngen.exe,C:\Windows\Microsoft.NET\Framework64\v4.0.30319\ngen.exe,
0x00000000000014e0,8,C:\Windows\System32\svchost.exe,C:\Windows\System32\svchost.exe,
5368,8,,,\device\harddiskvolume3\windows\system32\svchost.exe
5516,8,,,\device\harddiskvolume3\windows\system32\taskhostw.exe
560,8,,,\device\harddiskvolume3\windows\system32\rundll32.exe
0x0000000000000bc8,8,C:\Program Files (x86)\Microsoft\Edge\Application\msedge.exe,C:\Windows\System32\backgroundTaskHost.exe,
0x0000000000001454,8,C:\Users\taro\AppData\Local\Microsoft\OneDrive\24.025.0204.0003\FileCoAuth.exe,C:\Users\taro\AppData\Local\Microsoft\OneDrive\24.025.0204.0003\FileCoAuth.exe,
3904,8,,,\device\harddiskvolume3\windows\system32\sppextcomobj.exe
3544,8,,,\device\harddiskvolume3\windows\system32\svchost.exe
5212,8,,,\device\harddiskvolume3\program files\windowsapps\microsoft.yourphone_1.24021.105.0_x64__8wekyb3d8bbwe\phoneexperiencehost.exe
5280,8,,,
0x00000000000008ec,8,C:\Users\taro\AppData\Local\Microsoft\OneDrive\24.025.0204.0003\FileCoAuth.exe,C:\Users\taro\AppData\Local\Microsoft\OneDrive\24.025.0204.0003\FileCoAuth.exe,
0x0000000000002a7c,8,C:\Windows\System32\svchost.exe,C:\Windows\System32\svchost.exe,
0x0000000000002b00,8,C:\Windows\System32\MusNotification.exe,Advapi,
0x00000000000014cc,8,C:\Windows\System32\conhost.exe,C:\Windows\System32\conhost.exe,
0x000000000000267c,8,C:\Users\taro\AppData\Local\Microsoft\OneDrive\24.025.0204.0003\FileCoAuth.exe,C:\Users\taro\AppData\Local\Microsoft\OneDrive\24.025.0204.0003\FileCoAuth.exe,
0x000000000000264c,8,C:\Users\taro\AppData\Local\Microsoft\EdgeUpdate\MicrosoftEdgeUpdate.exe,C:\Users\taro\AppData\Local\Microsoft\EdgeUpdate\MicrosoftEdgeUpdate.exe,
0x0000000000002718,8,C:\Windows\System32\svchost.exe,C:\Windows\System32\svchost.exe,
0x0000000000000c20,8,C:\Windows\System32\backgroundTaskHost.exe,C:\Program Files (x86)\Iperius Backup\Iperius.exe,
3900,8,,,\device\harddiskvolume3\windows\system32\svchost.exe
0x0000000000002bc0,8,C:\Program Files (x86)\Microsoft\EdgeUpdate\MicrosoftEdgeUpdate.exe,C:\Program Files (x86)\Microsoft\EdgeUpdate\MicrosoftEdgeUpdate.exe,
0x0000000000002ba4,8,C:\Users\taro\AppData\Local\Microsoft\EdgeUpdate\MicrosoftEdgeUpdate.exe,C:\Users\taro\AppData\Local\Microsoft\EdgeUpdate\MicrosoftEdgeUpdate.exe,
6388,8,,,\device\harddiskvolume3\windows\system32\svchost.exe
0x0000000000002080,8,C:\Users\taro\AppData\Local\Microsoft\OneDrive\24.025.0204.0003\FileCoAuth.exe,C:\Windows\System32\backgroundTaskHost.exe,
0x000000000000208c,8,C:\Windows\System32\svchost.exe,C:\Windows\System32\backgroundTaskHost.exe,
0x0000000000002044,8,C:\Program Files (x86)\Microsoft\EdgeUpdate\MicrosoftEdgeUpdate.exe,C:\Program Files (x86)\Microsoft\EdgeUpdate\MicrosoftEdgeUpdate.exe,
0x0000000000002100,8,C:\Windows\System32\conhost.exe,C:\Windows\System32\conhost.exe,
0x000000000000175c,8,C:\Windows\System32\gpupdate.exe,C:\Windows\System32\gpupdate.exe,
2708,8,,,\device\harddiskvolume3\windows\system32\svchost.exe
2636,8,,,\device\harddiskvolume3\windows\system32\svchost.exe
0x0000000000000e2c,8,C:\Windows\System32\svchost.exe,C:\Windows\System32\svchost.exe,
10788,8,,,\device\harddiskvolume3\windows\system32\svchost.exe
0x00000000000010c8,8,C:\Windows\System32\svchost.exe,C:\Windows\System32\svchost.exe,
11176,8,,,\device\harddiskvolume3\windows\system32\taskhostw.exe
11212,8,,,\device\harddiskvolume3\windows\system32\svchost.exe
0x000000000000212c,8,C:\Windows\System32\conhost.exe,C:\Windows\System32\backgroundTaskHost.exe,
0x0000000000001780,8,C:\Program Files (x86)\Microsoft\EdgeUpdate\MicrosoftEdgeUpdate.exe,C:\Program Files (x86)\Microsoft\EdgeUpdate\MicrosoftEdgeUpdate.exe,
0x0000000000000e3c,8,C:\Users\taro\AppData\Local\Microsoft\OneDrive\24.025.0204.0003\FileCoAuth.exe,C:\Users\taro\AppData\Local\Microsoft\OneDrive\24.025.0204.0003\FileCoAuth.exe,
0x00000000000013e8,8,C:\Windows\Microsoft.NET\Framework\v4.0.30319\mscorsvw.exe,C:\Windows\Microsoft.NET\Framework\v4.0.30319\mscorsvw.exe,
4876,8,,,\device\harddiskvolume3\windows\system32\backgroundtaskhost.exe
5068,8,,,
4968,8,,,\device\harddiskvolume3\windows\system32\svchost.exe
0x00000000000009d0,8,C:\Windows\System32\svchost.exe,C:\Windows\System32\svchost.exe,
0x00000000000012b0,8,C:\Windows\System32\svchost.exe,C:\Windows\System32\svchost.exe,
4228,8,,,
4260,8,,,\device\harddiskvolume3\windows\system32\svchost.exe
0x0000000000000ad4,8,C:\Windows\System32\svchost.exe,C:\Windows\System32\svchost.exe,
0x00000000000028bc,8,C:\Windows\System32\svchost.exe,C:\Windows\System32\svchost.exe,
0x0000000000002864,8,C:\Users\taro\AppData\Local\Microsoft\OneDrive\24.025.0204.0003\FileCoAuth.exe,C:\Windows\System32\wevtutil.exe,
0x000000000000291c,8,C:\Users\taro\AppData\Local\Microsoft\OneDrive\24.025.0204.0003\FileCoAuth.exe,C:\Users\taro\AppData\Local\Microsoft\OneDrive\24.025.0204.0003\FileCoAuth.exe,
0x0000000000002ae0,8,C:\Windows\System32\svchost.exe,C:\Windows\System32\svchost.exe,
0x0000000000001290,8,C:\Windows\System32\svchost.exe,C:\Windows\System32\svchost.exe,
0x0000000000002b64,8,C:\Users\taro\AppData\Local\Microsoft\EdgeUpdate\MicrosoftEdgeUpdate.exe,C:\Users\taro\AppData\Local\Microsoft\EdgeUpdate\MicrosoftEdgeUpdate.exe,
0x0000000000000a28,8,C:\Windows\System32\svchost.exe,C:\Windows\System32\svchost.exe,
0x0000000000002ac0,8,C:\Windows\System32\svchost.exe,C:\Windows\System32\svchost.exe,
0x0000000000002270,8,C:\Windows\System32\svchost.exe,C:\Windows\System32\svchost.exe,
0x00000000000016dc,8,C:\Program Files\WindowsApps\microsoft.windowscommunicationsapps_16005.14326.21844.0_x64__8wekyb3d8bbwe\HxTsr.exe,C:\Windows\System32\taskhostw.exe,
1956,8,,,\device\harddiskvolume3\windows\system32\svchost.exe
0x0000000000001834,8,C:\Users\taro\AppData\Local\Microsoft\OneDrive\24.025.0204.0003\FileCoAuth.exe,C:\Users\taro\AppData\Local\Microsoft\OneDrive\24.025.0204.0003\FileCoAuth.exe,
0x000000000000183c,8,C:\Windows\System32\svchost.exe,C:\Windows\System32\svchost.exe,
8684,8,,,\device\harddiskvolume3\windows\system32\backgroundtransferhost.exe
0x0000000000002060,8,C:\Windows\System32\backgroundTaskHost.exe,C:\Windows\System32\backgroundTaskHost.exe,
0x0000000000001aa0,8,C:\Users\taro\AppData\Local\Microsoft\EdgeUpdate\MicrosoftEdgeUpdate.exe,C:\Windows\System32\taskhostw.exe,
0x00000000000002e8,8,C:\Windows\System32\svchost.exe,C:\Windows\System32\svchost.exe,
0x0000000000001b70,8,C:\Windows\System32\svchost.exe,C:\Windows\System32\svchost.exe,
0x0000000000001c60,8,C:\Users\taro\AppData\Local\Microsoft\OneDrive\24.025.0204.0003\FileCoAuth.exe,C:\Users\taro\AppData\Local\Microsoft\OneDrive\24.025.0204.0003\FileCoAuth.exe,
8104,8,,,\device\harddiskvolume3\windows\system32\backgroundtaskhost.exe
7952,8,,,
7876,8,,,\device\harddiskvolume3\windows\system32\svchost.exe
8060,8,,,\device\harddiskvolume3\windows\system32\backgroundtaskhost.exe
1468,8,,,\device\harddiskvolume3\program files\windowsapps\microsoft.yourphone_1.24021.105.0_x64__8wekyb3d8bbwe\phoneexperiencehost.exe
1476,8,,,\device\harddiskvolume3\program files (x86)\microsoft\edgeupdate\microsoftedgeupdate.exe
0x0000000000000fd4,8,C:\Program Files (x86)\Microsoft\EdgeUpdate\MicrosoftEdgeUpdate.exe,C:\Program Files (x86)\Microsoft\EdgeUpdate\MicrosoftEdgeUpdate.exe,
0x00000000000002e4,7,C:\Users\taro\AppData\Local\Microsoft\OneDrive\24.025.0204.0003\FileCoAuth.exe,C:\Users\taro\AppData\Local\Microsoft\OneDrive\24.025.0204.0003\FileCoAuth.exe,
0x00000000000002fc,7,C:\Program Files (x86)\Microsoft\EdgeUpdate\MicrosoftEdgeUpdate.exe,C:\Program Files (x86)\Microsoft\EdgeUpdate\MicrosoftEdgeUpdate.exe,
0x0000000000000168,7,C:\Windows\System32\svchost.exe,C:\Windows\System32\svchost.exe,
0x0000000000000f34,7,C:\Windows\System32\MoUsoCoreWorker.exe,C:\Windows\System32\ctfmon.exe,
212,7,,,\device\harddiskvolume3\windows\system32\backgroundtaskhost.exe
2056,7,,,\device\harddiskvolume3\windows\system32\svchost.exe
0x0000000000001a24,7,C:\Users\taro\AppData\Local\Microsoft\OneDrive\24.025.0204.0003\FileCoAuth.exe,C:\Users\taro\AppData\Local\Microsoft\OneDrive\24.025.0204.0003\FileCoAuth.exe,
9808,7,,,\device\harddiskvolume3\windows\system32\taskhostw.exe
0x00000000000019f4,7,C:\Windows\System32\svchost.exe,C:\Windows\System32\svchost.exe,
0x0000000000001a50,7,C:\Windows\System32\svchost.exe,C:\Windows\System32\svchost.exe,
0x00000000000003c8,7,C:\Windows\System32\svchost.exe,C:\Windows\System32\svchost.exe,
1360,7,,,\device\harddiskvolume3\windows\system32\svchost.exe
1396,7,,,
0x0000000000000e5c,7,C:\Windows\System32\svchost.exe,C:\Windows\System32\svchost.exe,
0x0000000000000fb0,7,C:\Windows\System32\svchost.exe,C:\Windows\System32\svchost.exe,
0x0000000000001084,7,C:\Windows\System32\conhost.exe,C:\Windows\System32\conhost.exe,
0x0000000000001054,7,C:\Windows\System32\svchost.exe,C:\Windows\System32\svchost.exe,
2344,7,,,\device\harddiskvolume3\windows\system32\svchost.exe
2300,7,,,\device\harddiskvolume3\windows\system32\svchost.exe
2304,7,,,
1720,7,,,
1628,7,,,\device\harddiskvolume3\windows\system32\svchost.exe
0x0000000000000f04,7,C:\Windows\System32\conhost.exe,C:\Windows\System32\conhost.exe,
0x00000000000003f0,7,C:\Windows\Microsoft.NET\Framework64\v4.0.30319\mscorsvw.exe,C:\Windows\Microsoft.NET\Framework64\v4.0.30319\mscorsvw.exe,
0x0000000000001f14,7,C:\Program Files (x86)\Microsoft\EdgeUpdate\MicrosoftEdgeUpdate.exe,C:\Program Files (x86)\Microsoft\EdgeUpdate\MicrosoftEdgeUpdate.exe,
0x0000000000001f20,7,C:\Windows\System32\RuntimeBroker.exe,C:\Windows\System32\RuntimeBroker.exe,
0x0000000000001ef0,7,C:\Windows\System32\gpupdate.exe,C:\Windows\System32\gpupdate.exe,
0x0000000000001ea4,7,C:\Program Files (x86)\Microsoft\Edge\Application\msedge.exe,C:\Program Files (x86)\Microsoft\Edge\Application\msedge.exe,
0x0000000000001898,7,C:\Windows\System32\gpupdate.exe,C:\Windows\System32\gpupdate.exe,
0x00000000000017a0,7,C:\Program Files (x86)\Microsoft\EdgeUpdate\MicrosoftEdgeUpdate.exe,C:\Program Files (x86)\Microsoft\EdgeUpdate\MicrosoftEdgeUpdate.exe,
0x0000000000001fc8,7,C:\Users\taro\AppData\Local\Microsoft\OneDrive\24.025.0204.0003\FileCoAuth.exe,C:\Windows\System32\backgroundTaskHost.exe,
0x0000000000001fa4,7,C:\Users\taro\AppData\Local\Microsoft\OneDrive\24.025.0204.0003\FileCoAuth.exe,C:\Users\taro\AppData\Local\Microsoft\OneDrive\24.025.0204.0003\FileCoAuth.exe,
0x0000000000001f88,7,C:\Windows\System32\backgroundTaskHost.exe,C:\Windows\System32\backgroundTaskHost.exe,
8000,7,,,\device\harddiskvolume3\windows\system32\svchost.exe
0x0000000000000510,7,C:\Windows\System32\svchost.exe,C:\Windows\System32\svchost.exe,
0x000000000000051c,7,C:\Windows\System32\conhost.exe,C:\Windows\System32\conhost.exe,
0x00000000000017a4,7,C:\Users\taro\AppData\Local\Microsoft\OneDrive\24.025.0204.0003\FileCoAuth.exe,C:\Users\taro\AppData\Local\Microsoft\OneDrive\24.025.0204.0003\FileCoAuth.exe,
3112,7,,,\device\harddiskvolume3\windows\system32\svchost.exe
2824,7,,,\device\harddiskvolume3\windows\system32\svchost.exe
10944,7,,,\device\harddiskvolume3\windows\system32\svchost.exe
0x0000000000000f10,7,C:\Users\taro\AppData\Local\Microsoft\OneDrive\24.025.0204.0003\FileCoAuth.exe,C:\Users\taro\AppData\Local\Microsoft\OneDrive\24.025.0204.0003\FileCoAuth.exe,
0x0000000000001118,7,C:\Windows\System32\svchost.exe,C:\Windows\System32\svchost.exe,
0x0000000000000e34,7,C:\Windows\System32\svchost.exe,C:\Windows\System32\svchost.exe,
0x0000000000000e00,7,C:\Program Files (x86)\Microsoft\EdgeUpdate\MicrosoftEdgeUpdate.exe,C:\Program Files (x86)\Microsoft\EdgeUpdate\MicrosoftEdgeUpdate.exe,
8152,7,,,\device\harddiskvolume3\windows\system32\svchost.exe
816,7,,,\device\harddiskvolume3\windows\system32\svchost.exe
0x00000000000020e8,7,C:\Windows\System32\svchost.exe,C:\Windows\System32\svchost.exe,
0x00000000000020b8,7,C:\Windows\System32\svchost.exe,C:\Windows\System32\svchost.exe,
0x00000000000020bc,7,C:\Windows\System32\svchost.exe,C:\Windows\System32\svchost.exe,
0x00000000000020a4,7,C:\Windows\System32\sppsvc.exe,C:\Windows\System32\sppsvc.exe,
0x0000000000002084,7,C:\Users\taro\AppData\Local\Microsoft\OneDrive\24.025.0204.0003\FileCoAuth.exe,C:\Users\taro\AppData\Local\Microsoft\OneDrive\24.025.0204.0003\FileCoAuth.exe,
0x0000000000001818,7,C:\Windows\System32\svchost.exe,C:\Windows\System32\svchost.exe,
0x0000000000001728,7,C:\Windows\System32\svchost.exe,C:\Windows\System32\svchost.exe,
0x0000000000001714,7,C:\Windows\System32\svchost.exe,C:\Windows\System32\svchost.exe,
0x00000000000020fc,7,C:\Windows\System32\svchost.exe,C:\Windows\System32\svchost.exe,
0x0000000000002118,7,C:\Program Files (x86)\Microsoft\Edge\Application\msedge.exe,C:\Program Files (x86)\Microsoft\Edge\Application\msedge.exe,
0x00000000000005fc,7,C:\Windows\Microsoft.NET\Framework64\v4.0.30319\mscorsvw.exe,C:\Windows\Microsoft.NET\Framework64\v4.0.30319\mscorsvw.exe,
0x00000000000005bc,7,C:\Users\taro\AppData\Local\Microsoft\OneDrive\24.025.0204.0003\FileCoAuth.exe,C:\Users\taro\AppData\Local\Microsoft\OneDrive\24.025.0204.0003\FileCoAuth.exe,
0x0000000000001748,7,C:\Users\taro\AppData\Local\Microsoft\OneDrive\24.025.0204.0003\FileCoAuth.exe,C:\Users\taro\AppData\Local\Microsoft\OneDrive\24.025.0204.0003\FileCoAuth.exe,
772,7,,,\device\harddiskvolume3\windows\system32\svchost.exe
0x0000000000002140,7,C:\Users\taro\AppData\Local\Microsoft\OneDrive\24.025.0204.0003\FileCoAuth.exe,C:\Users\taro\AppData\Local\Microsoft\OneDrive\24.025.0204.0003\FileCoAuth.exe,
0x0000000000002164,7,C:\Windows\System32\svchost.exe,C:\Windows\System32\svchost.exe,
0x0000000000002124,7,C:\Windows\System32\svchost.exe,C:\Windows\System32\svchost.exe,
0x000000000000176c,7,C:\Windows\System32\svchost.exe,C:\Windows\System32\svchost.exe,
0x0000000000002240,7,C:\Users\taro\AppData\Local\Microsoft\EdgeUpdate\MicrosoftEdgeUpdate.exe,C:\Users\taro\AppData\Local\Microsoft\EdgeUpdate\MicrosoftEdgeUpdate.exe,
0x00000000000021d4,7,C:\Windows\System32\svchost.exe,C:\Windows\System32\svchost.exe,
0x00000000000021a8,7,C:\Program Files (x86)\Microsoft\Edge\Application\msedge.exe,C:\Windows\System32\backgroundTaskHost.exe,
6644,7,,,\device\harddiskvolume3\windows\system32\svchost.exe
6688,7,,,\device\harddiskvolume3\windows\system32\svchost.exe
0x0000000000000660,7,C:\Windows\System32\conhost.exe,C:\Windows\System32\conhost.exe,
0x00000000000016cc,7,C:\Windows\Microsoft.NET\Framework64\v4.0.30319\mscorsvw.exe,C:\Windows\Microsoft.NET\Framework64\v4.0.30319\mscorsvw.exe,
0x00000000000016a8,7,C:\Windows\System32\svchost.exe,C:\Windows\System32\svchost.exe,
0x0000000000001260,7,C:\Windows\System32\conhost.exe,C:\Windows\System32\conhost.exe,
0x000000000000124c,7,C:\Program Files (x86)\Microsoft\EdgeUpdate\MicrosoftEdgeUpdate.exe,C:\Program Files (x86)\Microsoft\EdgeUpdate\MicrosoftEdgeUpdate.exe,
10460,7,,,\device\harddiskvolume3\windows\system32\svchost.exe
0x0000000000000bf4,7,C:\Windows\Microsoft.NET\Framework64\v4.0.30319\mscorsvw.exe,C:\Windows\Microsoft.NET\Framework64\v4.0.30319\mscorsvw.exe,
3644,7,,,
1056,7,,,
3164,7,,,\device\harddiskvolume3\windows\system32\svchost.exe
3084,7,,,
0x0000000000001188,7,C:\Windows\System32\svchost.exe,C:\Windows\System32\svchost.exe,
2740,7,,,
6788,7,,,\device\harddiskvolume3\windows\system32\svchost.exe
0x0000000000002350,7,C:\Users\taro\AppData\Local\Microsoft\OneDrive\24.025.0204.0003\FileCoAuth.exe,C:\Users\taro\AppData\Local\Microsoft\OneDrive\24.025.0204.0003\FileCoAuth.exe,
0x00000000000022d4,7,C:\Windows\System32\backgroundTaskHost.exe,C:\Windows\System32\backgroundTaskHost.exe,
0x0000000000002280,7,C:\Users\taro\AppData\Local\Microsoft\OneDrive\24.025.0204.0003\FileCoAuth.exe,C:\Users\taro\AppData\Local\Microsoft\OneDrive\24.025.0204.0003\FileCoAuth.exe,
0x0000000000001620,7,C:\Windows\Microsoft.NET\Framework\v4.0.30319\mscorsvw.exe,C:\Windows\Microsoft.NET\Framework\v4.0.30319\mscorsvw.exe,
0x00000000000023bc,7,C:\Users\taro\AppData\Local\Microsoft\OneDrive\24.025.0204.0003\FileCoAuth.exe,C:\Users\taro\AppData\Local\Microsoft\OneDrive\24.025.0204.0003\FileCoAuth.exe,
0x0000000000002390,7,C:\Windows\System32\svchost.exe,C:\Windows\System32\svchost.exe,
6140,7,,,\device\harddiskvolume3\windows\system32\svchost.exe
0x00000000000007c0,7,C:\Users\taro\AppData\Local\Microsoft\OneDrive\24.040.0225.0003\FileCoAuth.exe,C:\Users\taro\AppData\Local\Microsoft\OneDrive\24.040.0225.0003\FileCoAuth.exe,
0x0000000000001640,7,C:\Windows\System32\CompatTelRunner.exe,C:\Windows\System32\CompatTelRunner.exe,
0x0000000000001650,7,C:\Program Files (x86)\Microsoft\EdgeUpdate\MicrosoftEdgeUpdate.exe,C:\Program Files (x86)\Microsoft\EdgeUpdate\MicrosoftEdgeUpdate.exe,
0x0000000000002424,7,C:\Windows\System32\svchost.exe,C:\Windows\System32\svchost.exe,
6480,7,,,\device\harddiskvolume3\windows\system32\svchost.exe
6232,7,,,\device\harddiskvolume3\windows\system32\svchost.exe
0x0000000000001558,7,C:\Windows\Microsoft.NET\Framework64\v4.0.30319\mscorsvw.exe,C:\Windows\Microsoft.NET\Framework64\v4.0.30319\mscorsvw.exe,
0x0000000000002470,7,C:\Users\taro\AppData\Local\Microsoft\OneDrive\24.025.0204.0003\FileCoAuth.exe,C:\Users\taro\AppData\Local\Microsoft\OneDrive\24.025.0204.0003\FileCoAuth.exe,
0x00000000000015b0,7,C:\Windows\System32\conhost.exe,C:\Windows\System32\conhost.exe,
0x00000000000015d0,7,C:\Windows\System32\svchost.exe,C:\Windows\System32\svchost.exe,
0x0000000000001590,7,C:\Windows\Microsoft.NET\Framework\v4.0.30319\ngentask.exe,C:\Windows\System32\backgroundTaskHost.exe,
5748,7,,,\device\harddiskvolume3\windows\system32\svchost.exe
0x0000000000002bf4,7,C:\Windows\System32\RuntimeBroker.exe,C:\Windows\System32\backgroundTaskHost.exe,
0x0000000000002bd4,7,C:\Users\taro\AppData\Local\Microsoft\OneDrive\24.025.0204.0003\FileCoAuth.exe,C:\Users\taro\AppData\Local\Microsoft\OneDrive\24.025.0204.0003\FileCoAuth.exe,
0x0000000000002b7c,7,C:\Program Files\RUXIM\PLUGScheduler.exe,C:\Program Files\RUXIM\PLUGScheduler.exe,
0x0000000000000a8c,7,C:\Windows\System32\svchost.exe,C:\Windows\System32\svchost.exe,
3836,7,,,\device\harddiskvolume3\windows\system32\svchost.exe
10380,7,,,\device\harddiskvolume3\windows\system32\taskhostw.exe
10176,7,,,\device\harddiskvolume3\windows\system32\taskhostw.exe
0x0000000000000b78,7,C:\Windows\System32\CompatTelRunner.exe,C:\Windows\System32\backgroundTaskHost.exe,
0x0000000000000b64,7,C:\Windows\System32\svchost.exe,C:\Windows\System32\svchost.exe,
3892,7,,,
3788,7,,,\device\harddiskvolume3\windows\system32\taskhostw.exe
3608,7,,,
0x0000000000000c88,7,C:\Windows\System32\MoUsoCoreWorker.exe,C:\Windows\System32\MoUsoCoreWorker.exe,
0x0000000000000b9c,7,C:\Users\taro\AppData\Local\Microsoft\OneDrive\24.025.0204.0003\FileCoAuth.exe,C:\Users\taro\AppData\Local\Microsoft\OneDrive\24.025.0204.0003\FileCoAuth.exe,
0x00000000000024e0,7,C:\Users\taro\AppData\Local\Microsoft\OneDrive\24.025.0204.0003\FileCoAuth.exe,C:\Users\taro\AppData\Local\Microsoft\OneDrive\24.025.0204.0003\FileCoAuth.exe,
0x00000000000024c8,7,C:\Windows\System32\svchost.exe,C:\Windows\System32\svchost.exe,
5928,7,,,\device\harddiskvolume3\windows\system32\svchost.exe
0x000000000000257c,7,C:\Windows\System32\svchost.exe,C:\Windows\System32\svchost.exe,
0x0000000000002558,7,C:\Windows\System32\svchost.exe,C:\Windows\System32\svchost.exe,
0x0000000000002560,7,C:\Users\taro\AppData\Local\Microsoft\OneDrive\24.025.0204.0003\FileCoAuth.exe,C:\Users\taro\AppData\Local\Microsoft\OneDrive\24.025.0204.0003\FileCoAuth.exe,
0x00000000000025e4,7,C:\Windows\System32\svchost.exe,C:\Windows\System32\svchost.exe,
0x00000000000025c4,7,C:\Users\taro\AppData\Local\Microsoft\OneDrive\24.025.0204.0003\FileCoAuth.exe,C:\Users\taro\AppData\Local\Microsoft\OneDrive\24.025.0204.0003\FileCoAuth.exe,
0x00000000000014d4,7,C:\Windows\System32\svchost.exe,C:\Windows\System32\svchost.exe,
0x0000000000002624,7,C:\Windows\System32\backgroundTaskHost.exe,C:\Windows\System32\backgroundTaskHost.exe,
0x0000000000002628,7,C:\Windows\System32\gpupdate.exe,C:\Windows\System32\gpupdate.exe,
0x0000000000000874,7,C:\Windows\System32\conhost.exe,C:\Windows\System32\conhost.exe,
0x000000000000081c,7,C:\Windows\System32\conhost.exe,C:\Windows\System32\conhost.exe,
0x00000000000007ec,7,C:\Windows\WinSxS\amd64_microsoft-windows-servicingstack_31bf3856ad364e35_10.0.19041.4163_none_7e304ec47c735f2e\TiWorker.exe,C:\Windows\WinSxS\amd64_microsoft-windows-servicingstack_31bf3856ad364e35_10.0.19041.4163_none_7e304ec47c735f2e\TiWorker.exe,
5576,7,,,\device\harddiskvolume3\windows\system32\taskhostw.exe
0x0000000000002720,7,C:\Windows\System32\svchost.exe,C:\Windows\System32\svchost.exe,
0x00000000000026f0,7,C:\Windows\System32\svchost.exe,C:\Windows\System32\svchost.exe,
0x00000000000026f4,7,C:\Windows\System32\svchost.exe,C:\Windows\System32\svchost.exe,
0x0000000000002738,7,C:\Program Files (x86)\Microsoft\Edge\Application\msedge.exe,C:\Program Files (x86)\Microsoft\Edge\Application\msedge.exe,
0x0000000000002748,7,C:\Windows\System32\svchost.exe,C:\Windows\System32\svchost.exe,
0x0000000000000894,7,C:\Windows\System32\backgroundTaskHost.exe,C:\Windows\System32\backgroundTaskHost.exe,
5240,7,,,
5248,7,,,
5168,7,,,\device\harddiskvolume3\windows\system32\taskhostw.exe
5188,7,,,\device\harddiskvolume3\windows\system32\taskhostw.exe
0x0000000000002818,7,C:\Windows\System32\svchost.exe,C:\Windows\System32\svchost.exe,
0x00000000000027dc,7,C:\Windows\System32\svchost.exe,C:\Windows\System32\svchost.exe,
0x0000000000000a3c,7,C:\Windows\System32\svchost.exe,C:\Windows\System32\svchost.exe,
4776,7,,,\device\harddiskvolume3\windows\system32\svchost.exe
0x0000000000002adc,7,C:\Windows\System32\backgroundTaskHost.exe,C:\Windows\System32\backgroundTaskHost.exe,
0x0000000000002ab8,7,C:\Windows\System32\svchost.exe,C:\Windows\System32\svchost.exe,
0x0000000000002a90,7,C:\Windows\System32\svchost.exe,C:\Windows\System32\svchost.exe,
0x0000000000002ab0,7,C:\Windows\System32\svchost.exe,C:\Windows\System32\svchost.exe,
4224,7,,,\device\harddiskvolume3\windows\system32\svchost.exe
4180,7,,,
4196,7,,,\device\harddiskvolume3\windows\system32\svchost.exe
0x00000000000012a8,7,C:\Windows\System32\svchost.exe,C:\Windows\System32\svchost.exe,
4480,7,,,\device\harddiskvolume3\windows\system32\svchost.exe
4464,7,,,
4344,7,,,
4360,7,,,
4316,7,,,
0x00000000000008f0,7,C:\Users\taro\AppData\Local\Microsoft\OneDrive\24.025.0204.0003\FileCoAuth.exe,C:\Users\taro\AppData\Local\Microsoft\OneDrive\24.025.0204.0003\FileCoAuth.exe,
0x00000000000008c0,7,C:\Windows\System32\svchost.exe,C:\Windows\System32\svchost.exe,
0x000000000000088c,7,C:\Users\taro\AppData\Local\Microsoft\OneDrive\24.025.0204.0003\FileCoAuth.exe,C:\Users\taro\AppData\Local\Microsoft\OneDrive\24.025.0204.0003\FileCoAuth.exe,
0x00000000000028e8,7,C:\Windows\System32\svchost.exe,C:\Windows\System32\svchost.exe,
0x000000000000284c,7,C:\Windows\System32\backgroundTaskHost.exe,C:\Windows\System32\backgroundTaskHost.exe,
0x0000000000001484,7,C:\Program Files (x86)\Microsoft\EdgeUpdate\MicrosoftEdgeUpdate.exe,C:\Program Files (x86)\Microsoft\EdgeUpdate\MicrosoftEdgeUpdate.exe,
0x000000000000145c,7,C:\Program Files (x86)\Microsoft\EdgeUpdate\MicrosoftEdgeUpdate.exe,C:\Program Files (x86)\Microsoft\EdgeUpdate\MicrosoftEdgeUpdate.exe,
0x00000000000013d4,7,C:\Windows\System32\sppsvc.exe,C:\Windows\System32\sppsvc.exe,
0x00000000000013c8,7,C:\Windows\System32\svchost.exe,C:\Windows\System32\svchost.exe,
0x00000000000028dc,7,C:\Program Files (x86)\Microsoft\EdgeUpdate\MicrosoftEdgeUpdate.exe,C:\Program Files (x86)\Microsoft\EdgeUpdate\MicrosoftEdgeUpdate.exe,
0x0000000000000a6c,7,C:\Program Files (x86)\Microsoft\EdgeUpdate\MicrosoftEdgeUpdate.exe,C:\Program Files (x86)\Microsoft\EdgeUpdate\MicrosoftEdgeUpdate.exe,
0x0000000000000a7c,7,C:\Program Files (x86)\Microsoft\EdgeUpdate\MicrosoftEdgeUpdate.exe,C:\Program Files (x86)\Microsoft\EdgeUpdate\MicrosoftEdgeUpdate.exe,
0x0000000000001444,7,C:\Windows\System32\svchost.exe,C:\Windows\System32\svchost.exe,
0x00000000000009b0,7,C:\Users\taro\AppData\Local\Microsoft\OneDrive\24.025.0204.0003\FileCoAuth.exe,C:\Users\taro\AppData\Local\Microsoft\OneDrive\24.025.0204.0003\FileCoAuth.exe,
0x00000000000029b8,7,C:\Windows\System32\svchost.exe,C:\Windows\System32\svchost.exe,
0x0000000000001394,7,C:\Windows\System32\svchost.exe,C:\Windows\System32\svchost.exe,
0x0000000000001354,7,C:\Windows\System32\backgroundTaskHost.exe,C:\Windows\System32\backgroundTaskHost.exe,
0x0000000000001314,7,C:\Program Files (x86)\Microsoft\EdgeUpdate\MicrosoftEdgeUpdate.exe,C:\Program Files (x86)\Microsoft\EdgeUpdate\MicrosoftEdgeUpdate.exe,
0x0000000000002a34,7,C:\Users\taro\AppData\Local\Microsoft\EdgeUpdate\MicrosoftEdgeUpdate.exe,C:\Users\taro\AppData\Local\Microsoft\EdgeUpdate\MicrosoftEdgeUpdate.exe,
0x0000000000002a24,7,C:\Windows\System32\svchost.exe,C:\Windows\System32\svchost.exe,
4700,7,,,\device\harddiskvolume3\windows\system32\svchost.exe
4704,7,,,
4712,7,,,\device\harddiskvolume3\windows\system32\taskhostw.exe
4716,7,,,\device\harddiskvolume3\windows\system32\svchost.exe
0x0000000000000ab4,7,C:\Program Files (x86)\Microsoft\EdgeUpdate\MicrosoftEdgeUpdate.exe,C:\Program Files (x86)\Microsoft\EdgeUpdate\MicrosoftEdgeUpdate.exe,
0x0000000000002a6c,7,C:\Windows\System32\svchost.exe,C:\Windows\System32\svchost.exe,
0x0000000000001954,7,C:\Windows\System32\svchost.exe,C:\Windows\System32\svchost.exe,
0x000000000000192c,7,C:\Windows\System32\svchost.exe,C:\Windows\System32\backgroundTaskHost.exe,
0x0000000000001d98,7,C:\Users\taro\AppData\Local\Microsoft\OneDrive\24.025.0204.0003\FileCoAuth.exe,C:\Users\taro\AppData\Local\Microsoft\OneDrive\24.025.0204.0003\FileCoAuth.exe,
0x0000000000001d28,7,C:\Windows\System32\backgroundTaskHost.exe,C:\Windows\System32\backgroundTaskHost.exe,
0x0000000000001850,7,C:\Program Files (x86)\Microsoft\Edge\Application\msedge.exe,C:\Program Files (x86)\Microsoft\Edge\Application\msedge.exe,
0x0000000000001e8c,7,C:\Windows\System32\svchost.exe,C:\Windows\System32\svchost.exe,
0x0000000000001e58,7,C:\Users\taro\AppData\Local\Microsoft\OneDrive\24.025.0204.0003\FileCoAuth.exe,C:\Users\taro\AppData\Local\Microsoft\OneDrive\24.025.0204.0003\FileCoAuth.exe,
0x00000000000003ac,7,C:\Windows\System32\conhost.exe,C:\Windows\System32\conhost.exe,
0x0000000000001b04,7,C:\Windows\System32\backgroundTaskHost.exe,C:\Windows\System32\backgroundTaskHost.exe,
0x0000000000001ad0,7,C:\Program Files (x86)\Microsoft\EdgeUpdate\MicrosoftEdgeUpdate.exe,C:\Program Files (x86)\Microsoft\EdgeUpdate\MicrosoftEdgeUpdate.exe,
0x0000000000001a98,7,C:\Windows\System32\svchost.exe,C:\Windows\System32\svchost.exe,
0x0000000000001bd8,7,C:\Program Files (x86)\Microsoft\Edge\Application\msedge.exe,C:\Program Files (x86)\Microsoft\Edge\Application\msedge.exe,
0x0000000000001ba0,7,C:\Windows\System32\backgroundTaskHost.exe,C:\Windows\System32\backgroundTaskHost.exe,
0x0000000000001b1c,7,C:\Windows\System32\backgroundTaskHost.exe,C:\Windows\System32\backgroundTaskHost.exe,
8736,7,,,\device\harddiskvolume3\windows\system32\backgroundtaskhost.exe
8756,7,,,\device\harddiskvolume3\windows\system32\svchost.exe
0x0000000000001904,7,C:\Users\taro\AppData\Local\Microsoft\EdgeUpdate\MicrosoftEdgeUpdate.exe,C:\Users\taro\AppData\Local\Microsoft\EdgeUpdate\MicrosoftEdgeUpdate.exe,
0x0000000000001c78,7,C:\Users\taro\AppData\Local\Microsoft\OneDrive\24.025.0204.0003\FileCoAuth.exe,C:\Users\taro\AppData\Local\Microsoft\OneDrive\24.025.0204.0003\FileCoAuth.exe,
0x00000000000002c0,7,C:\Windows\System32\svchost.exe,C:\Windows\System32\svchost.exe,
9092,7,,,\device\harddiskvolume3\windows\system32\svchost.exe
9032,7,,,\device\harddiskvolume3\windows\system32\svchost.exe
9052,7,,,\device\harddiskvolume3\windows\system32\svchost.exe
9256,6,,,\device\harddiskvolume3\program files (x86)\microsoft\edgeupdate\microsoftedgeupdate.exe
9116,6,,,\device\harddiskvolume3\windows\system32\svchost.exe
9184,6,,,\device\harddiskvolume3\windows\system32\svchost.exe
9072,6,,,\device\harddiskvolume3\users\taro\appdata\local\microsoft\onedrive\onedrivestandaloneupdater.exe
9012,6,,,\device\harddiskvolume3\windows\system32\svchost.exe
8816,6,,,\device\harddiskvolume3\windows\system32\svchost.exe
872,6,,,\device\harddiskvolume3\windows\system32\svchost.exe
8652,6,,,\device\harddiskvolume3\windows\system32\svchost.exe
0x0000000000001c4c,6,C:\Windows\System32\svchost.exe,C:\Windows\System32\svchost.exe,
0x0000000000001c14,6,C:\Users\taro\AppData\Local\Microsoft\OneDrive\24.025.0204.0003\FileCoAuth.exe,C:\Users\taro\AppData\Local\Microsoft\OneDrive\24.025.0204.0003\FileCoAuth.exe,
0x0000000000001bb4,6,C:\Users\taro\AppData\Local\Microsoft\EdgeUpdate\MicrosoftEdgeUpdate.exe,C:\Users\taro\AppData\Local\Microsoft\EdgeUpdate\MicrosoftEdgeUpdate.exe,
0x0000000000001b84,6,C:\Users\taro\AppData\Local\Microsoft\OneDrive\24.025.0204.0003\FileCoAuth.exe,C:\Windows\WinSxS\amd64_microsoft-windows-servicingstack_31bf3856ad364e35_10.0.19041.4163_none_7e304ec47c735f2e\TiWorker.exe,
0x0000000000001b64,6,C:\Windows\System32\svchost.exe,C:\Windows\System32\svchost.exe,
0x0000000000001b6c,6,C:\Windows\System32\RuntimeBroker.exe,C:\Windows\System32\RuntimeBroker.exe,
0x0000000000001b28,6,C:\Windows\System32\svchost.exe,C:\Windows\System32\svchost.exe,
0x0000000000001b3c,6,C:\Program Files (x86)\Microsoft\Edge\Application\msedge.exe,C:\Program Files (x86)\Microsoft\Edge\Application\msedge.exe,
0x0000000000001ae4,6,C:\Windows\System32\svchost.exe,C:\Windows\System32\svchost.exe,
0x0000000000001af0,6,C:\Windows\System32\svchost.exe,C:\Windows\System32\svchost.exe,
0x0000000000001af4,6,C:\Windows\System32\svchost.exe,C:\Windows\System32\svchost.exe,
1924,6,,,
852,6,,,
0x0000000000000eac,6,C:\Users\taro\AppData\Local\Microsoft\OneDrive\24.025.0204.0003\FileCoAuth.exe,C:\Users\taro\AppData\Local\Microsoft\OneDrive\24.025.0204.0003\FileCoAuth.exe,
2412,6,,,
2476,6,,,
2328,6,,,\device\harddiskvolume3\windows\system32\svchost.exe
2244,6,,,
2200,6,,,\device\harddiskvolume3\windows\system32\svchost.exe
0x0000000000000f80,6,C:\Users\taro\AppData\Local\Microsoft\EdgeUpdate\MicrosoftEdgeUpdate.exe,C:\Users\taro\AppData\Local\Microsoft\EdgeUpdate\MicrosoftEdgeUpdate.exe,
1508,6,,,\device\harddiskvolume3\windows\system32\svchost.exe
0x0000000000000420,6,C:\Windows\Microsoft.NET\Framework64\v4.0.30319\mscorsvw.exe,C:\Windows\Microsoft.NET\Framework64\v4.0.30319\mscorsvw.exe,
0x0000000000000424,6,C:\Windows\System32\svchost.exe,C:\Windows\System32\svchost.exe,
0x00000000000003e4,6,C:\ProgramData\Microsoft\Windows Defender\Platform\4.18.24020.7-0\MpCmdRun.exe,C:\Windows\System32\backgroundTaskHost.exe,
0x00000000000003bc,6,C:\Users\taro\AppData\Local\Microsoft\OneDrive\24.025.0204.0003\FileCoAuth.exe,C:\Users\taro\AppData\Local\Microsoft\OneDrive\24.025.0204.0003\FileCoAuth.exe,
0x000000000000028c,6,C:\Windows\System32\RuntimeBroker.exe,C:\Windows\System32\RuntimeBroker.exe,
1984,6,,,
1760,6,,,
1664,6,,,\device\harddiskvolume3\windows\system32\svchost.exe
0x0000000000001f80,6,C:\Windows\System32\conhost.exe,C:\Windows\System32\conhost.exe,
0x0000000000001f10,6,C:\Windows\System32\CompatTelRunner.exe,C:\Windows\System32\CompatTelRunner.exe,
0x0000000000001ed4,6,C:\Users\taro\AppData\Local\Microsoft\OneDrive\24.025.0204.0003\FileCoAuth.exe,C:\Users\taro\AppData\Local\Microsoft\OneDrive\24.025.0204.0003\FileCoAuth.exe,
0x0000000000001eec,6,C:\Windows\System32\backgroundTaskHost.exe,C:\Windows\System32\backgroundTaskHost.exe,
0x00000000000018b0,6,C:\Windows\System32\svchost.exe,C:\Windows\System32\svchost.exe,
8616,6,,,\device\harddiskvolume3\windows\system32\backgroundtaskhost.exe
8624,6,,,\device\harddiskvolume3\windows\system32\taskhostw.exe
8636,6,,,\device\harddiskvolume3\windows\system32\sihclient.exe
2972,6,,,\device\harddiskvolume3\windows\system32\taskhostw.exe
2996,6,,,
8100,6,,,\device\harddiskvolume3\windows\system32\svchost.exe
7768,6,,,\device\harddiskvolume3\users\taro\appdata\local\microsoft\onedrive\onedrivestandaloneupdater.exe
0x00000000000017cc,6,C:\Windows\System32\svchost.exe,C:\Windows\System32\svchost.exe,
0x00000000000017b0,6,C:\Windows\System32\svchost.exe,C:\Windows\System32\svchost.exe,
0x0000000000001fd4,6,C:\Users\taro\AppData\Local\Microsoft\OneDrive\24.025.0204.0003\FileCoAuth.exe,C:\Users\taro\AppData\Local\Microsoft\OneDrive\24.025.0204.0003\FileCoAuth.exe,
0x0000000000001fa8,6,C:\Windows\System32\backgroundTaskHost.exe,C:\Windows\System32\backgroundTaskHost.exe,
5364,6,,,
0x0000000000000900,6,C:\Windows\Microsoft.NET\Framework64\v4.0.30319\mscorsvw.exe,C:\Windows\Microsoft.NET\Framework64\v4.0.30319\mscorsvw.exe,
0x0000000000000918,6,C:\Windows\System32\svchost.exe,C:\Windows\System32\svchost.exe,
4544,6,,,\device\harddiskvolume3\windows\system32\svchost.exe
4564,6,,,\device\harddiskvolume3\windows\system32\svchost.exe
4312,6,,,
4268,6,,,
0x00000000000012fc,6,C:\Users\taro\AppData\Local\Microsoft\OneDrive\24.025.0204.0003\FileCoAuth.exe,C:\Users\taro\AppData\Local\Microsoft\OneDrive\24.025.0204.0003\FileCoAuth.exe,
0x00000000000013c0,6,C:\Windows\System32\svchost.exe,C:\Windows\System32\svchost.exe,
0x0000000000002908,6,C:\Users\taro\AppData\Local\Microsoft\OneDrive\24.025.0204.0003\FileCoAuth.exe,C:\Users\taro\AppData\Local\Microsoft\OneDrive\24.025.0204.0003\FileCoAuth.exe,
0x0000000000002854,6,C:\Users\taro\AppData\Local\Microsoft\OneDrive\24.025.0204.0003\FileCoAuth.exe,C:\Users\taro\AppData\Local\Microsoft\OneDrive\24.025.0204.0003\FileCoAuth.exe,
0x0000000000002860,6,C:\Program Files (x86)\Microsoft\Edge\Application\msedge.exe,C:\Program Files (x86)\Microsoft\Edge\Application\msedge.exe,
0x00000000000014bc,6,C:\Program Files (x86)\Microsoft\Edge\Application\msedge.exe,C:\Program Files (x86)\Microsoft\Edge\Application\msedge.exe,
0x000000000000149c,6,C:\Users\taro\AppData\Local\Microsoft\OneDrive\24.025.0204.0003\FileCoAuth.exe,C:\Users\taro\AppData\Local\Microsoft\OneDrive\24.025.0204.0003\FileCoAuth.exe,
5396,6,,,
5356,6,,,
5072,6,,,\device\harddiskvolume3\windows\system32\svchost.exe
4976,6,,,
4940,6,,,\device\harddiskvolume3\windows\system32\taskhostw.exe
4872,6,,,
4888,6,,,\device\harddiskvolume3\windows\system32\svchost.exe
0x00000000000013f4,6,C:\Windows\System32\conhost.exe,C:\Windows\System32\conhost.exe,
0x0000000000001404,6,C:\Windows\Microsoft.NET\Framework64\v4.0.30319\mscorsvw.exe,C:\Windows\Microsoft.NET\Framework64\v4.0.30319\mscorsvw.exe,
0x00000000000013ec,6,C:\Program Files (x86)\Microsoft\EdgeUpdate\MicrosoftEdgeUpdate.exe,C:\Program Files (x86)\Microsoft\EdgeUpdate\MicrosoftEdgeUpdate.exe,
0x0000000000002990,6,C:\Program Files (x86)\Microsoft\EdgeUpdate\MicrosoftEdgeUpdate.exe,C:\Program Files (x86)\Microsoft\EdgeUpdate\MicrosoftEdgeUpdate.exe,
0x0000000000002980,6,C:\Windows\System32\svchost.exe,C:\Windows\System32\svchost.exe,
0x0000000000002944,6,C:\Program Files\RUXIM\PLUGScheduler.exe,C:\Program Files\RUXIM\PLUGScheduler.exe,
5104,6,,,
5136,6,,,\device\harddiskvolume3\windows\system32\sihclient.exe
0x00000000000009c0,6,C:\Windows\System32\svchost.exe,C:\Windows\System32\svchost.exe,
0x00000000000009a0,6,C:\Windows\System32\svchost.exe,C:\Windows\System32\svchost.exe,
0x0000000000000928,6,C:\Program Files\RUXIM\RUXIMICS.exe,C:\Program Files\RUXIM\RUXIMICS.exe,
0x0000000000001540,6,C:\Windows\Microsoft.NET\Framework64\v4.0.30319\mscorsvw.exe,C:\Windows\Microsoft.NET\Framework64\v4.0.30319\mscorsvw.exe,
0x00000000000014d0,6,C:\Windows\System32\backgroundTaskHost.exe,C:\Windows\System32\backgroundTaskHost.exe,
0x0000000000000834,6,C:\Windows\System32\conhost.exe,C:\Windows\System32\conhost.exe,
5584,6,,,\device\harddiskvolume3\windows\system32\taskhostw.exe
5596,6,,,\device\harddiskvolume3\windows\system32\backgroundtaskhost.exe
5504,6,,,
5476,6,,,\device\harddiskvolume3\windows\system32\taskhostw.exe
5420,6,,,\device\harddiskvolume3\windows\system32\svchost.exe
0x000000000000274c,6,C:\Users\taro\AppData\Local\Microsoft\OneDrive\24.025.0204.0003\FileCoAuth.exe,C:\Users\taro\AppData\Local\Microsoft\OneDrive\24.025.0204.0003\FileCoAuth.exe,
0x0000000000002710,6,C:\Program Files (x86)\Microsoft\Edge\Application\msedge.exe,C:\Program Files (x86)\Microsoft\Edge\Application\msedge.exe,
0x000000000000271c,6,C:\Program Files (x86)\Microsoft\EdgeUpdate\MicrosoftEdgeUpdate.exe,C:\Program Files (x86)\Microsoft\EdgeUpdate\MicrosoftEdgeUpdate.exe,
0x0000000000002708,6,C:\Windows\System32\svchost.exe,C:\Windows\System32\svchost.exe,
0x00000000000026bc,6,C:\Users\taro\AppData\Local\Microsoft\OneDrive\24.025.0204.0003\FileCoAuth.exe,C:\Users\taro\AppData\Local\Microsoft\OneDrive\24.025.0204.0003\FileCoAuth.exe,
0x0000000000002698,6,C:\Windows\System32\conhost.exe,C:\Windows\System32\conhost.exe,
0x0000000000002650,6,C:\Users\taro\AppData\Local\Microsoft\OneDrive\24.025.0204.0003\FileCoAuth.exe,C:\Users\taro\AppData\Local\Microsoft\OneDrive\24.025.0204.0003\FileCoAuth.exe,
0x0000000000001530,6,C:\ProgramData\Microsoft\Windows Defender\Platform\4.18.24020.7-0\MpCmdRun.exe,C:\ProgramData\Microsoft\Windows Defender\Platform\4.18.24020.7-0\MpCmdRun.exe,
0x0000000000000a24,6,C:\Users\taro\AppData\Local\Microsoft\OneDrive\24.025.0204.0003\FileCoAuth.exe,C:\Users\taro\AppData\Local\Microsoft\OneDrive\24.025.0204.0003\FileCoAuth.exe,
0x00000000000009ec,6,C:\Windows\System32\svchost.exe,C:\Windows\System32\svchost.exe,
4820,6,,,
4764,6,,,\device\harddiskvolume3\windows\system32\svchost.exe
5244,6,,,\device\harddiskvolume3\windows\system32\svchost.exe
0x00000000000027ac,6,C:\Users\taro\AppData\Local\Microsoft\OneDrive\24.025.0204.0003\FileCoAuth.exe,C:\Users\taro\AppData\Local\Microsoft\OneDrive\24.025.0204.0003\FileCoAuth.exe,
0x00000000000027c0,6,C:\Windows\System32\svchost.exe,C:\Windows\System32\backgroundTaskHost.exe,
0x0000000000002774,6,C:\Windows\System32\svchost.exe,C:\Windows\System32\svchost.exe,
0x0000000000001284,6,C:\Windows\System32\svchost.exe,C:\Windows\System32\CompatTelRunner.exe,
0x0000000000002b60,6,C:\Users\taro\AppData\Local\Microsoft\OneDrive\24.040.0225.0003\FileCoAuth.exe,C:\Users\taro\AppData\Local\Microsoft\OneDrive\24.040.0225.0003\FileCoAuth.exe,
0x0000000000002b04,6,C:\Windows\System32\backgroundTaskHost.exe,C:\Windows\System32\backgroundTaskHost.exe,
0x0000000000002aec,6,C:\Users\taro\AppData\Local\Microsoft\OneDrive\24.025.0204.0003\FileCoAuth.exe,C:\Users\taro\AppData\Local\Microsoft\OneDrive\24.025.0204.0003\FileCoAuth.exe,
0x0000000000002af0,6,C:\Program Files\RUXIM\PLUGScheduler.exe,C:\Program Files\RUXIM\PLUGScheduler.exe,
0x0000000000002a98,6,C:\Users\taro\AppData\Local\Microsoft\OneDrive\24.025.0204.0003\FileCoAuth.exe,C:\Users\taro\AppData\Local\Microsoft\OneDrive\24.025.0204.0003\FileCoAuth.exe,
0x0000000000002a54,6,C:\Windows\System32\AppHostRegistrationVerifier.exe,C:\Windows\System32\AppHostRegistrationVerifier.exe,
0x0000000000000a40,6,C:\Windows\System32\svchost.exe,C:\Windows\System32\svchost.exe,
0x0000000000000b4c,6,C:\Program Files (x86)\Microsoft\EdgeUpdate\MicrosoftEdgeUpdate.exe,C:\Program Files (x86)\Microsoft\EdgeUpdate\MicrosoftEdgeUpdate.exe,
3884,6,,,\device\harddiskvolume3\windows\system32\svchost.exe
0x0000000000000c1c,6,C:\Windows\System32\conhost.exe,C:\Windows\System32\conhost.exe,
10348,6,,,
10096,6,,,\device\harddiskvolume3\windows\system32\svchost.exe
10168,6,,,\device\harddiskvolume3\windows\system32\taskhostw.exe
10016,6,,,\device\harddiskvolume3\windows\system32\svchost.exe
1004,6,,,
5936,6,,,
3560,6,,,\device\harddiskvolume3\windows\system32\svchost.exe
3568,6,,,\device\harddiskvolume3\windows\system32\backgroundtaskhost.exe
0x0000000000000cd8,6,C:\Program Files (x86)\Microsoft\Edge\Application\msedge.exe,C:\Program Files (x86)\Microsoft\Edge\Application\msedge.exe,
0x0000000000000ce8,6,C:\Windows\System32\taskhostw.exe,C:\Windows\System32\taskhostw.exe,
0x0000000000000c78,6,C:\Windows\System32\svchost.exe,C:\Windows\System32\svchost.exe,
0x0000000000000bc4,6,C:\Program Files\WindowsApps\microsoft.windowscommunicationsapps_16005.14326.21830.0_x64__8wekyb3d8bbwe\HxTsr.exe,C:\Program Files\WindowsApps\microsoft.windowscommunicationsapps_16005.14326.21830.0_x64__8wekyb3d8bbwe\HxTsr.exe,
0x0000000000000b70,6,C:\Windows\System32\svchost.exe,C:\Windows\System32\svchost.exe,
0x0000000000002568,6,C:\Windows\System32\conhost.exe,C:\Windows\System32\conhost.exe,
0x0000000000002520,6,C:\Users\taro\AppData\Local\Microsoft\OneDrive\24.025.0204.0003\FileCoAuth.exe,C:\Users\taro\AppData\Local\Microsoft\OneDrive\24.025.0204.0003\FileCoAuth.exe,
0x0000000000002510,6,C:\Windows\System32\svchost.exe,C:\Windows\System32\svchost.exe,
0x0000000000002514,6,C:\Windows\System32\svchost.exe,C:\Windows\System32\svchost.exe,
0x000000000000251c,6,C:\Windows\System32\svchost.exe,C:\Windows\System32\svchost.exe,
0x00000000000024ec,6,C:\Program Files (x86)\Microsoft\Edge\Application\msedge.exe,C:\Program Files (x86)\Microsoft\Edge\Application\msedge.exe,
0x00000000000024c0,6,C:\Users\taro\AppData\Local\Microsoft\OneDrive\24.025.0204.0003\FileCoAuth.exe,C:\Users\taro\AppData\Local\Microsoft\OneDrive\24.025.0204.0003\FileCoAuth.exe,
6000,6,,,
0x00000000000014e4,6,C:\Users\taro\AppData\Local\Microsoft\OneDrive\24.025.0204.0003\FileCoAuth.exe,C:\Users\taro\AppData\Local\Microsoft\OneDrive\24.025.0204.0003\FileCoAuth.exe,
0x00000000000025d4,6,C:\Windows\System32\RuntimeBroker.exe,C:\Windows\System32\RuntimeBroker.exe,
0x00000000000025a0,6,C:\Program Files (x86)\Microsoft\EdgeUpdate\MicrosoftEdgeUpdate.exe,C:\Program Files (x86)\Microsoft\EdgeUpdate\MicrosoftEdgeUpdate.exe,
0x00000000000025b0,6,C:\Windows\System32\backgroundTaskHost.exe,C:\Windows\System32\backgroundTaskHost.exe,
0x00000000000025b4,6,C:\Users\taro\AppData\Local\Microsoft\OneDrive\24.025.0204.0003\FileCoAuth.exe,C:\Users\taro\AppData\Local\Microsoft\OneDrive\24.025.0204.0003\FileCoAuth.exe,
0x00000000000025b8,6,C:\Windows\System32\svchost.exe,C:\Windows\System32\svchost.exe,
0x0000000000002570,6,C:\Users\taro\AppData\Local\Microsoft\OneDrive\24.025.0204.0003\FileCoAuth.exe,C:\Users\taro\AppData\Local\Microsoft\OneDrive\24.025.0204.0003\FileCoAuth.exe,
0x0000000000002588,6,C:\Users\taro\AppData\Local\Microsoft\EdgeUpdate\MicrosoftEdgeUpdate.exe,C:\Windows\System32\svchost.exe,
6288,6,,,\device\harddiskvolume3\windows\system32\svchost.exe
6192,6,,,
6128,6,,,\device\harddiskvolume3\windows\system32\svchost.exe
6068,6,,,\device\harddiskvolume3\windows\system32\svchost.exe
0x00000000000007bc,6,C:\Windows\System32\svchost.exe,C:\Windows\System32\svchost.exe,
0x0000000000000784,6,C:\Windows\System32\conhost.exe,C:\Windows\System32\conhost.exe,
0x0000000000001630,6,C:\Windows\Microsoft.NET\Framework\v4.0.30319\mscorsvw.exe,C:\Windows\Microsoft.NET\Framework\v4.0.30319\mscorsvw.exe,
0x00000000000023c4,6,C:\Windows\System32\backgroundTaskHost.exe,C:\Windows\System32\backgroundTaskHost.exe,
0x000000000000249c,6,C:\Program Files (x86)\Microsoft\Edge\Application\msedge.exe,C:\Program Files (x86)\Microsoft\Edge\Application\msedge.exe,
0x000000000000246c,6,C:\Users\taro\AppData\Local\Microsoft\OneDrive\24.025.0204.0003\FileCoAuth.exe,C:\Users\taro\AppData\Local\Microsoft\OneDrive\24.025.0204.0003\FileCoAuth.exe,
0x0000000000002428,6,C:\Program Files (x86)\Microsoft\EdgeUpdate\MicrosoftEdgeUpdate.exe,C:\Program Files (x86)\Microsoft\EdgeUpdate\MicrosoftEdgeUpdate.exe,
0x0000000000002430,6,C:\Windows\System32\conhost.exe,C:\Windows\System32\conhost.exe,
0x0000000000002444,6,C:\Windows\System32\svchost.exe,C:\Windows\System32\svchost.exe,
0x000000000000163c,6,C:\Windows\System32\backgroundTaskHost.exe,C:\Windows\System32\backgroundTaskHost.exe,
6500,6,,,\device\harddiskvolume3\windows\system32\taskhostw.exe
6344,6,,,\device\harddiskvolume3\windows\system32\svchost.exe
0x00000000000024b0,6,C:\Windows\System32\svchost.exe,C:\Windows\System32\svchost.exe,
0x00000000000024b8,6,C:\Users\taro\AppData\Local\Microsoft\OneDrive\24.025.0204.0003\FileCoAuth.exe,C:\Users\taro\AppData\Local\Microsoft\OneDrive\24.025.0204.0003\FileCoAuth.exe,
0x00000000000015b4,6,C:\Windows\Microsoft.NET\Framework64\v4.0.30319\mscorsvw.exe,C:\Windows\Microsoft.NET\Framework64\v4.0.30319\mscorsvw.exe,
0x00000000000015c8,6,C:\Program Files (x86)\Microsoft\EdgeUpdate\MicrosoftEdgeUpdate.exe,C:\Windows\System32\taskhostw.exe,
0x0000000000001574,6,C:\Users\taro\AppData\Local\Microsoft\OneDrive\24.025.0204.0003\FileCoAuth.exe,C:\Users\taro\AppData\Local\Microsoft\OneDrive\24.025.0204.0003\FileCoAuth.exe,
0x000000000000157c,6,C:\Program Files (x86)\Microsoft\EdgeUpdate\MicrosoftEdgeUpdate.exe,C:\Program Files (x86)\Microsoft\EdgeUpdate\MicrosoftEdgeUpdate.exe,
0x000000000000158c,6,C:\ProgramData\Microsoft\Windows Defender\Platform\4.18.24020.7-0\MpCmdRun.exe,C:\ProgramData\Microsoft\Windows Defender\Platform\4.18.24020.7-0\MpCmdRun.exe,
0x0000000000002490,6,C:\Users\taro\AppData\Local\Microsoft\EdgeUpdate\MicrosoftEdgeUpdate.exe,C:\Users\taro\AppData\Local\Microsoft\EdgeUpdate\MicrosoftEdgeUpdate.exe,
0x0000000000002bc8,6,C:\Windows\System32\svchost.exe,C:\Windows\System32\svchost.exe,
0x0000000000002ba8,6,C:\Windows\System32\svchost.exe,C:\Windows\System32\svchost.exe,
0x0000000000000a90,6,C:\Windows\System32\svchost.exe,C:\Windows\System32\svchost.exe,
5804,6,,,
5832,6,,,\device\harddiskvolume3\windows\system32\svchost.exe
5792,6,,,\device\harddiskvolume3\windows\system32\backgroundtaskhost.exe
5664,6,,,\device\harddiskvolume3\windows\system32\svchost.exe
0x00000000000024a8,6,C:\Windows\System32\svchost.exe,C:\Windows\System32\svchost.exe,
0x00000000000011b4,6,C:\Windows\System32\svchost.exe,C:\Windows\System32\svchost.exe,
0x00000000000011c0,6,C:\Windows\System32\conhost.exe,C:\Windows\System32\wevtutil.exe,
0x000000000000118c,6,C:\Windows\System32\gpupdate.exe,C:\Windows\System32\gpupdate.exe,
0x000000000000113c,6,C:\Users\taro\AppData\Local\Microsoft\OneDrive\24.025.0204.0003\FileCoAuth.exe,C:\Users\taro\AppData\Local\Microsoft\OneDrive\24.025.0204.0003\FileCoAuth.exe,
0x0000000000001158,6,C:\Program Files (x86)\Microsoft\EdgeUpdate\MicrosoftEdgeUpdate.exe,C:\Program Files (x86)\Microsoft\EdgeUpdate\MicrosoftEdgeUpdate.exe,
10728,6,,,\device\harddiskvolume3\windows\system32\sppextcomobj.exe
10648,6,,,\device\harddiskvolume3\windows\system32\sihclient.exe
10584,6,,,\device\harddiskvolume3\windows\system32\svchost.exe
3356,6,,,
3368,6,,,\device\harddiskvolume3\windows\system32\svchost.exe
3392,6,,,\device\harddiskvolume3\windows\system32\svchost.exe
3280,6,,,
3184,6,,,\device\harddiskvolume3\windows\system32\svchost.exe
3240,6,,,
3088,6,,,\device\harddiskvolume3\windows\system32\svchost.exe
3092,6,,,
0x00000000000016ec,6,C:\Program Files (x86)\Microsoft\EdgeUpdate\MicrosoftEdgeUpdate.exe,C:\Program Files (x86)\Microsoft\EdgeUpdate\MicrosoftEdgeUpdate.exe,
7072,6,,,\device\harddiskvolume3\windows\system32\backgroundtaskhost.exe
6996,6,,,\device\harddiskvolume3\windows\system32\backgroundtaskhost.exe
6952,6,,,\device\harddiskvolume3\windows\system32\svchost.exe
6848,6,,,\device\harddiskvolume3\windows\system32\backgroundtaskhost.exe
6884,6,,,\device\harddiskvolume3\windows\system32\taskhostw.exe
6736,6,,,\device\harddiskvolume3\windows\system32\svchost.exe
2876,6,,,
0x0000000000002364,6,C:\Windows\System32\backgroundTaskHost.exe,C:\Windows\System32\backgroundTaskHost.exe,
0x0000000000002370,6,C:\ProgramData\Microsoft\Windows Defender\Platform\4.18.24010.12-0\MpCmdRun.exe,C:\ProgramData\Microsoft\Windows Defender\Platform\4.18.24010.12-0\MpCmdRun.exe,
0x0000000000002384,6,C:\Windows\System32\svchost.exe,C:\Windows\System32\svchost.exe,
0x000000000000234c,6,C:\Users\taro\AppData\Local\Microsoft\OneDrive\24.025.0204.0003\FileCoAuth.exe,C:\Users\taro\AppData\Local\Microsoft\OneDrive\24.025.0204.0003\FileCoAuth.exe,
0x00000000000022c4,6,C:\Windows\System32\svchost.exe,C:\Windows\System32\svchost.exe,
0x00000000000022a0,6,C:\Windows\System32\RuntimeBroker.exe,C:\Windows\System32\RuntimeBroker.exe,
0x00000000000022a4,6,C:\Users\taro\AppData\Local\Microsoft\OneDrive\24.025.0204.0003\FileCoAuth.exe,C:\Users\taro\AppData\Local\Microsoft\OneDrive\24.025.0204.0003\FileCoAuth.exe,
0x0000000000002278,6,C:\Windows\Microsoft.NET\Framework64\v4.0.30319\ngen.exe,C:\Windows\Microsoft.NET\Framework64\v4.0.30319\ngen.exe,
740,6,,,
724,6,,,\device\harddiskvolume3\windows\system32\svchost.exe
7264,6,,,\device\harddiskvolume3\windows\system32\backgroundtaskhost.exe
0x0000000000000634,6,C:\Users\taro\AppData\Local\Microsoft\OneDrive\24.025.0204.0003\FileCoAuth.exe,C:\Users\taro\AppData\Local\Microsoft\OneDrive\24.025.0204.0003\FileCoAuth.exe,
0x0000000000000658,6,C:\Windows\System32\svchost.exe,C:\Windows\System32\svchost.exe,
0x0000000000001730,6,C:\Windows\Microsoft.NET\Framework\v4.0.30319\mscorsvw.exe,C:\Windows\Microsoft.NET\Framework\v4.0.30319\mscorsvw.exe,
0x000000000000173c,6,C:\Windows\System32\svchost.exe,C:\Windows\System32\svchost.exe,
0x000000000000210c,6,C:\Program Files (x86)\Microsoft\EdgeUpdate\MicrosoftEdgeUpdate.exe,C:\Program Files (x86)\Microsoft\EdgeUpdate\MicrosoftEdgeUpdate.exe,
0x0000000000001764,6,C:\Windows\System32\svchost.exe,C:\Windows\System32\svchost.exe,
0x0000000000001740,6,C:\Users\taro\AppData\Local\Microsoft\EdgeUpdate\MicrosoftEdgeUpdate.exe,C:\Users\taro\AppData\Local\Microsoft\EdgeUpdate\MicrosoftEdgeUpdate.exe,
7788,6,,,\device\harddiskvolume3\windows\system32\svchost.exe
7532,6,,,\device\harddiskvolume3\windows\system32\svchost.exe
7536,6,,,\device\harddiskvolume3\windows\system32\svchost.exe
7412,6,,,\device\harddiskvolume3\windows\system32\svchost.exe
7448,6,,,\device\harddiskvolume3\windows\system32\svchost.exe
7476,6,,,\device\harddiskvolume3\windows\system32\svchost.exe
0x0000000000002234,6,C:\Windows\System32\conhost.exe,C:\Windows\System32\conhost.exe,
0x000000000000223c,6,C:\Program Files (x86)\Microsoft\EdgeUpdate\MicrosoftEdgeUpdate.exe,C:\Program Files (x86)\Microsoft\EdgeUpdate\MicrosoftEdgeUpdate.exe,
0x00000000000021f8,6,C:\Users\taro\AppData\Local\Microsoft\EdgeUpdate\MicrosoftEdgeUpdate.exe,C:\Users\taro\AppData\Local\Microsoft\EdgeUpdate\MicrosoftEdgeUpdate.exe,
0x000000000000220c,6,C:\Windows\System32\svchost.exe,C:\Windows\System32\svchost.exe,
0x0000000000002198,6,C:\Windows\System32\MusNotification.exe,C:\Windows\System32\MusNotification.exe,
0x0000000000002178,6,C:\Users\taro\AppData\Local\Microsoft\OneDrive\24.025.0204.0003\FileCoAuth.exe,C:\Users\taro\AppData\Local\Microsoft\OneDrive\24.025.0204.0003\FileCoAuth.exe,
0x000000000000218c,6,C:\Program Files (x86)\Microsoft\Edge\Application\msedge.exe,C:\Windows\System32\svchost.exe,
0x0000000000002130,6,C:\Users\taro\AppData\Local\Microsoft\EdgeUpdate\MicrosoftEdgeUpdate.exe,C:\Windows\System32\svchost.exe,
10548,6,,,\device\harddiskvolume3\windows\system32\svchost.exe
0x000000000000125c,6,C:\Windows\System32\svchost.exe,C:\Windows\System32\svchost.exe,
3748,6,,,\device\harddiskvolume3\windows\system32\svchost.exe
3656,6,,,\device\harddiskvolume3\windows\system32\backgroundtaskhost.exe
3668,6,,,\device\harddiskvolume3\windows\system32\svchost.exe
6692,6,,,\device\harddiskvolume3\windows\system32\sppextcomobj.exe
0x0000000000000680,6,C:\Windows\System32\conhost.exe,C:\Windows\System32\svchost.exe,
0x0000000000000690,6,C:\Windows\System32\conhost.exe,C:\Windows\System32\conhost.exe,
11120,6,,,\device\harddiskvolume3\windows\system32\svchost.exe
11016,6,,,\device\harddiskvolume3\windows\system32\backgroundtaskhost.exe
10792,6,,,
1080,6,,,
3116,6,,,
0x0000000000000dac,6,C:\Program Files (x86)\Microsoft\Edge\Application\msedge.exe,C:\Program Files (x86)\Microsoft\Edge\Application\msedge.exe,
0x0000000000000d60,6,C:\Users\taro\AppData\Local\Microsoft\OneDrive\24.025.0204.0003\FileCoAuth.exe,C:\Users\taro\AppData\Local\Microsoft\OneDrive\24.025.0204.0003\FileCoAuth.exe,
0x0000000000000d68,6,C:\Windows\System32\sppsvc.exe,C:\Windows\System32\sppsvc.exe,
0x0000000000000f1c,6,C:\Windows\System32\conhost.exe,C:\Windows\System32\conhost.exe,
0x0000000000000f28,6,C:\Program Files (x86)\Microsoft\EdgeUpdate\MicrosoftEdgeUpdate.exe,C:\Windows\System32\taskhostw.exe,
0x0000000000001114,6,C:\Windows\Microsoft.NET\Framework64\v4.0.30319\mscorsvw.exe,C:\Windows\Microsoft.NET\Framework64\v4.0.30319\mscorsvw.exe,
0x0000000000001128,6,C:\Windows\System32\PING.EXE,C:\Windows\System32\PING.EXE,
0x000000000000112c,6,C:\Users\taro\AppData\Local\Microsoft\OneDrive\24.025.0204.0003\FileCoAuth.exe,C:\Users\taro\AppData\Local\Microsoft\OneDrive\24.025.0204.0003\FileCoAuth.exe,
0x0000000000001108,6,C:\Windows\System32\CompatTelRunner.exe,C:\Windows\System32\CompatTelRunner.exe,
0x00000000000010cc,6,C:\Users\taro\AppData\Local\Microsoft\OneDrive\24.025.0204.0003\FileCoAuth.exe,C:\Users\taro\AppData\Local\Microsoft\OneDrive\24.025.0204.0003\FileCoAuth.exe,
11100,6,,,\device\harddiskvolume3\users\taro\appdata\local\microsoft\edgeupdate\microsoftedgeupdate.exe
8144,6,,,\device\harddiskvolume3\windows\system32\backgroundtaskhost.exe
0x0000000000000e18,6,C:\Windows\Microsoft.NET\Framework64\v4.0.30319\mscorsvw.exe,C:\Windows\Microsoft.NET\Framework64\v4.0.30319\mscorsvw.exe,
264,6,,,
2560,6,,,\device\harddiskvolume3\windows\system32\svchost.exe
2584,6,,,
2612,6,,,\device\harddiskvolume3\windows\system32\svchost.exe
2620,6,,,
2540,6,,,
0x00000000000020d8,6,C:\Program Files (x86)\Microsoft\Edge\Application\msedge.exe,C:\Program Files (x86)\Microsoft\Edge\Application\msedge.exe,
0x00000000000020b0,6,C:\Program Files (x86)\Microsoft\EdgeUpdate\MicrosoftEdgeUpdate.exe,C:\Program Files (x86)\Microsoft\EdgeUpdate\MicrosoftEdgeUpdate.exe,
0x00000000000017f0,6,C:\Windows\System32\backgroundTaskHost.exe,C:\Windows\System32\wevtutil.exe,
0x0000000000000478,6,C:\Windows\System32\svchost.exe,C:\Windows\System32\svchost.exe,
8276,6,,,\device\harddiskvolume3\windows\system32\svchost.exe
8244,6,,,\device\harddiskvolume3\windows\system32\svchost.exe
8248,6,,,\device\harddiskvolume3\windows\system32\svchost.exe
8140,6,,,\device\harddiskvolume3\windows\system32\svchost.exe
9916,6,,,\device\harddiskvolume3\windows\system32\svchost.exe
0x0000000000000140,6,C:\Program Files (x86)\Microsoft\EdgeUpdate\MicrosoftEdgeUpdate.exe,C:\Program Files (x86)\Microsoft\EdgeUpdate\MicrosoftEdgeUpdate.exe,
0x000000000000015c,6,C:\Users\taro\AppData\Local\Microsoft\EdgeUpdate\MicrosoftEdgeUpdate.exe,C:\Users\taro\AppData\Local\Microsoft\EdgeUpdate\MicrosoftEdgeUpdate.exe,
0x000000000000017c,6,C:\Windows\System32\svchost.exe,C:\Windows\System32\svchost.exe,
0x0000000000000070,6,C:\Users\taro\AppData\Local\Microsoft\OneDrive\24.025.0204.0003\FileCoAuth.exe,C:\Users\taro\AppData\Local\Microsoft\OneDrive\24.025.0204.0003\FileCoAuth.exe,
0x0000000000000f54,6,C:\Users\taro\AppData\Local\Microsoft\OneDrive\24.025.0204.0003\FileCoAuth.exe,C:\Users\taro\AppData\Local\Microsoft\OneDrive\24.025.0204.0003\FileCoAuth.exe,
2052,6,,,\device\harddiskvolume3\windows\system32\svchost.exe
8496,6,,,\device\harddiskvolume3\windows\system32\svchost.exe
0x0000000000000304,6,C:\Windows\System32\svchost.exe,C:\Windows\System32\svchost.exe,
0x000000000000030c,6,C:\Windows\System32\sppsvc.exe,C:\Windows\System32\sppsvc.exe,
0x00000000000019dc,6,C:\Windows\System32\svchost.exe,C:\Windows\System32\svchost.exe,
0x0000000000001a8c,6,C:\Program Files (x86)\Microsoft\EdgeUpdate\1.3.185.21\MicrosoftEdgeUpdateComRegisterShell64.exe,C:\Program Files (x86)\Microsoft\EdgeUpdate\1.3.185.21\MicrosoftEdgeUpdateComRegisterShell64.exe,
0x0000000000001a6c,6,C:\Windows\System32\conhost.exe,C:\Windows\System32\conhost.exe,
0x0000000000001a0c,6,C:\Windows\System32\svchost.exe,C:\Windows\System32\svchost.exe,
9928,6,,,\device\harddiskvolume3\windows\system32\svchost.exe
9912,6,,,\device\harddiskvolume3\windows\system32\taskhostw.exe
9452,6,,,\device\harddiskvolume3\windows\system32\svchost.exe
9396,6,,,\device\harddiskvolume3\windows\system32\svchost.exe
940,6,,,\device\harddiskvolume3\windows\system32\svchost.exe
9436,6,,,\device\harddiskvolume3\windows\system32\svchost.exe
9348,6,,,\device\harddiskvolume3\windows\system32\svchost.exe
9356,6,,,\device\harddiskvolume3\windows\system32\svchost.exe
9284,6,,,\device\harddiskvolume3\windows\system32\taskhostw.exe
0x000000000000026c,6,C:\Windows\System32\winlogon.exe,Advapi,
0x0000000000000ff8,6,C:\Windows\Microsoft.NET\Framework\v4.0.30319\mscorsvw.exe,C:\Windows\Microsoft.NET\Framework\v4.0.30319\mscorsvw.exe,
0x000000000000101c,6,C:\Program Files (x86)\Microsoft\EdgeUpdate\MicrosoftEdgeUpdate.exe,C:\Program Files (x86)\Microsoft\EdgeUpdate\MicrosoftEdgeUpdate.exe,
1336,6,,,\device\harddiskvolume3\windows\system32\svchost.exe
1348,6,,,\device\harddiskvolume3\windows\system32\sihclient.exe
1308,6,,,\device\harddiskvolume3\windows\system32\taskhostw.exe
1312,6,,,
1164,6,,,
1236,6,,,
0x0000000000001358,6,C:\Windows\System32\svchost.exe,C:\Windows\System32\svchost.exe,
0x0000000000002a20,6,C:\Users\taro\AppData\Local\Microsoft\EdgeUpdate\MicrosoftEdgeUpdate.exe,C:\Users\taro\AppData\Local\Microsoft\EdgeUpdate\MicrosoftEdgeUpdate.exe,
0x0000000000002a28,6,C:\Users\taro\AppData\Local\Microsoft\OneDrive\24.025.0204.0003\FileCoAuth.exe,C:\Users\taro\AppData\Local\Microsoft\OneDrive\24.025.0204.0003\FileCoAuth.exe,
0x0000000000002a04,6,C:\Windows\System32\conhost.exe,C:\Windows\System32\conhost.exe,
0x00000000000029cc,6,C:\Windows\System32\svchost.exe,C:\Windows\System32\svchost.exe,
0x00000000000029d4,6,C:\Users\taro\AppData\Local\Microsoft\OneDrive\24.025.0204.0003\FileCoAuth.exe,C:\Users\taro\AppData\Local\Microsoft\OneDrive\24.025.0204.0003\FileCoAuth.exe,
0x00000000000029c0,6,C:\Program Files (x86)\Microsoft\EdgeUpdate\MicrosoftEdgeUpdate.exe,C:\Program Files (x86)\Microsoft\EdgeUpdate\MicrosoftEdgeUpdate.exe,
0x00000000000029c4,6,C:\Users\taro\AppData\Local\Microsoft\EdgeUpdate\MicrosoftEdgeUpdate.exe,C:\Users\taro\AppData\Local\Microsoft\EdgeUpdate\MicrosoftEdgeUpdate.exe,
0x0000000000001ce8,6,C:\Users\taro\AppData\Local\Microsoft\EdgeUpdate\MicrosoftEdgeUpdate.exe,C:\Users\taro\AppData\Local\Microsoft\EdgeUpdate\MicrosoftEdgeUpdate.exe,
0x0000000000001c84,6,C:\Program Files (x86)\Microsoft\EdgeUpdate\MicrosoftEdgeUpdate.exe,C:\Program Files (x86)\Microsoft\EdgeUpdate\MicrosoftEdgeUpdate.exe,
0x0000000000001950,6,C:\Windows\System32\svchost.exe,C:\Windows\System32\svchost.exe,
0x0000000000001920,6,C:\Windows\System32\backgroundTaskHost.exe,C:\Windows\System32\backgroundTaskHost.exe,
0x0000000000001a9c,6,C:\Windows\System32\svchost.exe,C:\Windows\System32\svchost.exe,
4684,6,,,\device\harddiskvolume3\program files (x86)\microsoft\edgeupdate\microsoftedgeupdate.exe
0x0000000000000ae8,6,C:\Users\taro\AppData\Local\Microsoft\OneDrive\24.025.0204.0003\FileCoAuth.exe,C:\Users\taro\AppData\Local\Microsoft\OneDrive\24.025.0204.0003\FileCoAuth.exe,
0x0000000000001368,6,C:\Program Files (x86)\Microsoft\Edge\Application\msedge.exe,C:\Windows\System32\backgroundTaskHost.exe,
0x0000000000001dd4,6,C:\Windows\System32\svchost.exe,C:\Windows\System32\svchost.exe,
0x0000000000001d90,6,C:\Program Files\RUXIM\PLUGScheduler.exe,C:\Program Files\RUXIM\PLUGScheduler.exe,
0x0000000000001d70,6,C:\Windows\System32\svchost.exe,C:\Windows\System32\svchost.exe,
0x0000000000001d38,6,C:\Windows\System32\backgroundTaskHost.exe,C:\Windows\System32\backgroundTaskHost.exe,
0x0000000000001d44,6,C:\Program Files (x86)\Microsoft\Edge\Application\msedge.exe,C:\Program Files (x86)\Microsoft\Edge\Application\msedge.exe,
0x0000000000001d54,6,C:\Windows\System32\CompatTelRunner.exe,C:\Windows\System32\wevtutil.exe,
0x0000000000001d0c,6,C:\Users\taro\AppData\Local\Microsoft\OneDrive\24.025.0204.0003\FileCoAuth.exe,C:\Users\taro\AppData\Local\Microsoft\OneDrive\24.025.0204.0003\FileCoAuth.exe,
0x0000000000001ce0,6,C:\Windows\System32\RuntimeBroker.exe,C:\Windows\System32\backgroundTaskHost.exe,
8376,6,,,\device\harddiskvolume3\windows\system32\svchost.exe
8424,6,,,\device\harddiskvolume3\windows\system32\svchost.exe
8432,6,,,\device\harddiskvolume3\windows\system32\svchost.exe
8340,6,,,\device\harddiskvolume3\windows\system32\svchost.exe
0x0000000000001e80,6,C:\Users\taro\AppData\Local\Microsoft\OneDrive\24.025.0204.0003\FileCoAuth.exe,C:\Users\taro\AppData\Local\Microsoft\OneDrive\24.025.0204.0003\FileCoAuth.exe,
0x0000000000001df8,6,C:\Program Files (x86)\Microsoft\EdgeUpdate\MicrosoftEdgeUpdate.exe,C:\Windows\System32\backgroundTaskHost.exe,
0x0000000000001e00,6,C:\Users\taro\AppData\Local\Microsoft\OneDrive\24.025.0204.0003\FileCoAuth.exe,C:\Users\taro\AppData\Local\Microsoft\OneDrive\24.025.0204.0003\FileCoAuth.exe,
0x0000000000001dc8,6,C:\Program Files (x86)\Microsoft\EdgeUpdate\MicrosoftEdgeUpdate.exe,C:\Program Files (x86)\Microsoft\EdgeUpdate\MicrosoftEdgeUpdate.exe,
0x0000000000001a78,5,C:\Windows\System32\svchost.exe,C:\Windows\System32\svchost.exe,
0x00000000000009ac,5,C:\Windows\System32\svchost.exe,C:\Windows\System32\svchost.exe,
0x00000000000019e4,5,C:\Program Files (x86)\Microsoft\Edge\Application\msedge.exe,C:\Program Files (x86)\Microsoft\Edge\Application\msedge.exe,
0x00000000000001a4,5,C:\Users\taro\AppData\Local\Microsoft\EdgeUpdate\MicrosoftEdgeUpdate.exe,C:\Users\taro\AppData\Local\Microsoft\EdgeUpdate\MicrosoftEdgeUpdate.exe,
0x00000000000019c0,5,C:\Program Files (x86)\Microsoft\EdgeUpdate\MicrosoftEdgeUpdate.exe,C:\Windows\System32\taskhostw.exe,
0x0000000000001ac0,5,C:\Users\taro\AppData\Local\Microsoft\OneDrive\24.040.0225.0003\FileCoAuth.exe,C:\Users\taro\AppData\Local\Microsoft\OneDrive\24.040.0225.0003\FileCoAuth.exe,
9648,5,,,\device\harddiskvolume3\windows\system32\backgroundtaskhost.exe
9488,5,,,\device\harddiskvolume3\windows\system32\svchost.exe
0x000000000000197c,5,C:\Windows\System32\svchost.exe,C:\Windows\System32\svchost.exe,
6592,5,,,\device\harddiskvolume3\windows\system32\taskhostw.exe
6740,5,,,\device\harddiskvolume3\windows\system32\taskhostw.exe
0x0000000000001978,5,C:\Program Files (x86)\Microsoft\Edge\Application\msedge.exe,C:\Program Files (x86)\Microsoft\Edge\Application\msedge.exe,
0x0000000000001a60,5,C:\Windows\System32\RuntimeBroker.exe,C:\Windows\System32\RuntimeBroker.exe,
0x0000000000001a44,5,C:\Users\taro\AppData\Local\Microsoft\OneDrive\24.025.0204.0003\FileCoAuth.exe,C:\Users\taro\AppData\Local\Microsoft\OneDrive\24.025.0204.0003\FileCoAuth.exe,
0x0000000000001964,5,C:\Windows\System32\svchost.exe,C:\Windows\System32\svchost.exe,
10964,5,,,\device\harddiskvolume3\users\taro\appdata\local\programs\python\python311\python.exe
0x0000000000001a30,5,C:\Windows\System32\svchost.exe,C:\Windows\System32\svchost.exe,
0x0000000000001a34,5,C:\Users\taro\AppData\Local\Microsoft\OneDrive\24.025.0204.0003\FileCoAuth.exe,C:\Users\taro\AppData\Local\Microsoft\OneDrive\24.025.0204.0003\FileCoAuth.exe,
0x0000000000002648,5,C:\Windows\System32\backgroundTaskHost.exe,C:\Windows\System32\backgroundTaskHost.exe,
0x0000000000001a18,5,C:\Users\taro\AppData\Local\Microsoft\EdgeUpdate\MicrosoftEdgeUpdate.exe,C:\Users\taro\AppData\Local\Microsoft\EdgeUpdate\MicrosoftEdgeUpdate.exe,
5204,5,,,\device\harddiskvolume3\windows\system32\taskhostw.exe
0x0000000000002614,5,C:\Users\taro\AppData\Local\Microsoft\EdgeUpdate\MicrosoftEdgeUpdate.exe,C:\Users\taro\AppData\Local\Microsoft\EdgeUpdate\MicrosoftEdgeUpdate.exe,
0x0000000000002620,5,C:\Windows\System32\svchost.exe,C:\Windows\System32\svchost.exe,
0x00000000000025d0,5,C:\Windows\System32\dllhost.exe,C:\Windows\System32\dllhost.exe,
0x00000000000025dc,5,C:\Users\taro\AppData\Local\Microsoft\OneDrive\24.025.0204.0003\FileCoAuth.exe,C:\Users\taro\AppData\Local\Microsoft\OneDrive\24.025.0204.0003\FileCoAuth.exe,
0x0000000000000614,5,C:\Windows\SoftwareDistribution\Download\Install\AM_Delta_Patch_1.407.426.0.exe,C:\Windows\SoftwareDistribution\Download\Install\AM_Delta_Patch_1.407.426.0.exe,
0x0000000000001234,5,C:\Program Files (x86)\Microsoft\EdgeUpdate\MicrosoftEdgeUpdate.exe,C:\Program Files (x86)\Microsoft\EdgeUpdate\MicrosoftEdgeUpdate.exe,
0x0000000000001240,5,C:\Windows\System32\backgroundTaskHost.exe,C:\Windows\System32\backgroundTaskHost.exe,
0x0000000000001104,5,C:\Windows\System32\svchost.exe,C:\Windows\System32\svchost.exe,
0x0000000000001908,5,C:\Users\taro\AppData\Local\Microsoft\OneDrive\24.025.0204.0003\FileCoAuth.exe,C:\Users\taro\AppData\Local\Microsoft\OneDrive\24.025.0204.0003\FileCoAuth.exe,
0x0000000000001bf8,5,C:\Windows\System32\svchost.exe,C:\Windows\System32\svchost.exe,
0x00000000000010a4,5,C:\Users\taro\AppData\Local\Microsoft\OneDrive\24.025.0204.0003\FileCoAuth.exe,C:\Windows\System32\svchost.exe,
1540,5,,,\device\harddiskvolume3\windows\system32\backgroundtaskhost.exe
0x000000000000074c,5,C:\Windows\Microsoft.NET\Framework64\v4.0.30319\mscorsvw.exe,C:\Windows\Microsoft.NET\Framework64\v4.0.30319\mscorsvw.exe,
0x000000000000272c,5,C:\Windows\System32\svchost.exe,C:\Windows\System32\svchost.exe,
0x0000000000001c40,5,C:\Users\taro\AppData\Local\Microsoft\OneDrive\24.025.0204.0003\FileCoAuth.exe,C:\Users\taro\AppData\Local\Microsoft\OneDrive\24.025.0204.0003\FileCoAuth.exe,
0x000000000000058c,5,C:\Program Files (x86)\Microsoft\EdgeUpdate\MicrosoftEdgeUpdate.exe,C:\Program Files (x86)\Microsoft\EdgeUpdate\MicrosoftEdgeUpdate.exe,
0x0000000000000770,5,C:\Windows\System32\conhost.exe,C:\Windows\System32\conhost.exe,
0x0000000000002794,5,C:\Windows\System32\svchost.exe,C:\Windows\System32\svchost.exe,
0x00000000000026b8,5,C:\Program Files (x86)\Microsoft\EdgeUpdate\MicrosoftEdgeUpdate.exe,C:\Program Files (x86)\Microsoft\EdgeUpdate\MicrosoftEdgeUpdate.exe,
0x000000000000260c,5,C:\Program Files\RUXIM\PLUGScheduler.exe,C:\Program Files\RUXIM\PLUGScheduler.exe,
0x0000000000002760,5,C:\Windows\System32\conhost.exe,C:\Windows\System32\conhost.exe,
0x0000000000002714,5,C:\Windows\System32\svchost.exe,C:\Windows\System32\svchost.exe,
0x0000000000002770,5,C:\Users\taro\AppData\Local\Microsoft\OneDrive\24.025.0204.0003\FileCoAuth.exe,C:\Users\taro\AppData\Local\Microsoft\OneDrive\24.025.0204.0003\FileCoAuth.exe,
0x0000000000002674,5,C:\Windows\System32\gpupdate.exe,C:\Windows\WinSxS\amd64_microsoft-windows-servicingstack_31bf3856ad364e35_10.0.19041.4163_none_7e304ec47c735f2e\TiWorker.exe,
0x0000000000002678,5,C:\Users\taro\AppData\Local\Microsoft\EdgeUpdate\MicrosoftEdgeUpdate.exe,C:\Users\taro\AppData\Local\Microsoft\EdgeUpdate\MicrosoftEdgeUpdate.exe,
0x00000000000024dc,5,C:\ProgramData\Microsoft\Windows Defender\Platform\4.18.24010.12-0\MpCmdRun.exe,C:\ProgramData\Microsoft\Windows Defender\Platform\4.18.24010.12-0\MpCmdRun.exe,
0x00000000000015a0,5,C:\Windows\System32\conhost.exe,C:\Windows\System32\conhost.exe,
0x0000000000001518,5,C:\Program Files\WindowsApps\Microsoft.YourPhone_1.24021.105.0_x64__8wekyb3d8bbwe\PhoneExperienceHost.exe,C:\Program Files\WindowsApps\Microsoft.YourPhone_1.24021.105.0_x64__8wekyb3d8bbwe\PhoneExperienceHost.exe,
0x000000000000275c,5,C:\Program Files\RUXIM\PLUGScheduler.exe,C:\Program Files\RUXIM\PLUGScheduler.exe,
0x0000000000001478,5,C:\Windows\System32\svchost.exe,C:\Windows\System32\svchost.exe,
0x000000000000147c,5,C:\Program Files (x86)\Microsoft\Edge\Application\msedge.exe,C:\Program Files (x86)\Microsoft\Edge\Application\msedge.exe,
0x0000000000001490,5,C:\Windows\System32\svchost.exe,C:\Windows\System32\svchost.exe,
0x0000000000000d94,5,C:\Windows\System32\svchost.exe,C:\Windows\System32\svchost.exe,
0x00000000000024cc,5,C:\Windows\System32\svchost.exe,C:\Windows\System32\svchost.exe,
10636,5,,,\device\harddiskvolume3\users\taro\appdata\local\microsoft\onedrive\24.025.0204.0003\microsoft.sharepoint.exe
0x0000000000000668,5,C:\Windows\System32\svchost.exe,C:\Windows\System32\svchost.exe,
0x0000000000000a80,5,C:\Program Files\RUXIM\PLUGScheduler.exe,C:\Windows\System32\backgroundTaskHost.exe,
0x0000000000000a88,5,C:\Windows\System32\svchost.exe,C:\Windows\System32\svchost.exe,
4844,5,,,\device\harddiskvolume3\windows\system32\taskhostw.exe
0x0000000000000a50,5,C:\Users\taro\AppData\Local\Microsoft\EdgeUpdate\MicrosoftEdgeUpdate.exe,C:\Users\taro\AppData\Local\Microsoft\EdgeUpdate\MicrosoftEdgeUpdate.exe,
0x0000000000000af8,5,C:\Windows\System32\svchost.exe,C:\Windows\System32\svchost.exe,
10368,5,,,\device\harddiskvolume3\windows\system32\mrt.exe
0x00000000000011f8,5,C:\Program Files (x86)\Microsoft\Edge\Application\msedge.exe,C:\Program Files (x86)\Microsoft\Edge\Application\msedge.exe,
10452,5,,,\device\harddiskvolume3\windows\system32\taskhostw.exe
0x00000000000010b4,5,C:\Windows\Microsoft.NET\Framework64\v4.0.30319\ngen.exe,C:\Windows\Microsoft.NET\Framework64\v4.0.30319\ngen.exe,
0x0000000000000698,5,C:\Windows\System32\svchost.exe,C:\Windows\System32\svchost.exe,
1388,5,,,\device\harddiskvolume3\windows\system32\taskhostw.exe
0x0000000000001080,5,C:\Windows\System32\CompatTelRunner.exe,C:\Windows\System32\CompatTelRunner.exe,
0x00000000000002cc,5,C:\Windows\System32\conhost.exe,C:\Windows\System32\conhost.exe,
0x0000000000001460,5,C:\Windows\System32\svchost.exe,C:\Windows\System32\svchost.exe,
0x000000000000146c,5,C:\Windows\System32\svchost.exe,C:\Windows\System32\svchost.exe,
0x000000000000286c,5,C:\Windows\System32\svchost.exe,C:\Windows\System32\svchost.exe,
0x0000000000000e48,5,C:\Windows\System32\backgroundTaskHost.exe,C:\Windows\System32\backgroundTaskHost.exe,
0x00000000000027a4,5,C:\Users\taro\AppData\Local\Microsoft\OneDrive\24.025.0204.0003\FileCoAuth.exe,C:\Users\taro\AppData\Local\Microsoft\OneDrive\24.025.0204.0003\FileCoAuth.exe,
5800,5,,,\device\harddiskvolume3\windows\system32\taskhostw.exe
0x0000000000001588,5,C:\Windows\System32\backgroundTaskHost.exe,C:\Windows\System32\backgroundTaskHost.exe,
0x0000000000001594,5,C:\Windows\System32\svchost.exe,C:\Windows\System32\svchost.exe,
0x0000000000000c70,5,C:\Windows\System32\cmd.exe,C:\Windows\System32\cmd.exe,
0x0000000000002880,5,C:\Program Files\RUXIM\PLUGScheduler.exe,C:\Program Files\RUXIM\PLUGScheduler.exe,
0x0000000000002798,5,C:\Program Files\WindowsApps\Microsoft.XboxGamingOverlay_7.124.2141.0_x64__8wekyb3d8bbwe\GameBar.exe,C:\Program Files\WindowsApps\Microsoft.XboxGamingOverlay_7.124.2141.0_x64__8wekyb3d8bbwe\GameBar.exe,
0x0000000000000c90,5,C:\Windows\System32\MoUsoCoreWorker.exe,C:\Windows\System32\MoUsoCoreWorker.exe,
0x0000000000000ca0,5,C:\Windows\Microsoft.NET\Framework\v4.0.30319\mscorsvw.exe,C:\Windows\Microsoft.NET\Framework\v4.0.30319\mscorsvw.exe,
3520,5,,,\device\harddiskvolume3\windows\system32\taskhostw.exe
0x0000000000001580,5,C:\Windows\System32\conhost.exe,C:\Windows\System32\conhost.exe,
8856,5,,,\device\harddiskvolume3\windows\system32\svchost.exe
4660,5,,,\device\harddiskvolume3\windows\system32\taskhostw.exe
0x0000000000000af0,5,C:\Users\taro\AppData\Local\Microsoft\OneDrive\24.025.0204.0003\FileCoAuth.exe,C:\Users\taro\AppData\Local\Microsoft\OneDrive\24.025.0204.0003\FileCoAuth.exe,
0x000000000000190c,5,C:\Windows\System32\svchost.exe,C:\Windows\System32\svchost.exe,
4772,5,,,\device\harddiskvolume3\windows\system32\taskhostw.exe
8808,5,,,\device\harddiskvolume3\windows\system32\taskhostw.exe
0x0000000000001d04,5,C:\Windows\System32\backgroundTaskHost.exe,C:\Windows\System32\backgroundTaskHost.exe,
0x0000000000001bf4,5,C:\Program Files (x86)\Microsoft\EdgeUpdate\MicrosoftEdgeUpdate.exe,C:\Program Files (x86)\Microsoft\EdgeUpdate\MicrosoftEdgeUpdate.exe,
0x0000000000000a14,5,C:\Users\taro\AppData\Local\Microsoft\OneDrive\24.025.0204.0003\FileCoAuth.exe,C:\Users\taro\AppData\Local\Microsoft\OneDrive\24.025.0204.0003\FileCoAuth.exe,
4688,5,,,\device\harddiskvolume3\windows\system32\svchost.exe
10472,5,,,\device\harddiskvolume3\windows\system32\taskhostw.exe
10484,5,,,\device\harddiskvolume3\windows\system32\backgroundtaskhost.exe
6940,5,,,\device\harddiskvolume3\windows\system32\taskhostw.exe
0x00000000000018dc,5,C:\Windows\System32\conhost.exe,C:\Windows\System32\conhost.exe,
0x00000000000025bc,5,C:\Windows\System32\svchost.exe,C:\Windows\System32\svchost.exe,
0x000000000000254c,5,C:\Windows\System32\svchost.exe,C:\Windows\System32\svchost.exe,
0x00000000000026c0,5,C:\Windows\System32\conhost.exe,C:\Windows\System32\conhost.exe,
0x0000000000000c74,5,C:\Users\taro\AppData\Local\Microsoft\OneDrive\24.025.0204.0003\FileCoAuth.exe,C:\Users\taro\AppData\Local\Microsoft\OneDrive\24.025.0204.0003\FileCoAuth.exe,
0x0000000000000c84,5,C:\Windows\System32\MusNotification.exe,C:\Windows\System32\MusNotification.exe,
0x0000000000002524,5,C:\Program Files (x86)\Microsoft\EdgeUpdate\MicrosoftEdgeUpdate.exe,C:\Program Files (x86)\Microsoft\EdgeUpdate\MicrosoftEdgeUpdate.exe,
0x0000000000002528,5,C:\Users\taro\AppData\Local\Microsoft\OneDrive\24.025.0204.0003\FileCoAuth.exe,C:\Users\taro\AppData\Local\Microsoft\OneDrive\24.025.0204.0003\FileCoAuth.exe,
0x00000000000014fc,5,C:\Program Files (x86)\Microsoft\EdgeUpdate\MicrosoftEdgeUpdate.exe,C:\Program Files (x86)\Microsoft\EdgeUpdate\MicrosoftEdgeUpdate.exe,
8316,5,,,\device\harddiskvolume3\windows\system32\taskhostw.exe
0x0000000000002834,5,C:\Program Files\RUXIM\PLUGScheduler.exe,C:\Program Files\RUXIM\PLUGScheduler.exe,
0x00000000000024f8,5,C:\Program Files (x86)\Microsoft\Edge\Application\msedge.exe,C:\Program Files (x86)\Microsoft\Edge\Application\msedge.exe,
0x0000000000002580,5,C:\Users\taro\AppData\Local\Microsoft\OneDrive\24.025.0204.0003\FileCoAuth.exe,C:\Users\taro\AppData\Local\Microsoft\OneDrive\24.025.0204.0003\FileCoAuth.exe,
0x0000000000000e40,5,C:\Windows\System32\backgroundTaskHost.exe,C:\Windows\System32\taskhostw.exe,
0x0000000000002934,5,C:\Windows\System32\conhost.exe,C:\Windows\System32\conhost.exe,
0x0000000000001840,5,C:\Windows\System32\svchost.exe,C:\Windows\System32\svchost.exe,
0x0000000000001848,5,C:\Windows\System32\RuntimeBroker.exe,C:\Windows\System32\RuntimeBroker.exe,
0x0000000000002be0,5,C:\Users\taro\AppData\Local\Microsoft\OneDrive\24.025.0204.0003\FileCoAuth.exe,C:\Users\taro\AppData\Local\Microsoft\OneDrive\24.025.0204.0003\FileCoAuth.exe,
0x0000000000001e84,5,C:\Users\taro\AppData\Local\Microsoft\OneDrive\24.040.0225.0003\FileCoAuth.exe,C:\Users\taro\AppData\Local\Microsoft\OneDrive\24.040.0225.0003\FileCoAuth.exe,
0x000000000000182c,5,C:\Program Files\RUXIM\PLUGScheduler.exe,C:\Program Files\RUXIM\PLUGScheduler.exe,
1844,5,,,\device\harddiskvolume3\windows\system32\taskhostw.exe
0x0000000000001958,5,C:\Users\taro\AppData\Local\Microsoft\OneDrive\24.025.0204.0003\FileCoAuth.exe,C:\Users\taro\AppData\Local\Microsoft\OneDrive\24.025.0204.0003\FileCoAuth.exe,
0x0000000000001fd8,5,C:\Windows\System32\svchost.exe,C:\Windows\System32\svchost.exe,
0x0000000000001e78,5,C:\Windows\System32\svchost.exe,C:\Windows\System32\svchost.exe,
0x0000000000001dfc,5,C:\ProgramData\Microsoft\Windows Defender\Platform\4.18.24010.12-0\MpCmdRun.exe,C:\ProgramData\Microsoft\Windows Defender\Platform\4.18.24010.12-0\MpCmdRun.exe,
0x0000000000001d80,5,C:\Windows\System32\svchost.exe,C:\Windows\System32\svchost.exe,
0x0000000000001d34,5,C:\Windows\System32\svchost.exe,C:\Windows\System32\svchost.exe,
8936,5,,,\device\harddiskvolume3\windows\system32\taskhostw.exe
0x0000000000001940,5,C:\Users\taro\AppData\Local\Microsoft\OneDrive\24.025.0204.0003\FileCoAuth.exe,C:\Windows\System32\backgroundTaskHost.exe,
0x0000000000000e60,5,C:\Windows\System32\CompatTelRunner.exe,C:\Windows\System32\CompatTelRunner.exe,
0x0000000000000e0c,5,C:\Program Files (x86)\Microsoft\Edge\Application\122.0.2365.92\Installer\setup.exe,C:\Program Files (x86)\Microsoft\Edge\Application\122.0.2365.92\Installer\setup.exe,
0x0000000000000e10,5,C:\Users\taro\AppData\Local\Microsoft\EdgeUpdate\MicrosoftEdgeUpdate.exe,C:\Users\taro\AppData\Local\Microsoft\EdgeUpdate\MicrosoftEdgeUpdate.exe,
0x0000000000000e6c,5,C:\Windows\System32\ctfmon.exe,C:\Windows\System32\ctfmon.exe,
0x0000000000000e38,5,C:\Users\taro\AppData\Local\Microsoft\OneDrive\24.025.0204.0003\FileCoAuth.exe,C:\Users\taro\AppData\Local\Microsoft\OneDrive\24.025.0204.0003\FileCoAuth.exe,
0x00000000000014ac,5,C:\Program Files (x86)\Microsoft\EdgeUpdate\MicrosoftEdgeUpdate.exe,C:\Program Files (x86)\Microsoft\EdgeUpdate\MicrosoftEdgeUpdate.exe,
0x00000000000024a0,5,C:\Windows\System32\gpupdate.exe,C:\Windows\System32\gpupdate.exe,
0x0000000000002594,5,C:\Windows\System32\RuntimeBroker.exe,C:\Windows\System32\taskhostw.exe,
0x0000000000002598,5,C:\Program Files (x86)\Microsoft\EdgeUpdate\MicrosoftEdgeUpdate.exe,C:\Program Files (x86)\Microsoft\EdgeUpdate\MicrosoftEdgeUpdate.exe,
0x00000000000028f8,5,C:\Users\taro\AppData\Local\Microsoft\OneDrive\24.025.0204.0003\FileCoAuth.exe,C:\Users\taro\AppData\Local\Microsoft\OneDrive\24.025.0204.0003\FileCoAuth.exe,
0x00000000000015c4,5,C:\Windows\System32\svchost.exe,C:\Windows\System32\svchost.exe,
0x000000000000299c,5,C:\Windows\System32\svchost.exe,C:\Windows\System32\svchost.exe,
0x000000000000295c,5,C:\Users\taro\AppData\Local\Microsoft\OneDrive\24.025.0204.0003\FileCoAuth.exe,C:\Users\taro\AppData\Local\Microsoft\OneDrive\24.025.0204.0003\FileCoAuth.exe,
0x00000000000028d4,5,C:\Users\taro\AppData\Local\Microsoft\OneDrive\24.025.0204.0003\FileCoAuth.exe,C:\Users\taro\AppData\Local\Microsoft\OneDrive\24.025.0204.0003\FileCoAuth.exe,
0x0000000000000efc,5,C:\Windows\System32\conhost.exe,C:\Windows\System32\conhost.exe,
2968,5,,,\device\harddiskvolume3\windows\system32\taskhostw.exe
0x0000000000000e74,5,C:\Users\taro\AppData\Local\Microsoft\OneDrive\24.025.0204.0003\FileCoAuth.exe,C:\Users\taro\AppData\Local\Microsoft\OneDrive\24.025.0204.0003\FileCoAuth.exe,
0x0000000000000e7c,5,C:\Windows\WinSxS\amd64_microsoft-windows-servicingstack_31bf3856ad364e35_10.0.19041.3989_none_7ddb45627cb30e03\TiWorker.exe,C:\Windows\WinSxS\amd64_microsoft-windows-servicingstack_31bf3856ad364e35_10.0.19041.3989_none_7ddb45627cb30e03\TiWorker.exe,
10312,5,,,\device\harddiskvolume3\windows\system32\taskhostw.exe
7332,5,,,\device\harddiskvolume3\windows\system32\rundll32.exe
0x0000000000000f70,5,C:\Users\taro\AppData\Local\Microsoft\OneDrive\24.025.0204.0003\FileCoAuth.exe,C:\Users\taro\AppData\Local\Microsoft\OneDrive\24.025.0204.0003\FileCoAuth.exe,
0x0000000000002bcc,5,C:\Windows\System32\svchost.exe,C:\Windows\System32\svchost.exe,
10336,5,,,\device\harddiskvolume3\windows\system32\apphostregistrationverifier.exe
0x0000000000001294,5,C:\Windows\System32\svchost.exe,C:\Windows\System32\svchost.exe,
0x00000000000012ac,5,C:\Windows\System32\SearchProtocolHost.exe,C:\Windows\System32\SearchProtocolHost.exe,
0x000000000000121c,5,C:\Users\taro\AppData\Local\Microsoft\OneDrive\24.025.0204.0003\FileCoAuth.exe,C:\Users\taro\AppData\Local\Microsoft\OneDrive\24.025.0204.0003\FileCoAuth.exe,
2132,5,,,\device\harddiskvolume3\windows\system32\compattelrunner.exe
6376,5,,,\device\harddiskvolume3\windows\system32\taskhostw.exe
3648,5,,,\device\harddiskvolume3\windows\system32\taskhostw.exe
3660,5,,,\device\harddiskvolume3\windows\system32\taskhostw.exe
3704,5,,,\device\harddiskvolume3\windows\system32\taskhostw.exe
3260,5,,,\device\harddiskvolume3\windows\system32\taskhostw.exe
0x0000000000000bdc,5,C:\Users\taro\AppData\Local\Microsoft\OneDrive\Update\OneDriveSetup.exe,C:\Users\taro\AppData\Local\Microsoft\OneDrive\Update\OneDriveSetup.exe,
0x000000000000296c,5,C:\Users\taro\AppData\Local\Microsoft\OneDrive\24.025.0204.0003\FileCoAuth.exe,C:\Users\taro\AppData\Local\Microsoft\OneDrive\24.025.0204.0003\FileCoAuth.exe,
0x0000000000002970,5,C:\Program Files (x86)\Microsoft\EdgeUpdate\MicrosoftEdgeUpdate.exe,C:\Program Files (x86)\Microsoft\EdgeUpdate\MicrosoftEdgeUpdate.exe,
0x0000000000002978,5,C:\Windows\System32\svchost.exe,C:\Windows\System32\svchost.exe,
8196,5,,,\device\harddiskvolume3\program files (x86)\microsoft\edgeupdate\microsoftedgeupdate.exe
8236,5,,,\device\harddiskvolume3\windows\system32\taskhostw.exe
0x00000000000028a8,5,C:\Windows\System32\svchost.exe,C:\Windows\System32\svchost.exe,
0x000000000000231c,5,C:\Program Files (x86)\Microsoft\Edge\Application\msedge.exe,C:\Program Files (x86)\Microsoft\Edge\Application\msedge.exe,
0x0000000000002320,5,C:\Users\taro\AppData\Local\Microsoft\OneDrive\24.025.0204.0003\FileCoAuth.exe,C:\Users\taro\AppData\Local\Microsoft\OneDrive\24.025.0204.0003\FileCoAuth.exe,
0x00000000000022e8,5,C:\Users\taro\AppData\Local\Microsoft\OneDrive\24.025.0204.0003\FileCoAuth.exe,C:\Users\taro\AppData\Local\Microsoft\OneDrive\24.025.0204.0003\FileCoAuth.exe,
0x0000000000002328,5,C:\Windows\System32\svchost.exe,C:\Windows\System32\svchost.exe,
0x0000000000001658,5,C:\Users\taro\AppData\Local\Microsoft\OneDrive\24.025.0204.0003\FileCoAuth.exe,C:\Users\taro\AppData\Local\Microsoft\OneDrive\24.025.0204.0003\FileCoAuth.exe,
0x0000000000001600,5,C:\Windows\System32\svchost.exe,C:\Windows\System32\svchost.exe,
4020,5,,,\device\harddiskvolume3\windows\system32\svchost.exe
0x0000000000002438,5,C:\Windows\System32\svchost.exe,C:\Windows\System32\svchost.exe,
0x0000000000002468,5,C:\Windows\System32\svchost.exe,C:\Windows\System32\svchost.exe,
0x00000000000015f4,5,C:\Program Files\RUXIM\RUXIMICS.exe,C:\Windows\System32\CompatTelRunner.exe,
0x0000000000000b28,5,C:\Users\taro\AppData\Local\Microsoft\OneDrive\24.025.0204.0003\FileCoAuth.exe,C:\Users\taro\AppData\Local\Microsoft\OneDrive\24.025.0204.0003\FileCoAuth.exe,
3880,5,,,\device\harddiskvolume3\windows\system32\taskhostw.exe
0x00000000000028d0,5,C:\Windows\System32\gpupdate.exe,C:\Windows\System32\gpupdate.exe,
0x00000000000023f8,5,C:\Users\taro\AppData\Local\Microsoft\OneDrive\24.025.0204.0003\FileCoAuth.exe,C:\Users\taro\AppData\Local\Microsoft\OneDrive\24.025.0204.0003\FileCoAuth.exe,
0x0000000000002344,5,C:\Windows\SysWOW64\cmd.exe,C:\Windows\System32\backgroundTaskHost.exe,
5624,5,,,
3988,5,,,\device\harddiskvolume3\program files (x86)\microsoft\edgeupdate\microsoftedgeupdate.exe
0x0000000000000508,5,C:\Windows\System32\wermgr.exe,C:\Windows\System32\wermgr.exe,
0x0000000000001410,5,C:\Users\taro\AppData\Local\Microsoft\OneDrive\24.025.0204.0003\FileCoAuth.exe,C:\Users\taro\AppData\Local\Microsoft\OneDrive\24.025.0204.0003\FileCoAuth.exe,
0x0000000000001414,5,C:\Windows\System32\RuntimeBroker.exe,C:\Windows\System32\RuntimeBroker.exe,
0x0000000000002a40,5,C:\Users\taro\AppData\Local\Microsoft\OneDrive\24.025.0204.0003\FileCoAuth.exe,C:\Users\taro\AppData\Local\Microsoft\OneDrive\24.025.0204.0003\FileCoAuth.exe,
0x0000000000000a94,5,C:\Users\taro\AppData\Local\Microsoft\OneDrive\24.025.0204.0003\FileCoAuth.exe,C:\Users\taro\AppData\Local\Microsoft\OneDrive\24.025.0204.0003\FileCoAuth.exe,
0x0000000000000aa0,5,C:\Windows\System32\sppsvc.exe,C:\Windows\System32\sppsvc.exe,
0x0000000000000aa8,5,C:\Program Files\RUXIM\PLUGScheduler.exe,C:\Windows\System32\backgroundTaskHost.exe,
5532,5,,,\device\harddiskvolume3\windows\system32\svchost.exe
5348,5,,,\device\harddiskvolume3\program files (x86)\microsoft\edgeupdate\microsoftedgeupdate.exe
0x00000000000003dc,5,C:\Windows\System32\backgroundTaskHost.exe,C:\Windows\System32\backgroundTaskHost.exe,
0x00000000000003f4,5,C:\Windows\System32\svchost.exe,C:\Windows\System32\svchost.exe,
0x00000000000017ac,5,C:\Windows\Microsoft.NET\Framework64\v4.0.30319\mscorsvw.exe,C:\Windows\Microsoft.NET\Framework64\v4.0.30319\mscorsvw.exe,
4596,5,,,\device\harddiskvolume3\windows\system32\taskhostw.exe
0x0000000000001d50,5,C:\Users\taro\AppData\Local\Microsoft\OneDrive\24.025.0204.0003\FileCoAuth.exe,C:\Users\taro\AppData\Local\Microsoft\OneDrive\24.025.0204.0003\FileCoAuth.exe,
0x0000000000001d68,5,C:\Users\taro\AppData\Local\Microsoft\OneDrive\24.025.0204.0003\FileCoAuth.exe,C:\Users\taro\AppData\Local\Microsoft\OneDrive\24.025.0204.0003\FileCoAuth.exe,
0x0000000000001d18,5,C:\Windows\System32\RuntimeBroker.exe,C:\Windows\System32\RuntimeBroker.exe,
0x0000000000001d24,5,C:\Windows\System32\backgroundTaskHost.exe,C:\Windows\System32\backgroundTaskHost.exe,
0x0000000000001fa0,5,C:\Users\taro\AppData\Local\Microsoft\OneDrive\24.025.0204.0003\FileCoAuth.exe,C:\Users\taro\AppData\Local\Microsoft\OneDrive\24.025.0204.0003\FileCoAuth.exe,
0x0000000000001f08,5,C:\Windows\System32\svchost.exe,C:\Windows\System32\svchost.exe,
2272,5,,,\device\harddiskvolume3\windows\system32\taskhostw.exe
188,5,,,\device\harddiskvolume3\windows\system32\sihclient.exe
1976,5,,,\device\harddiskvolume3\windows\system32\taskhostw.exe
1684,5,,,\device\harddiskvolume3\windows\system32\devicecensus.exe
0x0000000000001e6c,5,C:\Windows\System32\svchost.exe,C:\Windows\System32\svchost.exe,
0x0000000000000fa0,5,C:\Program Files (x86)\Microsoft\EdgeUpdate\MicrosoftEdgeUpdate.exe,C:\Program Files (x86)\Microsoft\EdgeUpdate\MicrosoftEdgeUpdate.exe,
0x0000000000002b80,5,C:\Users\taro\AppData\Local\Microsoft\OneDrive\24.025.0204.0003\FileCoAuth.exe,C:\Users\taro\AppData\Local\Microsoft\OneDrive\24.025.0204.0003\FileCoAuth.exe,
0x0000000000002ab4,5,C:\Windows\System32\svchost.exe,C:\Windows\System32\svchost.exe,
0x0000000000001ffc,5,C:\Program Files (x86)\Microsoft\Edge\Application\msedge.exe,C:\Program Files (x86)\Microsoft\Edge\Application\msedge.exe,
0x0000000000002054,5,C:\Windows\System32\svchost.exe,C:\Windows\System32\svchost.exe,
0x00000000000017b8,5,C:\Program Files (x86)\Microsoft\EdgeUpdate\MicrosoftEdgeUpdate.exe,C:\Program Files (x86)\Microsoft\EdgeUpdate\MicrosoftEdgeUpdate.exe,
0x0000000000002b0c,5,C:\Windows\System32\svchost.exe,C:\Windows\System32\svchost.exe,
0x0000000000002aa8,5,C:\Program Files (x86)\Microsoft\Edge\Application\msedge.exe,C:\Program Files (x86)\Microsoft\Edge\Application\msedge.exe,
0x00000000000007e4,5,C:\Windows\System32\conhost.exe,C:\Windows\System32\conhost.exe,
0x00000000000007f0,5,C:\Program Files (x86)\Microsoft\EdgeUpdate\MicrosoftEdgeUpdate.exe,C:\Program Files (x86)\Microsoft\EdgeUpdate\MicrosoftEdgeUpdate.exe,
0x0000000000001ff8,5,C:\Users\taro\AppData\Local\Microsoft\EdgeUpdate\MicrosoftEdgeUpdate.exe,C:\Users\taro\AppData\Local\Microsoft\EdgeUpdate\MicrosoftEdgeUpdate.exe,
0x0000000000001868,5,C:\Windows\System32\backgroundTaskHost.exe,C:\Windows\System32\backgroundTaskHost.exe,
0x0000000000001fe0,5,C:\ProgramData\Microsoft\Windows Defender\Platform\4.18.24010.12-0\MpCmdRun.exe,C:\ProgramData\Microsoft\Windows Defender\Platform\4.18.24010.12-0\MpCmdRun.exe,
0x0000000000001788,5,C:\Windows\System32\svchost.exe,C:\Windows\System32\svchost.exe,
0x00000000000007e0,5,C:\Program Files (x86)\Microsoft\EdgeUpdate\MicrosoftEdgeUpdate.exe,C:\Program Files (x86)\Microsoft\EdgeUpdate\MicrosoftEdgeUpdate.exe,
2736,5,,,\device\harddiskvolume3\users\taro\appdata\local\microsoft\edgeupdate\microsoftedgeupdate.exe
0x0000000000000dd8,5,C:\Windows\System32\svchost.exe,C:\Windows\System32\svchost.exe,
0x0000000000000dec,5,C:\Users\taro\AppData\Local\Microsoft\OneDrive\24.025.0204.0003\FileCoAuth.exe,C:\Users\taro\AppData\Local\Microsoft\OneDrive\24.025.0204.0003\FileCoAuth.exe,
0x0000000000000df8,5,C:\Windows\System32\dsregcmd.exe,C:\Windows\System32\dsregcmd.exe,
760,5,,,\device\harddiskvolume3\windows\system32\taskhostw.exe
0x00000000000004fc,5,C:\Windows\Microsoft.NET\Framework64\v4.0.30319\mscorsvw.exe,C:\Windows\Microsoft.NET\Framework64\v4.0.30319\mscorsvw.exe,
2480,5,,,\device\harddiskvolume3\windows\system32\sppextcomobj.exe
0x0000000000000c54,5,C:\Windows\System32\conhost.exe,C:\Windows\System32\conhost.exe,
0x0000000000000c5c,5,C:\Windows\System32\svchost.exe,C:\Windows\System32\svchost.exe,
0x0000000000000c60,5,C:\Windows\System32\conhost.exe,C:\Windows\System32\backgroundTaskHost.exe,
780,5,,,\device\harddiskvolume3\windows\system32\sppextcomobj.exe
0x0000000000002a88,5,C:\Program Files (x86)\Microsoft\EdgeUpdate\MicrosoftEdgeUpdate.exe,C:\Program Files (x86)\Microsoft\EdgeUpdate\MicrosoftEdgeUpdate.exe,
0x000000000000084c,5,C:\Windows\System32\MusNotification.exe,C:\Windows\System32\MusNotification.exe,
0x0000000000000850,5,C:\Users\taro\AppData\Local\Microsoft\EdgeUpdate\MicrosoftEdgeUpdate.exe,C:\Users\taro\AppData\Local\Microsoft\EdgeUpdate\MicrosoftEdgeUpdate.exe,
5772,5,,,\device\harddiskvolume3\windows\system32\taskhostw.exe
8420,5,,,\device\harddiskvolume3\windows\system32\svchost.exe
0x00000000000013d0,5,C:\Windows\System32\svchost.exe,C:\Windows\System32\svchost.exe,
0x00000000000013d8,5,C:\Program Files (x86)\Microsoft\Edge\Application\msedge.exe,C:\Program Files (x86)\Microsoft\Edge\Application\msedge.exe,
0x0000000000001704,5,C:\Windows\Microsoft.NET\Framework\v4.0.30319\mscorsvw.exe,C:\Windows\Microsoft.NET\Framework\v4.0.30319\mscorsvw.exe,
0x0000000000002150,5,C:\Users\taro\AppData\Local\Microsoft\OneDrive\24.025.0204.0003\FileCoAuth.exe,C:\Users\taro\AppData\Local\Microsoft\OneDrive\24.025.0204.0003\FileCoAuth.exe,
0x0000000000000b8c,5,C:\Windows\System32\CompatTelRunner.exe,C:\Windows\System32\CompatTelRunner.exe,
0x000000000000202c,5,C:\Users\taro\AppData\Local\Microsoft\OneDrive\24.025.0204.0003\FileCoAuth.exe,C:\Users\taro\AppData\Local\Microsoft\OneDrive\24.025.0204.0003\FileCoAuth.exe,
0x000000000000216c,5,C:\Program Files (x86)\Microsoft\EdgeUpdate\MicrosoftEdgeUpdate.exe,C:\Program Files (x86)\Microsoft\EdgeUpdate\MicrosoftEdgeUpdate.exe,
0x00000000000021a0,5,C:\Program Files (x86)\Microsoft\Edge\Application\msedge.exe,C:\Program Files (x86)\Microsoft\Edge\Application\msedge.exe,
0x00000000000021a4,5,C:\Windows\System32\svchost.exe,C:\Windows\System32\svchost.exe,
0x00000000000020ac,5,C:\Windows\System32\backgroundTaskHost.exe,C:\Windows\System32\backgroundTaskHost.exe,
0x0000000000002ae8,5,C:\Windows\System32\svchost.exe,C:\Windows\System32\svchost.exe,
0x0000000000000640,5,C:\Program Files (x86)\Microsoft\EdgeUpdate\Install\{E511C3D1-B3BF-4EC0-AE1E-477C765D826B}\EDGEMITMP_CC46B.tmp\setup.exe,C:\Program Files (x86)\Microsoft\EdgeUpdate\Install\{E511C3D1-B3BF-4EC0-AE1E-477C765D826B}\EDGEMITMP_CC46B.tmp\setup.exe,
0x0000000000002ac4,5,C:\Program Files (x86)\Microsoft\Edge\Application\msedge.exe,C:\Program Files (x86)\Microsoft\Edge\Application\msedge.exe,
0x0000000000002ad0,5,C:\Program Files (x86)\Microsoft\Edge\Application\msedge.exe,C:\Program Files (x86)\Microsoft\Edge\Application\msedge.exe,
0x0000000000002ad4,5,C:\Windows\System32\svchost.exe,C:\Windows\System32\svchost.exe,
8408,5,,,\device\harddiskvolume3\windows\system32\taskhostw.exe
0x00000000000004c8,5,C:\Windows\System32\svchost.exe,C:\Windows\System32\svchost.exe,
0x0000000000002298,5,C:\Users\taro\AppData\Local\Microsoft\OneDrive\24.025.0204.0003\FileCoAuth.exe,C:\Users\taro\AppData\Local\Microsoft\OneDrive\24.025.0204.0003\FileCoAuth.exe,
0x000000000000080c,5,C:\Windows\System32\svchost.exe,C:\Windows\System32\svchost.exe,
0x00000000000016b0,5,C:\Windows\System32\svchost.exe,C:\Windows\System32\svchost.exe,
0x00000000000016bc,5,C:\Windows\System32\svchost.exe,C:\Windows\System32\svchost.exe,
0x000000000000226c,5,C:\Program Files (x86)\Microsoft\EdgeUpdate\MicrosoftEdgeUpdate.exe,C:\Program Files (x86)\Microsoft\EdgeUpdate\MicrosoftEdgeUpdate.exe,
5708,5,,,\device\harddiskvolume3\windows\system32\backgroundtaskhost.exe
0x0000000000002290,5,C:\Windows\System32\taskhostw.exe,C:\Windows\System32\taskhostw.exe,
0x0000000000001734,5,C:\Windows\System32\backgroundTaskHost.exe,C:\Windows\System32\backgroundTaskHost.exe,
0x00000000000021b0,5,C:\Windows\System32\RuntimeBroker.exe,C:\Windows\System32\taskhostw.exe,
0x0000000000001680,5,C:\Windows\System32\svchost.exe,C:\Windows\System32\svchost.exe,
0x0000000000001694,5,C:\Windows\System32\svchost.exe,C:\Windows\System32\svchost.exe,
0x00000000000016ac,5,C:\Windows\System32\svchost.exe,C:\Windows\System32\svchost.exe,
0x0000000000001304,5,C:\Windows\System32\svchost.exe,C:\Windows\System32\svchost.exe,
0x0000000000002128,5,C:\Windows\System32\MusNotification.exe,C:\Windows\System32\MusNotification.exe,
0x00000000000029f4,5,C:\Users\taro\AppData\Local\Microsoft\OneDrive\24.025.0204.0003\FileCoAuth.exe,C:\Users\taro\AppData\Local\Microsoft\OneDrive\24.025.0204.0003\FileCoAuth.exe,
0x00000000000029fc,5,C:\Users\taro\AppData\Local\Microsoft\OneDrive\24.025.0204.0003\FileCoAuth.exe,C:\Users\taro\AppData\Local\Microsoft\OneDrive\24.025.0204.0003\FileCoAuth.exe,
0x0000000000002a00,5,C:\Program Files (x86)\Microsoft\EdgeUpdate\MicrosoftEdgeUpdate.exe,C:\Program Files (x86)\Microsoft\EdgeUpdate\MicrosoftEdgeUpdate.exe,
0x00000000000020ec,5,C:\Users\taro\AppData\Local\Microsoft\OneDrive\24.025.0204.0003\FileCoAuth.exe,C:\Users\taro\AppData\Local\Microsoft\OneDrive\24.025.0204.0003\FileCoAuth.exe,
0x0000000000002a70,5,C:\Windows\System32\svchost.exe,C:\Windows\System32\svchost.exe,
0x0000000000001430,5,C:\Windows\System32\taskhostw.exe,C:\Windows\System32\taskhostw.exe,
0x0000000000001274,5,C:\Users\taro\AppData\Local\Microsoft\OneDrive\24.025.0204.0003\FileCoAuth.exe,C:\Users\taro\AppData\Local\Microsoft\OneDrive\24.025.0204.0003\FileCoAuth.exe,
0x0000000000002b18,5,C:\Program Files (x86)\Microsoft\EdgeUpdate\MicrosoftEdgeUpdate.exe,C:\Program Files (x86)\Microsoft\EdgeUpdate\MicrosoftEdgeUpdate.exe,
0x0000000000002004,5,C:\Program Files (x86)\Microsoft\EdgeUpdate\MicrosoftEdgeUpdate.exe,C:\Program Files (x86)\Microsoft\EdgeUpdate\MicrosoftEdgeUpdate.exe,
0x00000000000007a4,5,C:\Windows\System32\CompatTelRunner.exe,C:\Windows\System32\CompatTelRunner.exe,
0x0000000000001398,5,C:\Program Files (x86)\Microsoft\EdgeUpdate\MicrosoftEdgeUpdate.exe,C:\Program Files (x86)\Microsoft\EdgeUpdate\MicrosoftEdgeUpdate.exe,
6032,5,,,\device\harddiskvolume3\windows\system32\taskhostw.exe
6040,5,,,\device\harddiskvolume3\users\taro\appdata\local\microsoft\onedrive\24.025.0204.0003\microsoft.sharepoint.exe
0x0000000000001318,5,C:\Windows\System32\svchost.exe,C:\Windows\System32\svchost.exe,
0x000000000000131c,5,C:\Users\taro\AppData\Local\Microsoft\OneDrive\OneDriveStandaloneUpdater.exe,C:\Users\taro\AppData\Local\Microsoft\OneDrive\OneDriveStandaloneUpdater.exe,
0x0000000000002144,5,C:\Windows\System32\gpupdate.exe,C:\Windows\System32\gpupdate.exe,
0x0000000000002058,5,C:\Program Files (x86)\Microsoft\EdgeUpdate\MicrosoftEdgeUpdate.exe,C:\Program Files (x86)\Microsoft\EdgeUpdate\MicrosoftEdgeUpdate.exe,
0x0000000000001328,5,C:\Windows\System32\backgroundTaskHost.exe,C:\Windows\System32\backgroundTaskHost.exe,
0x000000000000134c,5,C:\Windows\System32\svchost.exe,C:\Windows\System32\svchost.exe,
0x00000000000007cc,5,C:\Windows\Microsoft.NET\Framework64\v4.0.30319\mscorsvw.exe,C:\Windows\Microsoft.NET\Framework64\v4.0.30319\mscorsvw.exe,
0x0000000000002a64,5,C:\Windows\System32\svchost.exe,C:\Windows\System32\svchost.exe,
0x0000000000002220,5,C:\Windows\System32\svchost.exe,C:\Windows\System32\backgroundTaskHost.exe,
0x0000000000001320,5,C:\Program Files (x86)\Microsoft\EdgeUpdate\MicrosoftEdgeUpdate.exe,C:\Program Files (x86)\Microsoft\EdgeUpdate\MicrosoftEdgeUpdate.exe,
0x00000000000013a4,5,C:\Users\taro\AppData\Local\Microsoft\OneDrive\24.025.0204.0003\FileCoAuth.exe,C:\Users\taro\AppData\Local\Microsoft\OneDrive\24.025.0204.0003\FileCoAuth.exe,
0x0000000000002028,5,C:\Windows\System32\svchost.exe,C:\Windows\System32\svchost.exe,
4132,5,,,\device\harddiskvolume3\windows\system32\taskhostw.exe
4160,5,,,\device\harddiskvolume3\windows\system32\backgroundtaskhost.exe
0x0000000000002b54,5,C:\Users\taro\AppData\Local\Microsoft\OneDrive\24.025.0204.0003\FileCoAuth.exe,C:\Users\taro\AppData\Local\Microsoft\OneDrive\24.025.0204.0003\FileCoAuth.exe,
0x0000000000000ba8,5,C:\Windows\System32\svchost.exe,C:\Windows\System32\svchost.exe,
0x00000000000017c8,5,C:\Program Files\RUXIM\RUXIMICS.exe,C:\Windows\System32\backgroundTaskHost.exe,
0x00000000000008d8,5,C:\Windows\Microsoft.NET\Framework64\v4.0.30319\mscorsvw.exe,C:\Windows\Microsoft.NET\Framework64\v4.0.30319\mscorsvw.exe,
0x00000000000008e0,5,C:\Users\taro\AppData\Local\Microsoft\OneDrive\24.025.0204.0003\FileCoAuth.exe,C:\Windows\System32\taskhostw.exe,
0x0000000000000890,5,C:\Windows\System32\svchost.exe,C:\Windows\System32\svchost.exe,
0x0000000000001be0,5,C:\Windows\System32\svchost.exe,C:\Windows\System32\svchost.exe,
0x0000000000001b90,5,C:\Windows\System32\backgroundTaskHost.exe,C:\Windows\System32\backgroundTaskHost.exe,
0x0000000000001b54,5,C:\Windows\System32\svchost.exe,C:\Windows\System32\svchost.exe,
0x00000000000018f0,5,C:\Program Files (x86)\Microsoft\EdgeUpdate\MicrosoftEdgeUpdate.exe,C:\Program Files (x86)\Microsoft\EdgeUpdate\MicrosoftEdgeUpdate.exe,
0x00000000000018f4,5,C:\Windows\System32\svchost.exe,C:\Windows\System32\svchost.exe,
0x0000000000000920,5,C:\Windows\System32\svchost.exe,C:\Windows\System32\svchost.exe,
0x00000000000008c8,5,C:\Windows\System32\svchost.exe,C:\Windows\System32\svchost.exe,
0x00000000000008d0,5,C:\Windows\System32\svchost.exe,C:\Windows\System32\svchost.exe,
0x0000000000001a00,5,C:\Windows\System32\svchost.exe,C:\Windows\System32\svchost.exe,
0x0000000000000220,5,C:\Windows\System32\MoUsoCoreWorker.exe,C:\Windows\System32\MoUsoCoreWorker.exe,
0x00000000000002f4,5,C:\Program Files (x86)\Microsoft\Edge\Application\msedge.exe,C:\Program Files (x86)\Microsoft\Edge\Application\msedge.exe,
0x0000000000000310,5,C:\Users\taro\AppData\Local\Microsoft\OneDrive\24.025.0204.0003\FileCoAuth.exe,C:\Users\taro\AppData\Local\Microsoft\OneDrive\24.025.0204.0003\FileCoAuth.exe,
0x00000000000001b0,5,C:\Windows\System32\backgroundTaskHost.exe,C:\Windows\System32\backgroundTaskHost.exe,
0x0000000000000180,5,C:\Program Files (x86)\Microsoft\EdgeUpdate\MicrosoftEdgeUpdate.exe,C:\Program Files (x86)\Microsoft\EdgeUpdate\MicrosoftEdgeUpdate.exe,
9956,5,,,\device\harddiskvolume3\windows\system32\backgroundtaskhost.exe
0x0000000000000364,5,C:\Users\taro\AppData\Local\Microsoft\EdgeUpdate\MicrosoftEdgeUpdate.exe,C:\Users\taro\AppData\Local\Microsoft\EdgeUpdate\MicrosoftEdgeUpdate.exe,
9272,5,,,\device\harddiskvolume3\windows\system32\svchost.exe
0x0000000000002660,5,C:\Windows\SysWOW64\WindowsPowerShell\v1.0\powershell.exe,C:\Windows\System32\svchost.exe,
0x000000000000056c,5,C:\Program Files\RUXIM\PLUGScheduler.exe,C:\Program Files\RUXIM\PLUGScheduler.exe,
0x00000000000026e4,5,C:\Windows\System32\svchost.exe,C:\Windows\System32\svchost.exe,
0x0000000000000118,5,C:\Windows\System32\taskhostw.exe,C:\Windows\System32\taskhostw.exe,
9716,5,,,\device\harddiskvolume3\windows\system32\taskhostw.exe
9568,5,,,\device\harddiskvolume3\windows\system32\backgroundtransferhost.exe
8012,5,,,\device\harddiskvolume3\windows\system32\compattelrunner.exe
0x0000000000001548,5,C:\Program Files (x86)\Microsoft\Edge\Application\msedge.exe,C:\Program Files (x86)\Microsoft\Edge\Application\msedge.exe,
0x0000000000001170,5,C:\Windows\System32\CompatTelRunner.exe,C:\Windows\System32\CompatTelRunner.exe,
0x0000000000001174,5,C:\Windows\System32\svchost.exe,C:\Windows\System32\svchost.exe,
0x000000000000269c,5,C:\Windows\Microsoft.NET\Framework64\v4.0.30319\mscorsvw.exe,C:\Windows\Microsoft.NET\Framework64\v4.0.30319\mscorsvw.exe,
0x0000000000001534,5,C:\Program Files (x86)\Microsoft\EdgeUpdate\MicrosoftEdgeUpdate.exe,C:\Program Files (x86)\Microsoft\EdgeUpdate\MicrosoftEdgeUpdate.exe,
0x0000000000001194,5,C:\Users\taro\AppData\Local\Microsoft\OneDrive\24.025.0204.0003\FileCoAuth.exe,C:\Users\taro\AppData\Local\Microsoft\OneDrive\24.025.0204.0003\FileCoAuth.exe,
0x0000000000001198,5,C:\Users\taro\AppData\Local\Microsoft\EdgeUpdate\MicrosoftEdgeUpdate.exe,C:\Windows\System32\SearchIndexer.exe,
0x0000000000001150,5,C:\Windows\System32\svchost.exe,C:\Windows\System32\svchost.exe,
10732,5,,,\device\harddiskvolume3\windows\system32\taskhostw.exe
0x000000000000115c,5,C:\Windows\System32\backgroundTaskHost.exe,C:\Windows\System32\backgroundTaskHost.exe,
0x0000000000001160,5,C:\Users\taro\AppData\Local\Microsoft\EdgeUpdate\MicrosoftEdgeUpdate.exe,C:\Users\taro\AppData\Local\Microsoft\EdgeUpdate\MicrosoftEdgeUpdate.exe,
0x0000000000001bcc,4,C:\Users\taro\AppData\Local\Microsoft\OneDrive\24.025.0204.0003\FileCoAuth.exe,C:\Users\taro\AppData\Local\Microsoft\OneDrive\24.025.0204.0003\FileCoAuth.exe,
0x00000000000011a4,4,C:\Windows\System32\taskhostw.exe,C:\Windows\System32\taskhostw.exe,
10832,4,,,\device\harddiskvolume3\windows\system32\taskhostw.exe
0x0000000000001184,4,C:\Windows\System32\CompatTelRunner.exe,C:\Windows\System32\CompatTelRunner.exe,
0x000000000000199c,4,C:\Program Files (x86)\Microsoft\EdgeUpdate\MicrosoftEdgeUpdate.exe,C:\Program Files (x86)\Microsoft\EdgeUpdate\MicrosoftEdgeUpdate.exe,
0x00000000000019f0,4,C:\Program Files (x86)\Microsoft\EdgeUpdate\MicrosoftEdgeUpdate.exe,C:\Program Files (x86)\Microsoft\EdgeUpdate\MicrosoftEdgeUpdate.exe,
0x0000000000002694,4,C:\Program Files (x86)\Microsoft\EdgeUpdate\MicrosoftEdgeUpdate.exe,C:\Program Files (x86)\Microsoft\EdgeUpdate\MicrosoftEdgeUpdate.exe,
0x00000000000001c4,4,C:\Program Files (x86)\Microsoft\EdgeUpdate\MicrosoftEdgeUpdate.exe,C:\Program Files (x86)\Microsoft\EdgeUpdate\MicrosoftEdgeUpdate.exe,
0x000000000000012c,4,C:\Windows\System32\RuntimeBroker.exe,C:\Windows\System32\RuntimeBroker.exe,
0x0000000000002658,4,C:\Program Files (x86)\Microsoft\EdgeUpdate\MicrosoftEdgeUpdate.exe,C:\Program Files (x86)\Microsoft\EdgeUpdate\MicrosoftEdgeUpdate.exe,
0x0000000000001c18,4,C:\Windows\System32\svchost.exe,C:\Windows\System32\svchost.exe,
0x0000000000001064,4,C:\Windows\System32\svchost.exe,C:\Windows\System32\svchost.exe,
0x0000000000001244,4,C:\Windows\Microsoft.NET\Framework64\v4.0.30319\mscorsvw.exe,C:\Windows\Microsoft.NET\Framework64\v4.0.30319\mscorsvw.exe,
0x0000000000001250,4,C:\Program Files (x86)\Microsoft\Edge\Application\msedge.exe,C:\Program Files (x86)\Microsoft\Edge\Application\msedge.exe,
0x00000000000010bc,4,C:\Windows\System32\conhost.exe,C:\Windows\System32\conhost.exe,
11076,4,,,\device\harddiskvolume3\windows\system32\taskhostw.exe
0x000000000000261c,4,C:\Program Files\RUXIM\PLUGScheduler.exe,C:\Program Files\RUXIM\PLUGScheduler.exe,
0x00000000000026cc,4,C:\Users\taro\AppData\Local\Microsoft\OneDrive\24.025.0204.0003\FileCoAuth.exe,C:\Users\taro\AppData\Local\Microsoft\OneDrive\24.025.0204.0003\FileCoAuth.exe,
0x0000000000000d7c,4,C:\Program Files (x86)\Microsoft\EdgeUpdate\MicrosoftEdgeUpdate.exe,C:\Program Files (x86)\Microsoft\EdgeUpdate\MicrosoftEdgeUpdate.exe,
0x0000000000000718,4,C:\Users\taro\AppData\Local\Microsoft\EdgeUpdate\MicrosoftEdgeUpdate.exe,C:\Users\taro\AppData\Local\Microsoft\EdgeUpdate\MicrosoftEdgeUpdate.exe,
5948,4,,,\device\harddiskvolume3\windows\system32\taskhostw.exe
0x0000000000002728,4,C:\Program Files (x86)\Microsoft\EdgeUpdate\Install\{60D8DA2C-F7BE-4542-A0BD-16AA842918B2}\MicrosoftEdge_X64_122.0.2365.80_122.0.2365.66.exe,C:\Program Files (x86)\Microsoft\EdgeUpdate\Install\{60D8DA2C-F7BE-4542-A0BD-16AA842918B2}\MicrosoftEdge_X64_122.0.2365.80_122.0.2365.66.exe,
0x0000000000001254,4,C:\Program Files (x86)\Microsoft\EdgeUpdate\MicrosoftEdgeUpdate.exe,C:\Program Files (x86)\Microsoft\EdgeUpdate\MicrosoftEdgeUpdate.exe,
0x00000000000018e4,4,C:\Windows\System32\svchost.exe,C:\Windows\System32\svchost.exe,
0x0000000000001c48,4,C:\Program Files (x86)\Microsoft\Edge\Application\msedge.exe,C:\Program Files (x86)\Microsoft\Edge\Application\msedge.exe,
0x00000000000018fc,4,C:\Users\taro\AppData\Local\Microsoft\OneDrive\24.025.0204.0003\FileCoAuth.exe,C:\Users\taro\AppData\Local\Microsoft\OneDrive\24.025.0204.0003\FileCoAuth.exe,
0x0000000000002740,4,C:\Windows\System32\svchost.exe,C:\Windows\System32\svchost.exe,
0x0000000000002744,4,C:\Windows\System32\svchost.exe,C:\Windows\System32\svchost.exe,
5960,4,,,\device\harddiskvolume3\windows\system32\taskhostw.exe
0x0000000000000594,4,C:\Program Files\WindowsApps\microsoft.windowscommunicationsapps_16005.14326.21830.0_x64__8wekyb3d8bbwe\HxTsr.exe,C:\Program Files\WindowsApps\microsoft.windowscommunicationsapps_16005.14326.21830.0_x64__8wekyb3d8bbwe\HxTsr.exe,
0x00000000000026e8,4,C:\Windows\System32\svchost.exe,C:\Windows\System32\svchost.exe,
7964,4,,,\device\harddiskvolume3\windows\system32\backgroundtaskhost.exe
7992,4,,,\device\harddiskvolume3\windows\system32\sihclient.exe
0x0000000000000d78,4,C:\Users\taro\AppData\Local\Microsoft\OneDrive\24.040.0225.0003\FileCoAuth.exe,C:\Users\taro\AppData\Local\Microsoft\OneDrive\24.040.0225.0003\FileCoAuth.exe,
0x0000000000000d64,4,C:\Program Files\RUXIM\PLUGScheduler.exe,C:\Program Files\RUXIM\PLUGScheduler.exe,
0x0000000000000db8,4,C:\Users\taro\AppData\Local\Microsoft\OneDrive\24.025.0204.0003\FileCoAuth.exe,C:\Users\taro\AppData\Local\Microsoft\OneDrive\24.025.0204.0003\FileCoAuth.exe,
0x000000000000150c,4,C:\Windows\Microsoft.NET\Framework\v4.0.30319\mscorsvw.exe,C:\Windows\Microsoft.NET\Framework\v4.0.30319\mscorsvw.exe,
0x0000000000002700,4,C:\Users\taro\AppData\Local\Microsoft\EdgeUpdate\MicrosoftEdgeUpdate.exe,C:\Users\taro\AppData\Local\Microsoft\EdgeUpdate\MicrosoftEdgeUpdate.exe,
0x0000000000002768,4,C:\Program Files (x86)\Microsoft\EdgeUpdate\MicrosoftEdgeUpdate.exe,C:\Program Files (x86)\Microsoft\EdgeUpdate\MicrosoftEdgeUpdate.exe,
0x000000000000268c,4,C:\Windows\System32\conhost.exe,C:\Windows\System32\conhost.exe,
0x00000000000025f4,4,C:\Windows\Microsoft.NET\Framework\v4.0.30319\ngentask.exe,C:\Windows\Microsoft.NET\Framework\v4.0.30319\ngentask.exe,
0x00000000000025f8,4,C:\Users\taro\AppData\Local\Microsoft\EdgeUpdate\MicrosoftEdgeUpdate.exe,C:\Users\taro\AppData\Local\Microsoft\EdgeUpdate\MicrosoftEdgeUpdate.exe,
0x00000000000016a4,4,C:\Users\taro\AppData\Local\Microsoft\OneDrive\24.025.0204.0003\FileCoAuth.exe,C:\Users\taro\AppData\Local\Microsoft\OneDrive\24.025.0204.0003\FileCoAuth.exe,
0x00000000000022b0,4,C:\Users\taro\AppData\Local\Microsoft\EdgeUpdate\MicrosoftEdgeUpdate.exe,C:\Users\taro\AppData\Local\Microsoft\EdgeUpdate\MicrosoftEdgeUpdate.exe,
0x00000000000022b4,4,C:\Windows\System32\svchost.exe,C:\Windows\System32\svchost.exe,
0x00000000000016c8,4,C:\Users\taro\AppData\Local\Microsoft\OneDrive\24.025.0204.0003\FileCoAuth.exe,C:\Users\taro\AppData\Local\Microsoft\OneDrive\24.025.0204.0003\FileCoAuth.exe,
0x00000000000004a4,4,C:\Windows\System32\backgroundTaskHost.exe,C:\Windows\System32\backgroundTaskHost.exe,
0x000000000000228c,4,C:\Windows\System32\svchost.exe,C:\Windows\System32\svchost.exe,
0x00000000000016f0,4,C:\Windows\System32\svchost.exe,C:\Windows\System32\svchost.exe,
0x00000000000022a8,4,C:\Users\taro\AppData\Local\Microsoft\EdgeUpdate\MicrosoftEdgeUpdate.exe,C:\Users\taro\AppData\Local\Microsoft\EdgeUpdate\MicrosoftEdgeUpdate.exe,
0x000000000000170c,4,C:\Users\taro\AppData\Local\Microsoft\OneDrive\24.025.0204.0003\FileCoAuth.exe,C:\Users\taro\AppData\Local\Microsoft\OneDrive\24.025.0204.0003\FileCoAuth.exe,
0x00000000000020dc,4,C:\Program Files (x86)\Microsoft\EdgeUpdate\MicrosoftEdgeUpdate.exe,C:\Program Files (x86)\Microsoft\EdgeUpdate\MicrosoftEdgeUpdate.exe,
0x00000000000021ec,4,C:\Users\taro\AppData\Local\Microsoft\OneDrive\24.025.0204.0003\FileCoAuth.exe,C:\Users\taro\AppData\Local\Microsoft\OneDrive\24.025.0204.0003\FileCoAuth.exe,
0x0000000000002a18,4,C:\Windows\System32\RuntimeBroker.exe,C:\Windows\System32\RuntimeBroker.exe,
0x0000000000002a1c,4,C:\Windows\System32\RuntimeBroker.exe,C:\Windows\System32\RuntimeBroker.exe,
0x0000000000002a2c,4,C:\Windows\System32\MusNotification.exe,C:\Windows\System32\MusNotification.exe,
0x000000000000211c,4,C:\Program Files\RUXIM\RUXIMICS.exe,C:\Program Files\RUXIM\RUXIMICS.exe,
0x0000000000001720,4,C:\Windows\System32\svchost.exe,C:\Windows\System32\svchost.exe,
0x0000000000002a4c,4,C:\Windows\System32\svchost.exe,C:\Windows\System32\svchost.exe,
0x00000000000029a4,4,C:\Users\taro\AppData\Local\Microsoft\EdgeUpdate\MicrosoftEdgeUpdate.exe,C:\Users\taro\AppData\Local\Microsoft\EdgeUpdate\MicrosoftEdgeUpdate.exe,
0x00000000000029ac,4,C:\Windows\System32\SppExtComObj.Exe,C:\Windows\System32\SppExtComObj.Exe,
0x00000000000029b0,4,C:\Users\taro\AppData\Local\Microsoft\EdgeUpdate\MicrosoftEdgeUpdate.exe,C:\Users\taro\AppData\Local\Microsoft\EdgeUpdate\MicrosoftEdgeUpdate.exe,
0x0000000000001428,4,C:\Users\taro\AppData\Local\Microsoft\EdgeUpdate\MicrosoftEdgeUpdate.exe,C:\Users\taro\AppData\Local\Microsoft\EdgeUpdate\MicrosoftEdgeUpdate.exe,
0x0000000000002b5c,4,C:\Users\taro\AppData\Local\Microsoft\EdgeUpdate\MicrosoftEdgeUpdate.exe,C:\Users\taro\AppData\Local\Microsoft\EdgeUpdate\MicrosoftEdgeUpdate.exe,
0x00000000000029e0,4,C:\Users\taro\AppData\Local\Microsoft\OneDrive\24.040.0225.0003\FileCoAuth.exe,C:\Users\taro\AppData\Local\Microsoft\OneDrive\24.040.0225.0003\FileCoAuth.exe,
0x00000000000029f8,4,C:\Users\taro\AppData\Local\Microsoft\OneDrive\24.025.0204.0003\FileCoAuth.exe,C:\Users\taro\AppData\Local\Microsoft\OneDrive\24.025.0204.0003\FileCoAuth.exe,
0x0000000000002b20,4,C:\ProgramData\Microsoft\Windows Defender\Platform\4.18.24010.12-0\MsMpEng.exe,C:\ProgramData\Microsoft\Windows Defender\Platform\4.18.24010.12-0\MsMpEng.exe,
0x0000000000002b38,4,C:\Users\taro\AppData\Local\Microsoft\OneDrive\24.040.0225.0003\FileCoAuth.exe,C:\Users\taro\AppData\Local\Microsoft\OneDrive\24.040.0225.0003\FileCoAuth.exe,
0x00000000000007b8,4,C:\Windows\System32\svchost.exe,C:\Windows\System32\svchost.exe,
0x0000000000000794,4,C:\Users\taro\AppData\Local\Microsoft\OneDrive\24.025.0204.0003\FileCoAuth.exe,C:\Users\taro\AppData\Local\Microsoft\OneDrive\24.025.0204.0003\FileCoAuth.exe,
0x000000000000205c,4,C:\Users\taro\AppData\Local\Microsoft\OneDrive\24.025.0204.0003\FileCoAuth.exe,C:\Users\taro\AppData\Local\Microsoft\OneDrive\24.025.0204.0003\FileCoAuth.exe,
0x0000000000002024,4,C:\Program Files (x86)\Microsoft\Edge\Application\msedge.exe,C:\Program Files (x86)\Microsoft\Edge\Application\msedge.exe,
0x0000000000000374,4,C:\Windows\Microsoft.NET\Framework64\v4.0.30319\ngen.exe,C:\Windows\Microsoft.NET\Framework64\v4.0.30319\ngen.exe,
0x00000000000007a0,4,C:\Program Files (x86)\Microsoft\EdgeUpdate\MicrosoftEdgeUpdate.exe,C:\Program Files (x86)\Microsoft\EdgeUpdate\MicrosoftEdgeUpdate.exe,
0x0000000000002a80,4,C:\Windows\System32\backgroundTaskHost.exe,C:\Windows\System32\backgroundTaskHost.exe,
0x0000000000000854,4,C:\Windows\System32\CompatTelRunner.exe,C:\Windows\System32\CompatTelRunner.exe,
0x0000000000000858,4,C:\Windows\System32\svchost.exe,C:\Windows\System32\svchost.exe,
0x0000000000000eb4,4,C:\Users\taro\AppData\Local\Microsoft\OneDrive\24.025.0204.0003\FileCoAuth.exe,C:\Users\taro\AppData\Local\Microsoft\OneDrive\24.025.0204.0003\FileCoAuth.exe,
0x0000000000000ec4,4,C:\Windows\Microsoft.NET\Framework64\v4.0.30319\mscorsvw.exe,C:\Windows\Microsoft.NET\Framework64\v4.0.30319\mscorsvw.exe,
2688,4,,,\device\harddiskvolume3\windows\system32\backgroundtaskhost.exe
0x0000000000000c4c,4,C:\Windows\System32\svchost.exe,C:\Windows\System32\svchost.exe,
7636,4,,,\device\harddiskvolume3\windows\system32\taskhostw.exe
0x00000000000020cc,4,C:\Users\taro\AppData\Local\Microsoft\OneDrive\24.025.0204.0003\FileCoAuth.exe,C:\Users\taro\AppData\Local\Microsoft\OneDrive\24.025.0204.0003\FileCoAuth.exe,
0x0000000000002064,4,C:\Program Files (x86)\Microsoft\Edge\Application\122.0.2365.92\identity_helper.exe,C:\Program Files (x86)\Microsoft\Edge\Application\122.0.2365.92\identity_helper.exe,
0x0000000000002074,4,C:\Windows\System32\svchost.exe,C:\Windows\System32\svchost.exe,
0x0000000000000b94,4,C:\Windows\System32\CompatTelRunner.exe,C:\Windows\System32\CompatTelRunner.exe,
0x0000000000000ac0,4,C:\Windows\System32\svchost.exe,C:\Windows\System32\svchost.exe,
0x00000000000021b4,4,C:\Users\taro\AppData\Local\Microsoft\OneDrive\24.025.0204.0003\FileCoAuth.exe,C:\Users\taro\AppData\Local\Microsoft\OneDrive\24.025.0204.0003\FileCoAuth.exe,
0x00000000000021bc,4,C:\Program Files (x86)\Microsoft\Edge\Application\msedge.exe,C:\Program Files (x86)\Microsoft\Edge\Application\msedge.exe,
0x0000000000000bac,4,C:\Windows\Microsoft.NET\Framework64\v4.0.30319\mscorsvw.exe,C:\Windows\Microsoft.NET\Framework64\v4.0.30319\mscorsvw.exe,
0x00000000000003d0,4,C:\Windows\Microsoft.NET\Framework\v4.0.30319\mscorsvw.exe,C:\Windows\Microsoft.NET\Framework\v4.0.30319\mscorsvw.exe,
0x0000000000002b08,4,C:\Windows\System32\backgroundTaskHost.exe,C:\Windows\System32\backgroundTaskHost.exe,
0x000000000000207c,4,C:\Windows\System32\svchost.exe,C:\Windows\System32\svchost.exe,
0x0000000000002090,4,C:\Windows\System32\svchost.exe,C:\Windows\System32\svchost.exe,
0x0000000000002094,4,C:\Windows\System32\backgroundTaskHost.exe,C:\Windows\System32\backgroundTaskHost.exe,
0x0000000000002098,4,C:\Windows\System32\LogonUI.exe,C:\Windows\System32\LogonUI.exe,
0x00000000000020f0,4,C:\Users\taro\AppData\Local\Microsoft\OneDrive\24.025.0204.0003\FileCoAuth.exe,C:\Users\taro\AppData\Local\Microsoft\OneDrive\24.025.0204.0003\FileCoAuth.exe,
0x00000000000020c0,4,C:\Users\taro\AppData\Local\Microsoft\OneDrive\24.025.0204.0003\FileCoAuth.exe,C:\Users\taro\AppData\Local\Microsoft\OneDrive\24.025.0204.0003\FileCoAuth.exe,
0x0000000000000860,4,C:\Windows\System32\svchost.exe,C:\Windows\System32\svchost.exe,
0x0000000000000808,4,C:\Program Files (x86)\Microsoft\EdgeUpdate\MicrosoftEdgeUpdate.exe,C:\Program Files (x86)\Microsoft\EdgeUpdate\MicrosoftEdgeUpdate.exe,
0x0000000000002b40,4,C:\Program Files (x86)\Microsoft\EdgeUpdate\MicrosoftEdgeUpdate.exe,C:\Program Files (x86)\Microsoft\EdgeUpdate\MicrosoftEdgeUpdate.exe,
0x0000000000002b44,4,C:\Windows\System32\svchost.exe,C:\Windows\System32\svchost.exe,
0x0000000000001f64,4,C:\Windows\System32\svchost.exe,C:\Windows\System32\svchost.exe,
0x0000000000000804,4,C:\Windows\System32\svchost.exe,C:\Windows\System32\svchost.exe,
4484,4,,,\device\harddiskvolume3\windows\system32\compattelrunner.exe
4500,4,,,\device\harddiskvolume3\windows\system32\taskhostw.exe
0x000000000000041c,4,C:\Program Files (x86)\Microsoft\EdgeUpdate\MicrosoftEdgeUpdate.exe,C:\Program Files (x86)\Microsoft\EdgeUpdate\MicrosoftEdgeUpdate.exe,
0x0000000000001f48,4,C:\Program Files (x86)\Microsoft\Edge\Application\msedge.exe,C:\Program Files (x86)\Microsoft\Edge\Application\msedge.exe,
8588,4,,,\device\harddiskvolume3\windows\system32\svchost.exe
0x0000000000001f5c,4,C:\Windows\System32\cmd.exe,C:\Windows\System32\cmd.exe,
0x000000000000178c,4,C:\Users\taro\AppData\Local\Microsoft\EdgeUpdate\MicrosoftEdgeUpdate.exe,C:\Users\taro\AppData\Local\Microsoft\EdgeUpdate\MicrosoftEdgeUpdate.exe,
0x0000000000000a9c,4,C:\Users\taro\AppData\Local\Microsoft\EdgeUpdate\MicrosoftEdgeUpdate.exe,C:\Users\taro\AppData\Local\Microsoft\EdgeUpdate\MicrosoftEdgeUpdate.exe,
0x0000000000000ab8,4,C:\Program Files (x86)\Microsoft\EdgeUpdate\MicrosoftEdgeUpdate.exe,C:\Program Files (x86)\Microsoft\EdgeUpdate\MicrosoftEdgeUpdate.exe,
5404,4,,,\device\harddiskvolume3\program files (x86)\microsoft\edgeupdate\microsoftedgeupdate.exe
0x0000000000000fb4,4,C:\Users\taro\AppData\Local\Microsoft\OneDrive\24.025.0204.0003\FileCoAuth.exe,C:\Users\taro\AppData\Local\Microsoft\OneDrive\24.025.0204.0003\FileCoAuth.exe,
0x0000000000002b70,4,C:\Windows\System32\svchost.exe,C:\Windows\System32\svchost.exe,
10292,4,,,\device\harddiskvolume3\xampp\htdocs\nc64.exe
0x0000000000002abc,4,C:\Program Files (x86)\Microsoft\EdgeUpdate\MicrosoftEdgeUpdate.exe,C:\Program Files (x86)\Microsoft\EdgeUpdate\MicrosoftEdgeUpdate.exe,
0x0000000000001e4c,4,C:\Windows\System32\svchost.exe,C:\Windows\System32\svchost.exe,
0x0000000000001e74,4,C:\Users\taro\AppData\Local\Microsoft\OneDrive\24.025.0204.0003\FileCoAuth.exe,C:\Users\taro\AppData\Local\Microsoft\OneDrive\24.025.0204.0003\FileCoAuth.exe,
0x000000000000185c,4,C:\Windows\System32\svchost.exe,C:\Windows\System32\svchost.exe,
0x0000000000001f6c,4,C:\Program Files (x86)\Microsoft\EdgeUpdate\MicrosoftEdgeUpdate.exe,C:\Program Files (x86)\Microsoft\EdgeUpdate\MicrosoftEdgeUpdate.exe,
0x00000000000018b4,4,C:\Windows\System32\RuntimeBroker.exe,C:\Windows\System32\RuntimeBroker.exe,
0x00000000000018b8,4,C:\Users\taro\AppData\Local\Microsoft\OneDrive\24.025.0204.0003\FileCoAuth.exe,C:\Windows\System32\backgroundTaskHost.exe,
0x00000000000017e0,4,C:\Windows\System32\dwm.exe,C:\Windows\System32\taskhostw.exe,
0x000000000000180c,4,C:\Windows\System32\svchost.exe,C:\Windows\System32\svchost.exe,
0x00000000000017b4,4,C:\Windows\Microsoft.NET\Framework\v4.0.30319\mscorsvw.exe,C:\Windows\Microsoft.NET\Framework\v4.0.30319\mscorsvw.exe,
0x0000000000000ba4,4,C:\Windows\Microsoft.NET\Framework64\v4.0.30319\mscorsvw.exe,C:\Windows\Microsoft.NET\Framework64\v4.0.30319\mscorsvw.exe,
0x0000000000002b98,4,C:\Program Files (x86)\Microsoft\EdgeUpdate\MicrosoftEdgeUpdate.exe,C:\Program Files (x86)\Microsoft\EdgeUpdate\MicrosoftEdgeUpdate.exe,
0x0000000000000f90,4,C:\Windows\System32\CompatTelRunner.exe,C:\Windows\System32\CompatTelRunner.exe,
0x00000000000007a8,4,C:\Windows\Microsoft.NET\Framework64\v4.0.30319\mscorsvw.exe,C:\Windows\Microsoft.NET\Framework64\v4.0.30319\mscorsvw.exe,
0x0000000000000c2c,4,C:\Windows\System32\MoUsoCoreWorker.exe,C:\Windows\System32\MoUsoCoreWorker.exe,
0x0000000000000544,4,C:\Windows\System32\SIHClient.exe,C:\Windows\System32\backgroundTaskHost.exe,
0x0000000000001894,4,C:\Users\taro\AppData\Local\Microsoft\EdgeUpdate\MicrosoftEdgeUpdate.exe,C:\Users\taro\AppData\Local\Microsoft\EdgeUpdate\MicrosoftEdgeUpdate.exe,
0x0000000000001ecc,4,C:\Program Files (x86)\Microsoft\Edge\Application\msedge.exe,C:\Program Files (x86)\Microsoft\Edge\Application\msedge.exe,
0x00000000000009f0,4,C:\Windows\System32\conhost.exe,C:\Windows\System32\conhost.exe,
0x00000000000007d4,4,C:\Program Files (x86)\Microsoft\EdgeUpdate\MicrosoftEdgeUpdate.exe,C:\Program Files (x86)\Microsoft\EdgeUpdate\MicrosoftEdgeUpdate.exe,
0x0000000000001ef4,4,C:\Windows\SoftwareDistribution\Download\Install\AM_Delta_Patch_1.407.320.0.exe,C:\Windows\SoftwareDistribution\Download\Install\AM_Delta_Patch_1.407.320.0.exe,
0x00000000000015dc,4,C:\Users\taro\AppData\Local\Microsoft\OneDrive\24.025.0204.0003\FileCoAuth.exe,C:\Windows\System32\backgroundTaskHost.exe,
0x000000000000165c,4,C:\Users\taro\AppData\Local\Microsoft\OneDrive\24.025.0204.0003\FileCoAuth.exe,C:\Users\taro\AppData\Local\Microsoft\OneDrive\24.025.0204.0003\FileCoAuth.exe,
0x0000000000001628,4,C:\Windows\System32\conhost.exe,C:\Windows\System32\conhost.exe,
0x0000000000001638,4,C:\Windows\System32\svchost.exe,C:\Windows\System32\svchost.exe,
0x000000000000239c,4,C:\Program Files (x86)\Microsoft\Edge\Application\msedge.exe,C:\Program Files (x86)\Microsoft\Edge\Application\msedge.exe,
0x00000000000023a8,4,C:\Program Files (x86)\Microsoft\Edge\Application\msedge.exe,C:\Windows\System32\backgroundTaskHost.exe,
0x000000000000140c,4,C:\Program Files\RUXIM\PLUGScheduler.exe,C:\Program Files\RUXIM\PLUGScheduler.exe,
0x0000000000000c0c,4,C:\Windows\System32\svchost.exe,C:\Windows\System32\svchost.exe,
0x00000000000022ec,4,C:\Windows\System32\backgroundTaskHost.exe,C:\Windows\System32\backgroundTaskHost.exe,
0x0000000000002264,4,C:\Windows\System32\svchost.exe,C:\Windows\System32\svchost.exe,
0x00000000000023d8,4,C:\Users\taro\AppData\Local\Microsoft\OneDrive\24.025.0204.0003\FileCoAuth.exe,C:\Users\taro\AppData\Local\Microsoft\OneDrive\24.025.0204.0003\FileCoAuth.exe,
0x00000000000022cc,4,C:\Program Files (x86)\Microsoft\EdgeUpdate\MicrosoftEdgeUpdate.exe,C:\Program Files (x86)\Microsoft\EdgeUpdate\MicrosoftEdgeUpdate.exe,
0x000000000000235c,4,C:\Windows\System32\WindowsPowerShell\v1.0\powershell.exe,C:\Windows\System32\WindowsPowerShell\v1.0\powershell.exe,
0x0000000000002360,4,C:\Windows\System32\svchost.exe,C:\Windows\System32\svchost.exe,
3840,4,,,\device\harddiskvolume3\windows\system32\taskhostw.exe
0x0000000000000c10,4,C:\Program Files (x86)\Microsoft\EdgeUpdate\MicrosoftEdgeUpdate.exe,C:\Program Files (x86)\Microsoft\EdgeUpdate\MicrosoftEdgeUpdate.exe,
3756,4,,,\device\harddiskvolume3\windows\system32\svchost.exe
3600,4,,,\device\harddiskvolume3\windows\system32\taskhostw.exe
0x0000000000000cec,4,C:\Program Files\RUXIM\PLUGScheduler.exe,C:\Program Files\RUXIM\PLUGScheduler.exe,
0x00000000000015d4,4,C:\Users\taro\AppData\Local\Microsoft\OneDrive\24.025.0204.0003\FileCoAuth.exe,C:\Users\taro\AppData\Local\Microsoft\OneDrive\24.025.0204.0003\FileCoAuth.exe,
0x0000000000002410,4,C:\Users\taro\AppData\Local\Microsoft\EdgeUpdate\MicrosoftEdgeUpdate.exe,C:\Users\taro\AppData\Local\Microsoft\EdgeUpdate\MicrosoftEdgeUpdate.exe,
0x0000000000002418,4,C:\Users\taro\AppData\Local\Microsoft\OneDrive\24.025.0204.0003\FileCoAuth.exe,C:\Users\taro\AppData\Local\Microsoft\OneDrive\24.025.0204.0003\FileCoAuth.exe,
0x000000000000164c,4,C:\Windows\System32\backgroundTaskHost.exe,C:\Windows\System32\backgroundTaskHost.exe,
0x0000000000000cf4,4,C:\Windows\Microsoft.NET\Framework64\v4.0.30319\ngen.exe,C:\Windows\Microsoft.NET\Framework64\v4.0.30319\ngen.exe,
0x0000000000002a44,4,C:\Users\taro\AppData\Local\Microsoft\OneDrive\24.025.0204.0003\FileCoAuth.exe,C:\Users\taro\AppData\Local\Microsoft\OneDrive\24.025.0204.0003\FileCoAuth.exe,
5724,4,,,\device\harddiskvolume3\users\taro\appdata\local\microsoft\onedrive\24.025.0204.0003\microsoft.sharepoint.exe
0x0000000000002330,4,C:\Windows\System32\backgroundTaskHost.exe,C:\Windows\System32\backgroundTaskHost.exe,
0x0000000000002340,4,C:\Users\taro\AppData\Local\Microsoft\OneDrive\24.025.0204.0003\FileCoAuth.exe,C:\Users\taro\AppData\Local\Microsoft\OneDrive\24.025.0204.0003\FileCoAuth.exe,
0x0000000000002258,4,C:\Windows\System32\svchost.exe,C:\Windows\System32\svchost.exe,
5776,4,,,\device\harddiskvolume3\windows\system32\svchost.exe
0x000000000000087c,4,C:\Windows\System32\svchost.exe,C:\Windows\System32\svchost.exe,
0x0000000000000d14,4,C:\Windows\Microsoft.NET\Framework\v4.0.30319\mscorsvw.exe,C:\Windows\Microsoft.NET\Framework\v4.0.30319\mscorsvw.exe,
0x0000000000002904,4,C:\Windows\System32\svchost.exe,C:\Windows\System32\svchost.exe,
0x0000000000002918,4,C:\Windows\Microsoft.NET\Framework\v4.0.30319\ngen.exe,C:\Windows\Microsoft.NET\Framework\v4.0.30319\ngen.exe,
0x00000000000028c0,4,C:\Program Files (x86)\Microsoft\Edge\Application\msedge.exe,C:\Program Files (x86)\Microsoft\Edge\Application\msedge.exe,
0x000000000000247c,4,C:\Windows\System32\svchost.exe,C:\Windows\System32\svchost.exe,
0x000000000000248c,4,C:\Windows\System32\svchost.exe,C:\Windows\System32\svchost.exe,
0x00000000000024a4,4,C:\Users\taro\AppData\Local\Microsoft\OneDrive\24.025.0204.0003\FileCoAuth.exe,C:\Users\taro\AppData\Local\Microsoft\OneDrive\24.025.0204.0003\FileCoAuth.exe,
0x0000000000001564,4,C:\Windows\System32\TSTheme.exe,C:\Windows\System32\TSTheme.exe,
0x0000000000002938,4,C:\Windows\System32\svchost.exe,C:\Windows\System32\svchost.exe,
0x0000000000000e90,4,C:\Program Files (x86)\Microsoft\EdgeUpdate\MicrosoftEdgeUpdate.exe,C:\Program Files (x86)\Microsoft\EdgeUpdate\MicrosoftEdgeUpdate.exe,
0x0000000000001e44,4,C:\Windows\System32\backgroundTaskHost.exe,C:\Windows\System32\backgroundTaskHost.exe,
0x0000000000001ef8,4,C:\Program Files (x86)\Microsoft\Edge\Application\msedge.exe,C:\Program Files (x86)\Microsoft\Edge\Application\msedge.exe,
0x0000000000001f00,4,C:\Program Files (x86)\Microsoft\EdgeUpdate\MicrosoftEdgeUpdate.exe,C:\Program Files (x86)\Microsoft\EdgeUpdate\MicrosoftEdgeUpdate.exe,
0x00000000000028d8,4,C:\Windows\System32\backgroundTaskHost.exe,C:\Windows\System32\backgroundTaskHost.exe,
0x00000000000028e4,4,C:\Users\taro\AppData\Local\Microsoft\OneDrive\Update\OneDriveSetup.exe,C:\Users\taro\AppData\Local\Microsoft\OneDrive\Update\OneDriveSetup.exe,
0x0000000000002848,4,C:\Program Files (x86)\Microsoft\Edge\Application\msedge.exe,C:\Program Files (x86)\Microsoft\Edge\Application\msedge.exe,
0x0000000000002890,4,C:\Users\taro\AppData\Local\Microsoft\EdgeUpdate\MicrosoftEdgeUpdate.exe,C:\Users\taro\AppData\Local\Microsoft\EdgeUpdate\MicrosoftEdgeUpdate.exe,
7456,4,,,\device\harddiskvolume3\windows\system32\backgroundtaskhost.exe
0x00000000000012c4,4,C:\Program Files (x86)\Microsoft\EdgeUpdate\Install\{4662CB1C-F771-47CC-9C76-9929F3C95712}\EDGEMITMP_A7674.tmp\setup.exe,C:\Program Files (x86)\Microsoft\EdgeUpdate\Install\{4662CB1C-F771-47CC-9C76-9929F3C95712}\EDGEMITMP_A7674.tmp\setup.exe,
0x000000000000064c,4,C:\Windows\System32\gpupdate.exe,C:\Windows\System32\gpupdate.exe,
0x0000000000000654,4,C:\Windows\Microsoft.NET\Framework64\v4.0.30319\mscorsvw.exe,C:\Windows\Microsoft.NET\Framework64\v4.0.30319\mscorsvw.exe,
2080,4,,,\device\harddiskvolume3\windows\system32\svchost.exe
2164,4,,,\device\harddiskvolume3\windows\system32\taskhostw.exe
0x0000000000000e80,4,C:\Windows\System32\svchost.exe,C:\Windows\System32\svchost.exe,
0x0000000000000e8c,4,C:\Windows\System32\svchost.exe,C:\Windows\System32\svchost.exe,
0x0000000000001204,4,C:\Windows\System32\MusNotification.exe,C:\Windows\System32\MusNotification.exe,
0x000000000000120c,4,C:\Users\taro\AppData\Local\Microsoft\OneDrive\24.025.0204.0003\FileCoAuth.exe,C:\Users\taro\AppData\Local\Microsoft\OneDrive\24.025.0204.0003\FileCoAuth.exe,
2104,4,,,
6444,4,,,\device\harddiskvolume3\windows\system32\backgroundtaskhost.exe
6524,4,,,\device\harddiskvolume3\windows\system32\taskhostw.exe
0x0000000000002bd0,4,C:\Users\taro\AppData\Local\Microsoft\OneDrive\24.025.0204.0003\FileCoAuth.exe,C:\Users\taro\AppData\Local\Microsoft\OneDrive\24.025.0204.0003\FileCoAuth.exe,
10324,4,,,\device\harddiskvolume3\users\taro\appdata\local\microsoft\edgeupdate\microsoftedgeupdate.exe
10136,4,,,\device\harddiskvolume3\program files\windowsapps\microsoft.xboxgamingoverlay_7.124.2141.0_x64__8wekyb3d8bbwe\gamebar.exe
0x000000000000281c,4,C:\Users\taro\AppData\Local\Microsoft\OneDrive\24.025.0204.0003\FileCoAuth.exe,C:\Users\taro\AppData\Local\Microsoft\OneDrive\24.025.0204.0003\FileCoAuth.exe,
8124,4,,,\device\harddiskvolume3\windows\system32\backgroundtaskhost.exe
0x00000000000024b4,4,C:\Windows\System32\svchost.exe,C:\Windows\System32\svchost.exe,
0x00000000000024bc,4,C:\Program Files (x86)\Microsoft\EdgeUpdate\1.3.185.21\MicrosoftEdgeUpdateComRegisterShell64.exe,C:\Program Files (x86)\Microsoft\EdgeUpdate\1.3.185.21\MicrosoftEdgeUpdateComRegisterShell64.exe,
0x0000000000002820,4,C:\Windows\System32\svchost.exe,C:\Windows\System32\svchost.exe,
0x0000000000002828,4,C:\Windows\System32\RuntimeBroker.exe,C:\Windows\System32\RuntimeBroker.exe,
0x000000000000283c,4,C:\Windows\System32\svchost.exe,C:\Windows\System32\svchost.exe,
0x00000000000024f4,4,C:\Users\taro\AppData\Local\Microsoft\EdgeUpdate\MicrosoftEdgeUpdate.exe,C:\Users\taro\AppData\Local\Microsoft\EdgeUpdate\MicrosoftEdgeUpdate.exe,
0x0000000000001230,4,C:\Windows\System32\conhost.exe,C:\Windows\System32\wevtutil.exe,
0x00000000000011dc,4,C:\Users\taro\AppData\Local\Microsoft\OneDrive\24.040.0225.0003\FileCoAuth.exe,C:\Users\taro\AppData\Local\Microsoft\OneDrive\24.040.0225.0003\FileCoAuth.exe,
0x0000000000001838,4,C:\Windows\System32\RuntimeBroker.exe,C:\Windows\System32\RuntimeBroker.exe,
0x0000000000001858,4,C:\Windows\System32\OpenSSH\sshd.exe,C:\Windows\System32\OpenSSH\sshd.exe,
0x00000000000011f4,4,C:\Users\taro\AppData\Local\Microsoft\OneDrive\24.040.0225.0003\FileCoAuth.exe,C:\Users\taro\AppData\Local\Microsoft\OneDrive\24.040.0225.0003\FileCoAuth.exe,
0x0000000000002bf0,4,C:\Windows\System32\svchost.exe,C:\Windows\System32\svchost.exe,
0x00000000000014b4,4,C:\Users\taro\AppData\Local\Microsoft\OneDrive\24.025.0204.0003\FileCoAuth.exe,C:\Users\taro\AppData\Local\Microsoft\OneDrive\24.025.0204.0003\FileCoAuth.exe,
0x00000000000014c0,4,C:\Program Files (x86)\Microsoft\EdgeUpdate\MicrosoftEdgeUpdate.exe,C:\Program Files (x86)\Microsoft\EdgeUpdate\MicrosoftEdgeUpdate.exe,
0x000000000000193c,4,C:\Program Files (x86)\Microsoft\EdgeUpdate\MicrosoftEdgeUpdate.exe,C:\Program Files (x86)\Microsoft\EdgeUpdate\MicrosoftEdgeUpdate.exe,
0x0000000000001dcc,4,C:\ProgramData\Microsoft\Windows Defender\Platform\4.18.24010.12-0\MpCmdRun.exe,C:\Windows\System32\backgroundTaskHost.exe,
0x0000000000001dd0,4,C:\Users\taro\AppData\Local\Microsoft\OneDrive\24.025.0204.0003\FileCoAuth.exe,C:\Users\taro\AppData\Local\Microsoft\OneDrive\24.025.0204.0003\FileCoAuth.exe,
0x0000000000001fd0,4,C:\Users\taro\AppData\Local\Microsoft\EdgeUpdate\MicrosoftEdgeUpdate.exe,C:\Users\taro\AppData\Local\Microsoft\EdgeUpdate\MicrosoftEdgeUpdate.exe,
0x0000000000001e94,4,C:\Users\taro\AppData\Local\Microsoft\OneDrive\24.025.0204.0003\FileCoAuth.exe,C:\Users\taro\AppData\Local\Microsoft\OneDrive\24.025.0204.0003\FileCoAuth.exe,
8716,4,,,\device\harddiskvolume3\program files\windowsapps\microsoft.yourphone_1.24021.105.0_x64__8wekyb3d8bbwe\phoneexperiencehost.exe
0x0000000000001830,4,C:\Users\taro\AppData\Local\Microsoft\OneDrive\24.025.0204.0003\FileCoAuth.exe,C:\Users\taro\AppData\Local\Microsoft\OneDrive\24.025.0204.0003\FileCoAuth.exe,
0x0000000000001220,4,C:\Windows\System32\conhost.exe,C:\Windows\System32\conhost.exe,
0x000000000000293c,4,C:\Program Files\WindowsApps\microsoft.windowscommunicationsapps_16005.14326.21844.0_x64__8wekyb3d8bbwe\HxTsr.exe,C:\Program Files\WindowsApps\microsoft.windowscommunicationsapps_16005.14326.21844.0_x64__8wekyb3d8bbwe\HxTsr.exe,
0x0000000000002900,4,C:\Program Files\WindowsApps\microsoft.windowscommunicationsapps_16005.14326.21830.0_x64__8wekyb3d8bbwe\HxTsr.exe,C:\Program Files\WindowsApps\microsoft.windowscommunicationsapps_16005.14326.21830.0_x64__8wekyb3d8bbwe\HxTsr.exe,
0x00000000000014a0,4,C:\Windows\System32\svchost.exe,C:\Windows\System32\svchost.exe,
0x00000000000014a4,4,C:\Windows\System32\conhost.exe,C:\Windows\System32\conhost.exe,
0x0000000000001d3c,4,C:\Users\taro\AppData\Local\Microsoft\OneDrive\24.025.0204.0003\FileCoAuth.exe,C:\Users\taro\AppData\Local\Microsoft\OneDrive\24.025.0204.0003\FileCoAuth.exe,
0x0000000000001cb0,4,C:\Windows\System32\backgroundTaskHost.exe,C:\Windows\System32\backgroundTaskHost.exe,
0x0000000000001930,4,C:\Windows\System32\svchost.exe,C:\Windows\System32\svchost.exe,
0x0000000000001938,4,C:\Users\taro\AppData\Local\Microsoft\OneDrive\24.025.0204.0003\FileCoAuth.exe,C:\Users\taro\AppData\Local\Microsoft\OneDrive\24.025.0204.0003\FileCoAuth.exe,
0x0000000000001c70,4,C:\Users\taro\AppData\Local\Microsoft\OneDrive\24.040.0225.0003\FileCoAuth.exe,C:\Windows\System32\backgroundTaskHost.exe,
0x0000000000001c7c,4,C:\Windows\System32\svchost.exe,C:\Windows\System32\svchost.exe,
0x0000000000000c98,4,C:\Program Files (x86)\Microsoft\EdgeUpdate\MicrosoftEdgeUpdate.exe,C:\Program Files (x86)\Microsoft\EdgeUpdate\MicrosoftEdgeUpdate.exe,
3452,4,,,\device\harddiskvolume3\program files (x86)\microsoft\edgeupdate\microsoftedgeupdate.exe
0x00000000000025a4,4,C:\Windows\System32\Defrag.exe,C:\Windows\System32\Defrag.exe,
0x00000000000025a8,4,C:\Windows\System32\backgroundTaskHost.exe,C:\Windows\System32\backgroundTaskHost.exe,
0x0000000000000cd0,4,C:\Program Files (x86)\Microsoft\EdgeUpdate\MicrosoftEdgeUpdate.exe,C:\Program Files (x86)\Microsoft\EdgeUpdate\MicrosoftEdgeUpdate.exe,
0x0000000000000cdc,4,C:\ProgramData\Microsoft\Windows Defender\Platform\4.18.24010.12-0\MpCmdRun.exe,C:\ProgramData\Microsoft\Windows Defender\Platform\4.18.24010.12-0\MpCmdRun.exe,
4744,4,,,\device\harddiskvolume3\users\taro\appdata\local\microsoft\edgeupdate\microsoftedgeupdate.exe
0x0000000000000b08,4,C:\Program Files (x86)\Microsoft\EdgeUpdate\MicrosoftEdgeUpdate.exe,C:\Program Files (x86)\Microsoft\EdgeUpdate\MicrosoftEdgeUpdate.exe,
4992,4,,,\device\harddiskvolume3\windows\system32\devicecensus.exe
0x0000000000000b24,4,C:\Windows\System32\MusNotification.exe,C:\Windows\System32\MusNotification.exe,
4604,4,,,\device\harddiskvolume3\windows\system32\devicecensus.exe
8940,4,,,\device\harddiskvolume3\windows\system32\backgroundtaskhost.exe
8620,4,,,\device\harddiskvolume3\windows\system32\svchost.exe
8916,4,,,\device\harddiskvolume3\windows\system32\backgroundtaskhost.exe
0x00000000000005e8,4,C:\Users\taro\AppData\Local\Microsoft\OneDrive\24.025.0204.0003\FileCoAuth.exe,C:\Users\taro\AppData\Local\Microsoft\OneDrive\24.025.0204.0003\FileCoAuth.exe,
10344,4,,,\device\harddiskvolume3\windows\system32\backgroundtaskhost.exe
0x0000000000001c24,4,C:\Windows\System32\RuntimeBroker.exe,C:\Windows\System32\RuntimeBroker.exe,
0x0000000000001c30,4,C:\Program Files (x86)\Microsoft\Edge\Application\msedge.exe,C:\Program Files (x86)\Microsoft\Edge\Application\msedge.exe,
0x0000000000001cf4,4,C:\Windows\System32\svchost.exe,C:\Windows\System32\svchost.exe,
0x0000000000001c58,4,C:\Program Files\RUXIM\RUXIMICS.exe,C:\Program Files\RUXIM\RUXIMICS.exe,
0x0000000000000908,4,C:\Program Files (x86)\Microsoft\EdgeUpdate\MicrosoftEdgeUpdate.exe,C:\Program Files (x86)\Microsoft\EdgeUpdate\MicrosoftEdgeUpdate.exe,
4740,4,,,\device\harddiskvolume3\windows\system32\compattelrunner.exe
0x000000000000258c,4,C:\Users\taro\AppData\Local\Microsoft\OneDrive\24.025.0204.0003\FileCoAuth.exe,C:\Users\taro\AppData\Local\Microsoft\OneDrive\24.025.0204.0003\FileCoAuth.exe,
0x00000000000014f8,4,C:\Windows\System32\svchost.exe,C:\Windows\System32\svchost.exe,
0x0000000000000ca8,4,C:\Windows\System32\MoUsoCoreWorker.exe,C:\Windows\System32\MoUsoCoreWorker.exe,
0x0000000000002534,4,C:\Windows\System32\svchost.exe,C:\Windows\System32\svchost.exe,
0x0000000000002538,4,C:\Users\taro\AppData\Local\Microsoft\OneDrive\24.025.0204.0003\FileCoAuth.exe,C:\Users\taro\AppData\Local\Microsoft\OneDrive\24.025.0204.0003\FileCoAuth.exe,
0x0000000000002548,4,C:\Windows\Microsoft.NET\Framework\v4.0.30319\ngentask.exe,C:\Windows\Microsoft.NET\Framework\v4.0.30319\ngentask.exe,
0x0000000000002578,4,C:\Users\taro\AppData\Local\Microsoft\OneDrive\24.025.0204.0003\FileCoAuth.exe,C:\Users\taro\AppData\Local\Microsoft\OneDrive\24.025.0204.0003\FileCoAuth.exe,
0x000000000000154c,4,C:\Program Files\RUXIM\PLUGScheduler.exe,C:\Program Files\RUXIM\PLUGScheduler.exe,
0x0000000000001268,4,C:\Windows\System32\conhost.exe,C:\Windows\System32\conhost.exe,
0x000000000000126c,4,C:\Windows\System32\svchost.exe,C:\Windows\System32\svchost.exe,
10660,4,,,\device\harddiskvolume3\windows\system32\taskhostw.exe
0x0000000000000a20,4,C:\Program Files (x86)\Microsoft\Edge\Application\msedge.exe,C:\Windows\System32\backgroundTaskHost.exe,
0x0000000000002810,4,C:\Users\taro\AppData\Local\Microsoft\OneDrive\24.025.0204.0003\FileCoAuth.exe,C:\Users\taro\AppData\Local\Microsoft\OneDrive\24.025.0204.0003\FileCoAuth.exe,
0x00000000000024f0,4,C:\Users\taro\AppData\Local\Microsoft\OneDrive\24.025.0204.0003\FileCoAuth.exe,C:\Users\taro\AppData\Local\Microsoft\OneDrive\24.025.0204.0003\FileCoAuth.exe,
0x0000000000001578,4,C:\Windows\System32\svchost.exe,C:\Windows\System32\svchost.exe,
0x00000000000024d4,4,C:\Windows\System32\conhost.exe,C:\Windows\System32\conhost.exe,
9104,4,,,\device\harddiskvolume3\windows\system32\svchost.exe
0x0000000000001110,4,C:\Windows\System32\svchost.exe,C:\Windows\System32\svchost.exe,
0x00000000000010e8,4,C:\Program Files (x86)\Microsoft\EdgeUpdate\MicrosoftEdgeUpdate.exe,C:\Program Files (x86)\Microsoft\EdgeUpdate\MicrosoftEdgeUpdate.exe,
0x00000000000010f8,4,C:\Program Files\WindowsApps\microsoft.windowscommunicationsapps_16005.14326.21844.0_x64__8wekyb3d8bbwe\HxTsr.exe,C:\Program Files\WindowsApps\microsoft.windowscommunicationsapps_16005.14326.21844.0_x64__8wekyb3d8bbwe\HxTsr.exe,
0x0000000000000670,4,C:\Windows\System32\svchost.exe,C:\Windows\System32\svchost.exe,
0x0000000000001024,4,C:\Windows\System32\conhost.exe,C:\Windows\System32\taskhostw.exe,
10556,4,,,\device\harddiskvolume3\program files\windowsapps\microsoft.windowscommunicationsapps_16005.14326.21844.0_x64__8wekyb3d8bbwe\hxtsr.exe
0x0000000000000a54,4,C:\Users\taro\AppData\Local\Microsoft\OneDrive\24.025.0204.0003\FileCoAuth.exe,C:\Users\taro\AppData\Local\Microsoft\OneDrive\24.025.0204.0003\FileCoAuth.exe,
0x0000000000001470,4,C:\Windows\Microsoft.NET\Framework64\v4.0.30319\mscorsvw.exe,C:\Windows\Microsoft.NET\Framework64\v4.0.30319\mscorsvw.exe,
0x0000000000000dc4,4,C:\Program Files (x86)\Microsoft\Edge\Application\msedge.exe,C:\Program Files (x86)\Microsoft\Edge\Application\msedge.exe,
0x0000000000000d90,4,C:\Windows\System32\backgroundTaskHost.exe,C:\Windows\System32\backgroundTaskHost.exe,
0x00000000000010d4,4,C:\ProgramData\Microsoft\Windows Defender\Platform\4.18.24020.7-0\MpCmdRun.exe,C:\ProgramData\Microsoft\Windows Defender\Platform\4.18.24020.7-0\MpCmdRun.exe,
0x00000000000010d8,4,C:\Windows\System32\MoUsoCoreWorker.exe,C:\Windows\System32\MoUsoCoreWorker.exe,
0x0000000000001060,4,C:\Windows\System32\RuntimeBroker.exe,C:\Windows\System32\RuntimeBroker.exe,
0x0000000000000320,4,C:\Windows\System32\CompatTelRunner.exe,C:\Windows\System32\CompatTelRunner.exe,
0x00000000000002d4,4,C:\Users\taro\AppData\Local\Microsoft\OneDrive\24.025.0204.0003\FileCoAuth.exe,C:\Users\taro\AppData\Local\Microsoft\OneDrive\24.025.0204.0003\FileCoAuth.exe,
0x0000000000002870,4,C:\Users\taro\AppData\Local\Microsoft\EdgeUpdate\MicrosoftEdgeUpdate.exe,C:\Windows\System32\CompatTelRunner.exe,
0x00000000000027a0,4,C:\Program Files (x86)\Microsoft\EdgeUpdate\MicrosoftEdgeUpdate.exe,C:\Windows\System32\backgroundTaskHost.exe,
5992,4,,,
5892,4,,,\device\harddiskvolume3\windows\system32\taskhostw.exe
0x0000000000000d9c,4,C:\Windows\System32\svchost.exe,C:\Windows\System32\svchost.exe,
0x0000000000000da0,4,C:\Windows\System32\backgroundTaskHost.exe,C:\Windows\System32\backgroundTaskHost.exe,
0x00000000000027b0,4,C:\Program Files (x86)\Microsoft\EdgeUpdate\MicrosoftEdgeUpdate.exe,C:\Program Files (x86)\Microsoft\EdgeUpdate\MicrosoftEdgeUpdate.exe,
0x00000000000027e0,4,C:\Users\taro\AppData\Local\Microsoft\OneDrive\24.025.0204.0003\FileCoAuth.exe,C:\Users\taro\AppData\Local\Microsoft\OneDrive\24.025.0204.0003\FileCoAuth.exe,
9484,4,,,\device\harddiskvolume3\windows\system32\svchost.exe
0x00000000000018e8,4,C:\Windows\System32\svchost.exe,C:\Windows\System32\svchost.exe,
9640,4,,,\device\harddiskvolume3\windows\system32\backgroundtaskhost.exe
0x0000000000001bc4,4,C:\Users\taro\AppData\Local\Microsoft\OneDrive\24.025.0204.0003\FileCoAuth.exe,C:\Users\taro\AppData\Local\Microsoft\OneDrive\24.025.0204.0003\FileCoAuth.exe,
0x00000000000000bc,4,C:\Windows\System32\SIHClient.exe,C:\Windows\System32\SIHClient.exe,
0x00000000000019e8,4,C:\Program Files (x86)\Microsoft\EdgeUpdate\MicrosoftEdgeUpdate.exe,C:\Program Files (x86)\Microsoft\EdgeUpdate\MicrosoftEdgeUpdate.exe,
0x0000000000000114,4,C:\Windows\System32\CompatTelRunner.exe,C:\Windows\System32\CompatTelRunner.exe,
0x000000000000059c,4,C:\Users\taro\AppData\Local\Microsoft\OneDrive\24.025.0204.0003\FileCoAuth.exe,C:\Users\taro\AppData\Local\Microsoft\OneDrive\24.025.0204.0003\FileCoAuth.exe,
0x0000000000001b10,4,C:\Windows\System32\backgroundTaskHost.exe,C:\Windows\System32\backgroundTaskHost.exe,
9924,4,,,\device\harddiskvolume3\windows\system32\backgroundtaskhost.exe
9548,4,,,\device\harddiskvolume3\windows\system32\svchost.exe
0x00000000000006e8,4,C:\Windows\System32\svchost.exe,C:\Windows\System32\svchost.exe,
0x0000000000001a48,4,C:\Users\taro\AppData\Local\Microsoft\OneDrive\24.025.0204.0003\FileCoAuth.exe,C:\Users\taro\AppData\Local\Microsoft\OneDrive\24.025.0204.0003\FileCoAuth.exe,
0x00000000000006b8,4,C:\Windows\System32\backgroundTaskHost.exe,C:\Windows\System32\backgroundTaskHost.exe,
6796,4,,,\device\harddiskvolume3\windows\system32\devicecensus.exe
6756,4,,,\device\harddiskvolume3\users\taro\appdata\local\microsoft\edgeupdate\microsoftedgeupdate.exe
0x0000000000001a40,4,C:\Program Files (x86)\Microsoft\Edge\Application\msedge.exe,C:\Program Files (x86)\Microsoft\Edge\Application\msedge.exe,
0x000000000000094c,4,C:\Program Files\RUXIM\PLUGScheduler.exe,C:\Program Files\RUXIM\PLUGScheduler.exe,
0x0000000000000958,4,C:\Windows\System32\svchost.exe,C:\Windows\System32\svchost.exe,
0x0000000000001a90,4,C:\Users\taro\AppData\Local\Microsoft\OneDrive\24.025.0204.0003\FileCoAuth.exe,C:\Users\taro\AppData\Local\Microsoft\OneDrive\24.025.0204.0003\FileCoAuth.exe,
0x0000000000001a7c,4,C:\Program Files (x86)\Microsoft\Temp\EUDE74.tmp\MicrosoftEdgeUpdate.exe,C:\Program Files (x86)\Microsoft\Temp\EUDE74.tmp\MicrosoftEdgeUpdate.exe,
0x0000000000001a80,4,C:\Users\taro\AppData\Local\Microsoft\OneDrive\24.025.0204.0003\FileCoAuth.exe,C:\Users\taro\AppData\Local\Microsoft\OneDrive\24.025.0204.0003\FileCoAuth.exe,
0x0000000000001acc,4,C:\Windows\System32\svchost.exe,C:\Windows\System32\svchost.exe,
0x0000000000001aec,4,C:\Windows\System32\conhost.exe,C:\Windows\System32\conhost.exe,
0x0000000000000714,4,C:\Windows\System32\svchost.exe,C:\Windows\System32\svchost.exe,
0x0000000000002638,4,C:\Program Files (x86)\Microsoft\Edge\Application\msedge.exe,C:\Program Files (x86)\Microsoft\Edge\Application\msedge.exe,
0x000000000000263c,4,C:\ProgramData\Microsoft\Windows Defender\Platform\4.18.24010.12-0\MpCmdRun.exe,C:\ProgramData\Microsoft\Windows Defender\Platform\4.18.24010.12-0\MpCmdRun.exe,
0x0000000000002640,4,C:\Users\taro\AppData\Local\Microsoft\OneDrive\24.025.0204.0003\FileCoAuth.exe,C:\Users\taro\AppData\Local\Microsoft\OneDrive\24.025.0204.0003\FileCoAuth.exe,
0x0000000000002644,4,C:\Windows\System32\conhost.exe,C:\Windows\System32\conhost.exe,
0x00000000000014e8,4,C:\Windows\System32\svchost.exe,C:\Windows\System32\svchost.exe,
5252,4,,,\device\harddiskvolume3\windows\system32\taskhostw.exe
0x000000000000099c,4,C:\Users\taro\AppData\Local\Microsoft\OneDrive\24.025.0204.0003\FileCoAuth.exe,C:\Users\taro\AppData\Local\Microsoft\OneDrive\24.025.0204.0003\FileCoAuth.exe,
0x0000000000001378,4,C:\Windows\System32\MoUsoCoreWorker.exe,C:\Windows\System32\MoUsoCoreWorker.exe,
0x000000000000215c,4,C:\Users\taro\AppData\Local\Microsoft\EdgeUpdate\MicrosoftEdgeUpdate.exe,C:\Users\taro\AppData\Local\Microsoft\EdgeUpdate\MicrosoftEdgeUpdate.exe,
0x0000000000002160,4,C:\Windows\System32\cmd.exe,C:\Windows\System32\cmd.exe,
0x0000000000000474,4,C:\Windows\Microsoft.NET\Framework64\v4.0.30319\mscorsvw.exe,C:\Windows\Microsoft.NET\Framework64\v4.0.30319\mscorsvw.exe,
0x0000000000000480,4,C:\Windows\Microsoft.NET\Framework64\v4.0.30319\mscorsvw.exe,C:\Windows\Microsoft.NET\Framework64\v4.0.30319\mscorsvw.exe,
0x0000000000000488,4,C:\Windows\System32\svchost.exe,C:\Windows\System32\svchost.exe,
0x0000000000002a50,4,C:\Users\taro\AppData\Local\Microsoft\OneDrive\24.025.0204.0003\FileCoAuth.exe,C:\Users\taro\AppData\Local\Microsoft\OneDrive\24.025.0204.0003\FileCoAuth.exe,
0x0000000000002a5c,4,C:\Program Files (x86)\Microsoft\Edge\Application\msedge.exe,C:\Program Files (x86)\Microsoft\Edge\Application\msedge.exe,
0x0000000000000ac8,4,C:\ProgramData\Microsoft\Windows Defender\Platform\4.18.24010.12-0\MpCmdRun.exe,C:\ProgramData\Microsoft\Windows Defender\Platform\4.18.24010.12-0\MpCmdRun.exe,
0x0000000000000ad8,4,C:\Windows\System32\gpupdate.exe,C:\Windows\System32\gpupdate.exe,
0x0000000000000b48,4,C:\Windows\Microsoft.NET\Framework64\v4.0.30319\mscorsvw.exe,C:\Windows\Microsoft.NET\Framework64\v4.0.30319\mscorsvw.exe,
0x000000000000209c,4,C:\Program Files (x86)\Microsoft\EdgeUpdate\MicrosoftEdgeUpdate.exe,C:\Program Files (x86)\Microsoft\EdgeUpdate\MicrosoftEdgeUpdate.exe,
0x00000000000017d8,4,C:\Windows\System32\gpupdate.exe,C:\Windows\System32\gpupdate.exe,
0x0000000000002110,4,C:\Users\taro\AppData\Local\Microsoft\OneDrive\24.025.0204.0003\FileCoAuth.exe,C:\Users\taro\AppData\Local\Microsoft\OneDrive\24.025.0204.0003\FileCoAuth.exe,
0x0000000000000b5c,4,C:\Users\taro\AppData\Local\Microsoft\OneDrive\24.025.0204.0003\FileCoAuth.exe,C:\Users\taro\AppData\Local\Microsoft\OneDrive\24.025.0204.0003\FileCoAuth.exe,
0x0000000000000b7c,4,C:\Windows\System32\svchost.exe,C:\Windows\System32\svchost.exe,
0x0000000000000218,4,C:\Program Files (x86)\Microsoft\Edge\Application\msedge.exe,C:\Program Files (x86)\Microsoft\Edge\Application\msedge.exe,
0x0000000000000224,4,C:\Program Files (x86)\Microsoft\EdgeUpdate\MicrosoftEdgeUpdate.exe,C:\Program Files (x86)\Microsoft\EdgeUpdate\MicrosoftEdgeUpdate.exe,
0x0000000000001b48,4,C:\Windows\System32\svchost.exe,C:\Windows\System32\svchost.exe,
0x0000000000001bbc,4,C:\Windows\System32\conhost.exe,C:\Windows\System32\conhost.exe,
0x00000000000018ec,4,C:\Windows\System32\svchost.exe,C:\Windows\System32\svchost.exe,
0x0000000000000a38,4,C:\Windows\System32\svchost.exe,C:\Windows\System32\svchost.exe,
0x0000000000000898,4,C:\Users\taro\AppData\Local\Microsoft\OneDrive\24.025.0204.0003\FileCoAuth.exe,C:\Users\taro\AppData\Local\Microsoft\OneDrive\24.025.0204.0003\FileCoAuth.exe,
0x00000000000019a4,4,C:\Program Files\WindowsApps\Microsoft.DesktopAppInstaller_1.22.10661.0_x64__8wekyb3d8bbwe\AppInstallerPythonRedirector.exe,C:\Program Files\WindowsApps\Microsoft.DesktopAppInstaller_1.22.10661.0_x64__8wekyb3d8bbwe\AppInstallerPythonRedirector.exe,
0x0000000000001528,4,C:\Windows\System32\sppsvc.exe,C:\Windows\System32\sppsvc.exe,
0x000000000000152c,4,C:\Program Files (x86)\Microsoft\Edge\Application\msedge.exe,C:\Program Files (x86)\Microsoft\Edge\Application\msedge.exe,
0x0000000000002730,4,C:\Windows\System32\backgroundTaskHost.exe,C:\Windows\System32\backgroundTaskHost.exe,
0x00000000000027c4,4,C:\Users\taro\AppData\Local\Microsoft\OneDrive\24.025.0204.0003\FileCoAuth.exe,C:\Users\taro\AppData\Local\Microsoft\OneDrive\24.025.0204.0003\FileCoAuth.exe,
0x00000000000001a0,4,C:\Program Files (x86)\Microsoft\Edge\Application\msedge.exe,C:\Program Files (x86)\Microsoft\Edge\Application\msedge.exe,
0x0000000000001a28,4,C:\Program Files (x86)\Microsoft\Edge\Application\msedge.exe,C:\Program Files (x86)\Microsoft\Edge\Application\msedge.exe,
0x0000000000000330,4,C:\Users\taro\AppData\Local\Microsoft\OneDrive\24.025.0204.0003\FileCoAuth.exe,C:\Users\taro\AppData\Local\Microsoft\OneDrive\24.025.0204.0003\FileCoAuth.exe,
0x0000000000000350,4,C:\Windows\Microsoft.NET\Framework64\v4.0.30319\mscorsvw.exe,C:\Windows\Microsoft.NET\Framework64\v4.0.30319\mscorsvw.exe,
0x000000000000095c,3,C:\Users\taro\AppData\Local\Microsoft\OneDrive\24.040.0225.0003\FileCoAuth.exe,C:\Users\taro\AppData\Local\Microsoft\OneDrive\24.040.0225.0003\FileCoAuth.exe,
0x0000000000000948,3,C:\Program Files (x86)\Microsoft\EdgeUpdate\MicrosoftEdgeUpdate.exe,C:\Program Files (x86)\Microsoft\EdgeUpdate\MicrosoftEdgeUpdate.exe,
0x00000000000009b4,3,C:\Program Files (x86)\Microsoft\Edge\Application\msedge.exe,C:\Program Files (x86)\Microsoft\Edge\Application\msedge.exe,
0x00000000000009b8,3,C:\Windows\System32\MusNotification.exe,C:\Windows\System32\MusNotification.exe,
0x00000000000009cc,3,C:\Windows\Microsoft.NET\Framework\v4.0.30319\ngentask.exe,C:\Windows\Microsoft.NET\Framework\v4.0.30319\ngentask.exe,
0x000000000000096c,3,C:\Program Files (x86)\Microsoft\EdgeUpdate\MicrosoftEdgeUpdate.exe,C:\Program Files (x86)\Microsoft\EdgeUpdate\MicrosoftEdgeUpdate.exe,
0x0000000000000980,3,C:\Windows\System32\sppsvc.exe,C:\Windows\System32\sppsvc.exe,
5256,3,,,\device\harddiskvolume3\windows\system32\taskhostw.exe
0x00000000000009a8,3,C:\Windows\Microsoft.NET\Framework64\v4.0.30319\mscorsvw.exe,C:\Windows\Microsoft.NET\Framework64\v4.0.30319\mscorsvw.exe,
0x0000000000001a38,3,C:\Program Files (x86)\Microsoft\EdgeUpdate\MicrosoftEdgeUpdate.exe,C:\Program Files (x86)\Microsoft\EdgeUpdate\MicrosoftEdgeUpdate.exe,
0x0000000000001ad8,3,C:\Windows\System32\svchost.exe,C:\Windows\System32\svchost.exe,
0x0000000000001adc,3,C:\Program Files\RUXIM\PLUGScheduler.exe,C:\Program Files\RUXIM\PLUGScheduler.exe,
0x0000000000001a70,3,C:\Users\taro\AppData\Local\Microsoft\OneDrive\24.025.0204.0003\FileCoAuth.exe,C:\Users\taro\AppData\Local\Microsoft\OneDrive\24.025.0204.0003\FileCoAuth.exe,
0x0000000000001a74,3,C:\Users\taro\AppData\Local\Microsoft\OneDrive\24.025.0204.0003\FileCoAuth.exe,C:\Users\taro\AppData\Local\Microsoft\OneDrive\24.025.0204.0003\FileCoAuth.exe,
0x0000000000001a2c,3,C:\Windows\System32\svchost.exe,C:\Windows\System32\svchost.exe,
0x0000000000001a84,3,C:\Windows\System32\svchost.exe,C:\Windows\System32\svchost.exe,
0x0000000000001b78,3,C:\Windows\System32\UCPDMgr.exe,C:\Windows\System32\UCPDMgr.exe,
0x0000000000001b88,3,C:\Windows\System32\backgroundTaskHost.exe,C:\Windows\System32\backgroundTaskHost.exe,
0x0000000000001b18,3,C:\Program Files\RUXIM\RUXIMICS.exe,C:\Program Files\RUXIM\RUXIMICS.exe,
0x00000000000008a8,3,C:\Windows\Microsoft.NET\Framework64\v4.0.30319\ngen.exe,C:\Windows\Microsoft.NET\Framework64\v4.0.30319\ngen.exe,
5292,3,,,\device\harddiskvolume3\program files (x86)\microsoft\edgeupdate\microsoftedgeupdate.exe
0x00000000000008c4,3,C:\Program Files (x86)\Microsoft\EdgeUpdate\MicrosoftEdgeUpdate.exe,C:\Program Files (x86)\Microsoft\EdgeUpdate\MicrosoftEdgeUpdate.exe,
0x0000000000000a44,3,C:\Windows\System32\conhost.exe,C:\Windows\System32\conhost.exe,
0x0000000000000a48,3,C:\Users\taro\AppData\Local\Microsoft\OneDrive\24.040.0225.0003\FileCoAuth.exe,C:\Users\taro\AppData\Local\Microsoft\OneDrive\24.040.0225.0003\FileCoAuth.exe,
0x00000000000010c4,3,C:\Windows\Microsoft.NET\Framework64\v4.0.30319\mscorsvw.exe,C:\Windows\Microsoft.NET\Framework64\v4.0.30319\mscorsvw.exe,
0x00000000000010e0,3,C:\Windows\System32\RuntimeBroker.exe,C:\Windows\System32\RuntimeBroker.exe,
0x00000000000010fc,3,C:\Windows\Microsoft.NET\Framework64\v4.0.30319\mscorsvw.exe,C:\Windows\Microsoft.NET\Framework64\v4.0.30319\mscorsvw.exe,
11080,3,,,\device\harddiskvolume3\windows\system32\taskhostw.exe
0x000000000000032c,3,C:\Windows\System32\backgroundTaskHost.exe,C:\Windows\System32\backgroundTaskHost.exe,
9156,3,,,\device\harddiskvolume3\windows\system32\backgroundtaskhost.exe
0x0000000000000308,3,C:\Windows\Microsoft.NET\Framework64\v4.0.30319\mscorsvw.exe,C:\Windows\Microsoft.NET\Framework64\v4.0.30319\mscorsvw.exe,
0x0000000000001bac,3,C:\Windows\System32\svchost.exe,C:\Windows\System32\svchost.exe,
0x0000000000001c6c,3,C:\Users\taro\AppData\Local\Microsoft\OneDrive\24.025.0204.0003\FileCoAuth.exe,C:\Users\taro\AppData\Local\Microsoft\OneDrive\24.025.0204.0003\FileCoAuth.exe,
0x0000000000001238,3,C:\Windows\Microsoft.NET\Framework\v4.0.30319\mscorsvw.exe,C:\Windows\Microsoft.NET\Framework\v4.0.30319\mscorsvw.exe,
0x00000000000005dc,3,C:\Program Files (x86)\Microsoft\Edge\Application\msedge.exe,C:\Program Files (x86)\Microsoft\Edge\Application\msedge.exe,
0x000000000000109c,3,C:\Windows\System32\CompatTelRunner.exe,C:\Windows\System32\CompatTelRunner.exe,
0x00000000000010a0,3,C:\Windows\System32\backgroundTaskHost.exe,C:\Windows\System32\backgroundTaskHost.exe,
0x0000000000001070,3,C:\Users\taro\AppData\Local\Microsoft\OneDrive\24.025.0204.0003\FileCoAuth.exe,C:\Users\taro\AppData\Local\Microsoft\OneDrive\24.025.0204.0003\FileCoAuth.exe,
0x0000000000001074,3,C:\Program Files (x86)\Microsoft\EdgeUpdate\MicrosoftEdgeUpdate.exe,C:\Program Files (x86)\Microsoft\EdgeUpdate\MicrosoftEdgeUpdate.exe,
0x00000000000010c0,3,C:\Program Files (x86)\Microsoft\EdgeUpdate\MicrosoftEdgeUpdate.exe,C:\Program Files (x86)\Microsoft\EdgeUpdate\MicrosoftEdgeUpdate.exe,
0x0000000000001d10,3,C:\Users\taro\AppData\Local\Microsoft\OneDrive\24.025.0204.0003\FileCoAuth.exe,C:\Users\taro\AppData\Local\Microsoft\OneDrive\24.025.0204.0003\FileCoAuth.exe,
0x0000000000001c9c,3,C:\Users\taro\AppData\Local\Microsoft\OneDrive\24.025.0204.0003\FileCoAuth.exe,C:\Users\taro\AppData\Local\Microsoft\OneDrive\24.025.0204.0003\FileCoAuth.exe,
0x0000000000001ca0,3,C:\Windows\System32\backgroundTaskHost.exe,C:\Windows\System32\backgroundTaskHost.exe,
0x0000000000001c0c,3,C:\Users\taro\AppData\Local\Microsoft\EdgeUpdate\MicrosoftEdgeUpdate.exe,C:\Users\taro\AppData\Local\Microsoft\EdgeUpdate\MicrosoftEdgeUpdate.exe,
0x0000000000001c28,3,C:\Users\taro\AppData\Local\Microsoft\OneDrive\24.025.0204.0003\FileCoAuth.exe,C:\Users\taro\AppData\Local\Microsoft\OneDrive\24.025.0204.0003\FileCoAuth.exe,
0x00000000000018d8,3,C:\Windows\System32\MusNotification.exe,C:\Windows\System32\MusNotification.exe,
0x0000000000001c3c,3,C:\Users\taro\AppData\Local\Microsoft\OneDrive\24.025.0204.0003\FileCoAuth.exe,C:\Users\taro\AppData\Local\Microsoft\OneDrive\24.025.0204.0003\FileCoAuth.exe,
0x0000000000001c64,3,C:\Users\taro\AppData\Local\Microsoft\OneDrive\24.025.0204.0003\FileCoAuth.exe,C:\Users\taro\AppData\Local\Microsoft\OneDrive\24.025.0204.0003\FileCoAuth.exe,
0x00000000000014f4,3,C:\Windows\System32\MoUsoCoreWorker.exe,C:\Windows\System32\MoUsoCoreWorker.exe,
0x0000000000001504,3,C:\Windows\System32\svchost.exe,C:\Windows\System32\svchost.exe,
0x0000000000002630,3,C:\Windows\System32\svchost.exe,C:\Windows\System32\svchost.exe,
0x0000000000002540,3,C:\Program Files (x86)\Microsoft\EdgeUpdate\MicrosoftEdgeUpdate.exe,C:\Program Files (x86)\Microsoft\EdgeUpdate\MicrosoftEdgeUpdate.exe,
0x0000000000002544,3,C:\Users\taro\AppData\Local\Microsoft\OneDrive\24.025.0204.0003\FileCoAuth.exe,C:\Users\taro\AppData\Local\Microsoft\OneDrive\24.025.0204.0003\FileCoAuth.exe,
0x00000000000024e8,3,C:\Users\taro\AppData\Local\Microsoft\OneDrive\24.025.0204.0003\FileCoAuth.exe,C:\Users\taro\AppData\Local\Microsoft\OneDrive\24.025.0204.0003\FileCoAuth.exe,
0x0000000000002508,3,C:\Windows\System32\svchost.exe,C:\Windows\System32\svchost.exe,
0x000000000000250c,3,C:\Windows\System32\sppsvc.exe,C:\Windows\System32\sppsvc.exe,
0x00000000000027b8,3,C:\Windows\System32\svchost.exe,C:\Windows\System32\taskhostw.exe,
0x0000000000001450,3,C:\Users\taro\AppData\Local\Microsoft\EdgeUpdate\MicrosoftEdgeUpdate.exe,C:\Users\taro\AppData\Local\Microsoft\EdgeUpdate\MicrosoftEdgeUpdate.exe,
0x0000000000001488,3,C:\Windows\System32\conhost.exe,C:\Windows\System32\conhost.exe,
0x0000000000000da4,3,C:\Users\taro\AppData\Local\Microsoft\EdgeUpdate\MicrosoftEdgeUpdate.exe,C:\Users\taro\AppData\Local\Microsoft\EdgeUpdate\MicrosoftEdgeUpdate.exe,
0x0000000000000e1c,3,C:\Users\taro\AppData\Local\Microsoft\OneDrive\24.025.0204.0003\FileCoAuth.exe,C:\Users\taro\AppData\Local\Microsoft\OneDrive\24.025.0204.0003\FileCoAuth.exe,
0x0000000000000dd0,3,C:\Program Files\RUXIM\PLUGScheduler.exe,C:\Program Files\RUXIM\PLUGScheduler.exe,
0x00000000000024e4,3,C:\Windows\System32\WindowsPowerShell\v1.0\powershell.exe,C:\Windows\System32\WindowsPowerShell\v1.0\powershell.exe,
0x00000000000015a8,3,C:\Users\taro\AppData\Local\Microsoft\OneDrive\24.025.0204.0003\FileCoAuth.exe,C:\Users\taro\AppData\Local\Microsoft\OneDrive\24.025.0204.0003\FileCoAuth.exe,
0x0000000000002618,3,C:\Program Files (x86)\Microsoft\Edge\Application\msedge.exe,C:\Program Files (x86)\Microsoft\Edge\Application\msedge.exe,
5980,3,,,\device\harddiskvolume3\users\taro\appdata\local\microsoft\onedrive\24.025.0204.0003\microsoft.sharepoint.exe
5860,3,,,\device\harddiskvolume3\windows\system32\taskhostw.exe
6020,3,,,\device\harddiskvolume3\windows\system32\backgroundtaskhost.exe
6028,3,,,\device\harddiskvolume3\windows\system32\svchost.exe
0x0000000000002878,3,C:\Windows\System32\conhost.exe,C:\Windows\System32\conhost.exe,
0x0000000000002808,3,C:\Windows\System32\svchost.exe,C:\Windows\System32\svchost.exe,
0x00000000000027a8,3,C:\Program Files\RUXIM\PLUGScheduler.exe,C:\Program Files\RUXIM\PLUGScheduler.exe,
0x0000000000002764,3,C:\Program Files (x86)\Microsoft\EdgeUpdate\MicrosoftEdgeUpdate.exe,C:\Program Files (x86)\Microsoft\EdgeUpdate\MicrosoftEdgeUpdate.exe,
0x0000000000002780,3,C:\Users\taro\AppData\Local\Microsoft\OneDrive\24.025.0204.0003\FileCoAuth.exe,C:\Users\taro\AppData\Local\Microsoft\OneDrive\24.025.0204.0003\FileCoAuth.exe,
0x000000000000273c,3,C:\Windows\System32\backgroundTaskHost.exe,C:\Windows\System32\backgroundTaskHost.exe,
0x0000000000002664,3,C:\Users\taro\AppData\Local\Microsoft\OneDrive\24.025.0204.0003\FileCoAuth.exe,C:\Users\taro\AppData\Local\Microsoft\OneDrive\24.025.0204.0003\FileCoAuth.exe,
0x0000000000001510,3,C:\Windows\System32\svchost.exe,C:\Windows\System32\svchost.exe,
0x00000000000026c8,3,C:\Windows\System32\backgroundTaskHost.exe,C:\Windows\System32\backgroundTaskHost.exe,
0x00000000000025e8,3,C:\Program Files (x86)\Microsoft\EdgeUpdate\MicrosoftEdgeUpdate.exe,C:\Program Files (x86)\Microsoft\EdgeUpdate\MicrosoftEdgeUpdate.exe,
0x00000000000026b0,3,C:\Program Files (x86)\Microsoft\Edge\Application\msedge.exe,C:\Program Files (x86)\Microsoft\Edge\Application\msedge.exe,
0x0000000000000454,3,C:\Windows\Microsoft.NET\Framework64\v4.0.30319\ngentask.exe,C:\Windows\Microsoft.NET\Framework64\v4.0.30319\ngentask.exe,
8252,3,,,\device\harddiskvolume3\users\taro\appdata\local\microsoft\edgeupdate\microsoftedgeupdate.exe
8260,3,,,\device\harddiskvolume3\users\taro\appdata\local\microsoft\onedrive\onedrivestandaloneupdater.exe
8292,3,,,\device\harddiskvolume3\windows\system32\sppextcomobj.exe
8308,3,,,\device\harddiskvolume3\windows\system32\taskhostw.exe
0x0000000000001660,3,C:\Windows\System32\conhost.exe,C:\Windows\System32\conhost.exe,
0x0000000000001608,3,C:\Windows\System32\backgroundTaskHost.exe,C:\Windows\System32\backgroundTaskHost.exe,
0x0000000000000be4,3,C:\Windows\System32\svchost.exe,C:\Windows\System32\svchost.exe,
0x0000000000002824,3,C:\Users\taro\AppData\Local\Microsoft\EdgeUpdate\MicrosoftEdgeUpdate.exe,C:\Users\taro\AppData\Local\Microsoft\EdgeUpdate\MicrosoftEdgeUpdate.exe,
0x000000000000282c,3,C:\Users\taro\AppData\Local\Microsoft\OneDrive\24.025.0204.0003\FileCoAuth.exe,C:\Users\taro\AppData\Local\Microsoft\OneDrive\24.025.0204.0003\FileCoAuth.exe,
0x0000000000002830,3,C:\Program Files (x86)\Microsoft\EdgeUpdate\MicrosoftEdgeUpdate.exe,C:\Program Files (x86)\Microsoft\EdgeUpdate\MicrosoftEdgeUpdate.exe,
0x000000000000288c,3,C:\Users\taro\AppData\Local\Microsoft\OneDrive\24.025.0204.0003\FileCoAuth.exe,C:\Users\taro\AppData\Local\Microsoft\OneDrive\24.025.0204.0003\FileCoAuth.exe,
0x0000000000002398,3,C:\Users\taro\AppData\Local\Microsoft\OneDrive\24.025.0204.0003\FileCoAuth.exe,C:\Users\taro\AppData\Local\Microsoft\OneDrive\24.025.0204.0003\FileCoAuth.exe,
0x00000000000023a4,3,C:\Windows\System32\backgroundTaskHost.exe,C:\Windows\System32\backgroundTaskHost.exe,
8216,3,,,\device\harddiskvolume3\windows\system32\taskhostw.exe
0x0000000000000448,3,C:\Windows\System32\backgroundTaskHost.exe,C:\Windows\System32\backgroundTaskHost.exe,
0x0000000000000e54,3,C:\Windows\System32\WindowsPowerShell\v1.0\powershell.exe,C:\Windows\System32\WindowsPowerShell\v1.0\powershell.exe,
276,3,,,\device\harddiskvolume3\windows\system32\svchost.exe
2856,3,,,\device\harddiskvolume3\windows\system32\rundll32.exe
0x00000000000013b4,3,C:\ProgramData\Microsoft\Windows Defender\Platform\4.18.24020.7-0\MpCmdRun.exe,C:\ProgramData\Microsoft\Windows Defender\Platform\4.18.24020.7-0\MpCmdRun.exe,
0x00000000000013b8,3,C:\Windows\Microsoft.NET\Framework64\v4.0.30319\mscorsvw.exe,C:\Windows\Microsoft.NET\Framework64\v4.0.30319\mscorsvw.exe,
0x00000000000028fc,3,C:\Program Files (x86)\Microsoft\EdgeUpdate\MicrosoftEdgeUpdate.exe,C:\Program Files (x86)\Microsoft\EdgeUpdate\MicrosoftEdgeUpdate.exe,
0x00000000000014b0,3,C:\Windows\System32\conhost.exe,C:\Windows\System32\conhost.exe,
0x00000000000014c4,3,C:\Users\taro\AppData\Local\Microsoft\OneDrive\24.025.0204.0003\FileCoAuth.exe,C:\Users\taro\AppData\Local\Microsoft\OneDrive\24.025.0204.0003\FileCoAuth.exe,
0x0000000000002554,3,C:\Windows\System32\conhost.exe,C:\Windows\System32\conhost.exe,
3476,3,,,\device\harddiskvolume3\program files (x86)\microsoft\edgeupdate\microsoftedgeupdate.exe
0x0000000000000cc8,3,C:\Windows\System32\rdpclip.exe,C:\Windows\System32\rdpclip.exe,
0x0000000000000c7c,3,C:\Program Files (x86)\Microsoft\EdgeUpdate\MicrosoftEdgeUpdate.exe,C:\Program Files (x86)\Microsoft\EdgeUpdate\MicrosoftEdgeUpdate.exe,
0x0000000000002498,3,C:\Users\taro\AppData\Local\Microsoft\OneDrive\24.025.0204.0003\FileCoAuth.exe,C:\Users\taro\AppData\Local\Microsoft\OneDrive\24.025.0204.0003\FileCoAuth.exe,
0x0000000000001554,3,C:\Windows\Microsoft.NET\Framework64\v4.0.30319\mscorsvw.exe,C:\Windows\Microsoft.NET\Framework64\v4.0.30319\mscorsvw.exe,
0x0000000000002488,3,C:\Users\taro\AppData\Local\Microsoft\OneDrive\24.025.0204.0003\FileCoAuth.exe,C:\Users\taro\AppData\Local\Microsoft\OneDrive\24.025.0204.0003\FileCoAuth.exe,
0x00000000000024ac,3,C:\Users\taro\AppData\Local\Microsoft\OneDrive\24.025.0204.0003\FileCoAuth.exe,C:\Users\taro\AppData\Local\Microsoft\OneDrive\24.025.0204.0003\FileCoAuth.exe,
0x0000000000002420,3,C:\Users\taro\AppData\Local\Microsoft\OneDrive\24.025.0204.0003\FileCoAuth.exe,C:\Users\taro\AppData\Local\Microsoft\OneDrive\24.025.0204.0003\FileCoAuth.exe,
0x0000000000001670,3,C:\Windows\System32\MoUsoCoreWorker.exe,C:\Windows\System32\MoUsoCoreWorker.exe,
0x0000000000002358,3,C:\Windows\System32\RuntimeBroker.exe,C:\Windows\System32\RuntimeBroker.exe,
0x0000000000002374,3,C:\ProgramData\Microsoft\Windows Defender\Platform\4.18.24020.7-0\MsMpEng.exe,C:\ProgramData\Microsoft\Windows Defender\Platform\4.18.24020.7-0\MsMpEng.exe,
0x000000000000238c,3,C:\Windows\System32\svchost.exe,C:\Windows\System32\svchost.exe,
0x00000000000023ec,3,C:\Users\taro\AppData\Local\Microsoft\OneDrive\24.025.0204.0003\FileCoAuth.exe,C:\Users\taro\AppData\Local\Microsoft\OneDrive\24.025.0204.0003\FileCoAuth.exe,
0x0000000000002268,3,C:\Windows\System32\dmclient.exe,C:\Windows\System32\dmclient.exe,
0x00000000000023d4,3,C:\Program Files (x86)\Microsoft\Edge\Application\msedge.exe,C:\Program Files (x86)\Microsoft\Edge\Application\msedge.exe,
3844,3,,,\device\harddiskvolume3\windows\system32\smartscreen.exe
3868,3,,,\device\harddiskvolume3\windows\system32\backgroundtaskhost.exe
3924,3,,,\device\harddiskvolume3\windows\system32\taskhostw.exe
0x0000000000000d18,3,C:\Windows\Microsoft.NET\Framework\v4.0.30319\mscorsvw.exe,C:\Windows\Microsoft.NET\Framework\v4.0.30319\mscorsvw.exe,
3708,3,,,
3584,3,,,\device\harddiskvolume3\program files (x86)\microsoft\edgeupdate\microsoftedgeupdate.exe
0x000000000000240c,3,C:\Windows\System32\MusNotification.exe,C:\Windows\System32\MusNotification.exe,
0x0000000000002414,3,C:\Program Files (x86)\Microsoft\EdgeUpdate\MicrosoftEdgeUpdate.exe,C:\Program Files (x86)\Microsoft\EdgeUpdate\MicrosoftEdgeUpdate.exe,
0x0000000000002898,3,C:\Windows\System32\backgroundTaskHost.exe,C:\Windows\System32\backgroundTaskHost.exe,
0x000000000000289c,3,C:\Users\taro\AppData\Local\Microsoft\EdgeUpdate\MicrosoftEdgeUpdate.exe,C:\Users\taro\AppData\Local\Microsoft\EdgeUpdate\MicrosoftEdgeUpdate.exe,
0x000000000000290c,3,C:\Windows\System32\conhost.exe,C:\Windows\System32\conhost.exe,
2980,3,,,\device\harddiskvolume3\windows\system32\svchost.exe
300,3,,,\device\harddiskvolume3\windows\system32\taskhostw.exe
0x0000000000000e64,3,C:\Windows\System32\CompatTelRunner.exe,C:\Windows\System32\CompatTelRunner.exe,
0x0000000000000e68,3,C:\Windows\Microsoft.NET\Framework64\v4.0.30319\ngentask.exe,C:\Windows\Microsoft.NET\Framework64\v4.0.30319\ngentask.exe,
0x0000000000000b3c,3,C:\Windows\Microsoft.NET\Framework64\v4.0.30319\mscorsvw.exe,C:\Windows\Microsoft.NET\Framework64\v4.0.30319\mscorsvw.exe,
3324,3,,,\device\harddiskvolume3\windows\system32\taskhostw.exe
0x0000000000000c80,3,C:\Windows\Microsoft.NET\Framework64\v4.0.30319\mscorsvw.exe,C:\Windows\Microsoft.NET\Framework64\v4.0.30319\mscorsvw.exe,
0x000000000000294c,3,C:\Windows\System32\svchost.exe,C:\Windows\System32\svchost.exe,
0x0000000000002954,3,C:\Windows\System32\svchost.exe,C:\Windows\System32\svchost.exe,
0x0000000000002964,3,C:\Users\taro\AppData\Local\Microsoft\OneDrive\24.025.0204.0003\FileCoAuth.exe,C:\Users\taro\AppData\Local\Microsoft\OneDrive\24.025.0204.0003\FileCoAuth.exe,
0x00000000000028b0,3,C:\Program Files (x86)\Microsoft\EdgeUpdate\MicrosoftEdgeUpdate.exe,C:\Program Files (x86)\Microsoft\EdgeUpdate\MicrosoftEdgeUpdate.exe,
0x0000000000002998,3,C:\Windows\System32\RuntimeBroker.exe,C:\Windows\System32\RuntimeBroker.exe,
0x00000000000028ec,3,C:\Program Files (x86)\Microsoft\Edge\Application\msedge.exe,C:\Program Files (x86)\Microsoft\Edge\Application\msedge.exe,
0x000000000000054c,3,C:\Program Files (x86)\Microsoft\EdgeUpdate\MicrosoftEdgeUpdate.exe,C:\Program Files (x86)\Microsoft\EdgeUpdate\MicrosoftEdgeUpdate.exe,
5680,3,,,\device\harddiskvolume3\windows\system32\backgroundtaskhost.exe
0x0000000000000c18,3,C:\Windows\System32\svchost.exe,C:\Windows\System32\svchost.exe,
0x0000000000000c28,3,C:\Windows\System32\svchost.exe,C:\Windows\System32\svchost.exe,
0x0000000000000c40,3,C:\Windows\System32\conhost.exe,C:\Windows\System32\conhost.exe,
0x000000000000232c,3,C:\Program Files\RUXIM\PLUGScheduler.exe,C:\Program Files\RUXIM\PLUGScheduler.exe,
0x0000000000002338,3,C:\Windows\Microsoft.NET\Framework\v4.0.30319\ngen.exe,C:\Windows\Microsoft.NET\Framework\v4.0.30319\ngen.exe,
0x00000000000016b8,3,C:\Windows\System32\MpSigStub.exe,C:\Windows\System32\MpSigStub.exe,
0x0000000000000ddc,3,C:\Windows\System32\conhost.exe,C:\Windows\System32\conhost.exe,
0x0000000000000de8,3,C:\Windows\System32\conhost.exe,C:\Windows\System32\conhost.exe,
0x0000000000000514,3,C:\Windows\System32\backgroundTaskHost.exe,C:\Windows\System32\backgroundTaskHost.exe,
0x0000000000000518,3,C:\ProgramData\Microsoft\Windows Defender\Platform\4.18.24020.7-0\MsMpEng.exe,C:\ProgramData\Microsoft\Windows Defender\Platform\4.18.24020.7-0\MsMpEng.exe,
0x0000000000000520,3,C:\Windows\System32\gpupdate.exe,C:\Windows\System32\gpupdate.exe,
0x0000000000000528,3,C:\Users\taro\AppData\Local\Microsoft\OneDrive\24.025.0204.0003\FileCoAuth.exe,C:\Users\taro\AppData\Local\Microsoft\OneDrive\24.025.0204.0003\FileCoAuth.exe,
0x00000000000013e0,3,C:\Program Files (x86)\Microsoft\EdgeUpdate\Install\{4662CB1C-F771-47CC-9C76-9929F3C95712}\MicrosoftEdge_X64_122.0.2365.92_122.0.2365.80.exe,C:\Program Files (x86)\Microsoft\EdgeUpdate\Install\{4662CB1C-F771-47CC-9C76-9929F3C95712}\MicrosoftEdge_X64_122.0.2365.92_122.0.2365.80.exe,
0x0000000000000538,3,C:\Windows\System32\svchost.exe,C:\Windows\System32\svchost.exe,
0x0000000000002310,3,C:\Users\taro\AppData\Local\Microsoft\OneDrive\24.025.0204.0003\FileCoAuth.exe,C:\Users\taro\AppData\Local\Microsoft\OneDrive\24.025.0204.0003\FileCoAuth.exe,
0x0000000000002324,3,C:\Program Files\VMware\VMware Tools\vmtoolsd.exe,C:\Program Files\VMware\VMware Tools\vmtoolsd.exe,
0x0000000000000c44,3,C:\Program Files (x86)\Microsoft\EdgeUpdate\MicrosoftEdgeUpdate.exe,C:\Program Files (x86)\Microsoft\EdgeUpdate\MicrosoftEdgeUpdate.exe,
0x0000000000000c68,3,C:\Windows\System32\gpupdate.exe,C:\Windows\System32\gpupdate.exe,
0x0000000000000edc,3,C:\Program Files (x86)\Microsoft\EdgeUpdate\MicrosoftEdgeUpdate.exe,C:\Program Files (x86)\Microsoft\EdgeUpdate\MicrosoftEdgeUpdate.exe,
2564,3,,,\device\harddiskvolume3\windows\system32\svchost.exe
2580,3,,,\device\harddiskvolume3\windows\system32\svchost.exe
0x0000000000000f20,3,C:\Windows\System32\gpupdate.exe,C:\Windows\System32\gpupdate.exe,
0x00000000000022c8,3,C:\Users\taro\AppData\Local\Microsoft\OneDrive\OneDriveStandaloneUpdater.exe,C:\Users\taro\AppData\Local\Microsoft\OneDrive\OneDriveStandaloneUpdater.exe,
0x00000000000022d0,3,C:\Users\taro\AppData\Local\Microsoft\OneDrive\24.025.0204.0003\FileCoAuth.exe,C:\Users\taro\AppData\Local\Microsoft\OneDrive\24.025.0204.0003\FileCoAuth.exe,
0x00000000000022e4,3,C:\Windows\System32\svchost.exe,C:\Windows\System32\svchost.exe,
0x00000000000022f4,3,C:\Windows\System32\svchost.exe,C:\Windows\System32\svchost.exe,
0x0000000000002300,3,C:\Users\taro\AppData\Local\Microsoft\OneDrive\24.025.0204.0003\FileCoAuth.exe,C:\Users\taro\AppData\Local\Microsoft\OneDrive\24.025.0204.0003\FileCoAuth.exe,
0x0000000000002304,3,C:\Users\taro\AppData\Local\Microsoft\OneDrive\24.025.0204.0003\FileCoAuth.exe,C:\Users\taro\AppData\Local\Microsoft\OneDrive\24.025.0204.0003\FileCoAuth.exe,
0x0000000000002348,3,C:\Windows\System32\svchost.exe,C:\Windows\System32\svchost.exe,
0x000000000000230c,3,C:\Program Files (x86)\Microsoft\Edge\Application\msedge.exe,C:\Program Files (x86)\Microsoft\Edge\Application\msedge.exe,
0x0000000000002a30,3,C:\Users\taro\AppData\Local\Microsoft\EdgeUpdate\MicrosoftEdgeUpdate.exe,C:\Users\taro\AppData\Local\Microsoft\EdgeUpdate\MicrosoftEdgeUpdate.exe,
0x00000000000029e4,3,C:\Users\taro\AppData\Local\Microsoft\OneDrive\24.025.0204.0003\FileCoAuth.exe,C:\Users\taro\AppData\Local\Microsoft\OneDrive\24.025.0204.0003\FileCoAuth.exe,
0x00000000000029ec,3,C:\Users\taro\AppData\Local\Microsoft\OneDrive\24.025.0204.0003\FileCoAuth.exe,C:\Users\taro\AppData\Local\Microsoft\OneDrive\24.025.0204.0003\FileCoAuth.exe,
0x0000000000002a08,3,C:\Windows\System32\RuntimeBroker.exe,C:\Windows\System32\RuntimeBroker.exe,
0x0000000000001708,3,C:\Windows\System32\SearchFilterHost.exe,C:\Windows\System32\SearchFilterHost.exe,
0x00000000000020e4,3,C:\Windows\System32\conhost.exe,C:\Windows\System32\conhost.exe,
0x0000000000002230,3,C:\Windows\System32\svchost.exe,C:\Windows\System32\svchost.exe,
0x00000000000021e0,3,C:\Windows\System32\svchost.exe,C:\Windows\System32\svchost.exe,
0x00000000000021cc,3,C:\Windows\System32\backgroundTaskHost.exe,C:\Windows\System32\backgroundTaskHost.exe,
0x0000000000000830,3,C:\Users\taro\AppData\Local\Microsoft\EdgeUpdate\MicrosoftEdgeUpdate.exe,C:\Users\taro\AppData\Local\Microsoft\EdgeUpdate\MicrosoftEdgeUpdate.exe,
4184,3,,,
4192,3,,,\device\harddiskvolume3\windows\system32\taskhostw.exe
0x000000000000142c,3,C:\Program Files (x86)\Microsoft\EdgeUpdate\MicrosoftEdgeUpdate.exe,C:\Program Files (x86)\Microsoft\EdgeUpdate\MicrosoftEdgeUpdate.exe,
0x0000000000002a8c,3,C:\Users\taro\AppData\Local\Microsoft\OneDrive\24.025.0204.0003\FileCoAuth.exe,C:\Users\taro\AppData\Local\Microsoft\OneDrive\24.025.0204.0003\FileCoAuth.exe,
0x000000000000139c,3,C:\Windows\System32\DiskSnapshot.exe,C:\Windows\System32\DiskSnapshot.exe,
0x0000000000002a68,3,C:\Users\taro\AppData\Local\Microsoft\OneDrive\24.025.0204.0003\FileCoAuth.exe,C:\Users\taro\AppData\Local\Microsoft\OneDrive\24.025.0204.0003\FileCoAuth.exe,
0x00000000000004d0,3,C:\Windows\System32\RuntimeBroker.exe,C:\Windows\System32\RuntimeBroker.exe,
0x0000000000000470,3,C:\Windows\System32\svchost.exe,C:\Windows\System32\svchost.exe,
8472,3,,,\device\harddiskvolume3\windows\system32\taskhostw.exe
8492,3,,,\device\harddiskvolume3\windows\system32\backgroundtaskhost.exe
8500,3,,,\device\harddiskvolume3\windows\system32\taskhostw.exe
0x00000000000004f8,3,C:\Windows\System32\WaaSMedicAgent.exe,C:\Windows\System32\WaaSMedicAgent.exe,
8348,3,,,\device\harddiskvolume3\program files (x86)\microsoft\edgeupdate\microsoftedgeupdate.exe
8388,3,,,\device\harddiskvolume3\windows\system32\taskhostw.exe
0x000000000000227c,3,C:\Users\taro\AppData\Local\Microsoft\OneDrive\24.025.0204.0003\FileCoAuth.exe,C:\Users\taro\AppData\Local\Microsoft\OneDrive\24.025.0204.0003\FileCoAuth.exe,
0x0000000000002284,3,C:\Program Files (x86)\Microsoft\Edge\Application\msedge.exe,C:\Program Files (x86)\Microsoft\Edge\Application\msedge.exe,
0x000000000000224c,3,C:\Windows\System32\BackgroundTransferHost.exe,C:\Windows\System32\BackgroundTransferHost.exe,
0x0000000000002294,3,C:\Users\taro\AppData\Local\Microsoft\EdgeUpdate\MicrosoftEdgeUpdate.exe,C:\Users\taro\AppData\Local\Microsoft\EdgeUpdate\MicrosoftEdgeUpdate.exe,
0x0000000000002260,3,C:\Users\taro\AppData\Local\Microsoft\OneDrive\24.025.0204.0003\FileCoAuth.exe,C:\Users\taro\AppData\Local\Microsoft\OneDrive\24.025.0204.0003\FileCoAuth.exe,
840,3,,,\device\harddiskvolume3\windows\system32\taskhostw.exe
0x00000000000004c0,3,C:\Program Files (x86)\Microsoft\EdgeUpdate\MicrosoftEdgeUpdate.exe,C:\Program Files (x86)\Microsoft\EdgeUpdate\MicrosoftEdgeUpdate.exe,
0x00000000000004cc,3,C:\Windows\System32\taskhostw.exe,C:\Windows\System32\taskhostw.exe,
8512,3,,,\device\harddiskvolume3\windows\system32\backgroundtaskhost.exe
0x0000000000000398,3,C:\Program Files\RUXIM\PLUGScheduler.exe,C:\Program Files\RUXIM\PLUGScheduler.exe,
0x0000000000002040,3,C:\Windows\System32\svchost.exe,C:\Windows\System32\svchost.exe,
0x000000000000217c,3,C:\Windows\System32\RuntimeBroker.exe,C:\Windows\System32\RuntimeBroker.exe,
0x00000000000020a8,3,C:\Windows\System32\svchost.exe,C:\Windows\System32\svchost.exe,
0x00000000000020b4,3,C:\Windows\System32\svchost.exe,C:\Windows\System32\svchost.exe,
0x00000000000020c8,3,C:\Users\taro\AppData\Local\Microsoft\OneDrive\24.025.0204.0003\FileCoAuth.exe,C:\Users\taro\AppData\Local\Microsoft\OneDrive\24.025.0204.0003\FileCoAuth.exe,
0x0000000000000ad0,3,C:\Windows\System32\backgroundTaskHost.exe,C:\Windows\System32\backgroundTaskHost.exe,
0x0000000000001374,3,C:\Program Files (x86)\Microsoft\Edge\Application\msedge.exe,C:\Program Files (x86)\Microsoft\Edge\Application\msedge.exe,
0x0000000000000780,3,C:\Windows\System32\svchost.exe,C:\Windows\System32\svchost.exe,
0x00000000000007c8,3,C:\Program Files (x86)\Microsoft\EdgeUpdate\MicrosoftEdgeUpdate.exe,C:\Program Files (x86)\Microsoft\EdgeUpdate\MicrosoftEdgeUpdate.exe,
6292,3,,,\device\harddiskvolume3\users\taro\appdata\local\microsoft\edgeupdate\microsoftedgeupdate.exe
6320,3,,,\device\harddiskvolume3\program files (x86)\microsoft\edgeupdate\microsoftedgeupdate.exe
2172,3,,,\device\harddiskvolume3\windows\system32\svchost.exe
0x000000000000200c,3,C:\Windows\System32\svchost.exe,C:\Windows\System32\svchost.exe,
0x000000000000201c,3,C:\Program Files (x86)\Microsoft\EdgeUpdate\MicrosoftEdgeUpdate.exe,C:\Program Files (x86)\Microsoft\EdgeUpdate\MicrosoftEdgeUpdate.exe,
0x000000000000177c,3,C:\Program Files (x86)\Microsoft\Edge\Application\msedge.exe,C:\Program Files (x86)\Microsoft\Edge\Application\msedge.exe,
0x000000000000048c,3,C:\Windows\System32\conhost.exe,C:\Windows\System32\conhost.exe,
0x0000000000002b48,3,C:\Windows\System32\RuntimeBroker.exe,C:\Windows\System32\RuntimeBroker.exe,
0x0000000000002b58,3,C:\Users\taro\AppData\Local\Microsoft\EdgeUpdate\MicrosoftEdgeUpdate.exe,C:\Users\taro\AppData\Local\Microsoft\EdgeUpdate\MicrosoftEdgeUpdate.exe,
0x000000000000137c,3,C:\Program Files (x86)\Microsoft\EdgeUpdate\MicrosoftEdgeUpdate.exe,C:\Program Files (x86)\Microsoft\EdgeUpdate\MicrosoftEdgeUpdate.exe,
0x00000000000013ac,3,C:\Windows\System32\SppExtComObj.Exe,C:\Windows\System32\SppExtComObj.Exe,
0x0000000000001360,3,C:\Users\taro\AppData\Local\Microsoft\EdgeUpdate\MicrosoftEdgeUpdate.exe,C:\Users\taro\AppData\Local\Microsoft\EdgeUpdate\MicrosoftEdgeUpdate.exe,
0x0000000000001370,3,C:\Windows\System32\gpupdate.exe,C:\Windows\System32\gpupdate.exe,
0x00000000000021f0,3,C:\Users\taro\AppData\Local\Microsoft\OneDrive\24.025.0204.0003\FileCoAuth.exe,C:\Users\taro\AppData\Local\Microsoft\OneDrive\24.025.0204.0003\FileCoAuth.exe,
0x00000000000021ac,3,C:\Windows\System32\svchost.exe,C:\Windows\System32\svchost.exe,
0x0000000000001758,3,C:\Program Files (x86)\Microsoft\EdgeUpdate\MicrosoftEdgeUpdate.exe,C:\Program Files (x86)\Microsoft\EdgeUpdate\MicrosoftEdgeUpdate.exe,
0x0000000000001674,3,C:\Windows\System32\backgroundTaskHost.exe,C:\Windows\System32\backgroundTaskHost.exe,
0x0000000000002134,3,C:\Windows\System32\PING.EXE,C:\Windows\System32\PING.EXE,
0x000000000000171c,3,C:\Program Files (x86)\Microsoft\EdgeUpdate\MicrosoftEdgeUpdate.exe,C:\Program Files (x86)\Microsoft\EdgeUpdate\MicrosoftEdgeUpdate.exe,
0x0000000000001724,3,C:\Program Files (x86)\Microsoft\EdgeUpdate\MicrosoftEdgeUpdate.exe,C:\Program Files (x86)\Microsoft\EdgeUpdate\MicrosoftEdgeUpdate.exe,
0x0000000000001770,3,C:\Program Files (x86)\Microsoft\EdgeUpdate\MicrosoftEdgeUpdate.exe,C:\Program Files (x86)\Microsoft\EdgeUpdate\MicrosoftEdgeUpdate.exe,
0x00000000000003cc,3,C:\Windows\System32\svchost.exe,C:\Windows\System32\svchost.exe,
8568,3,,,\device\harddiskvolume3\windows\system32\taskhostw.exe
0x000000000000040c,3,C:\Users\taro\AppData\Local\Temp\C888FE82-F472-432E-B8EF-A939E797EC70\DismHost.exe,C:\Users\taro\AppData\Local\Temp\C888FE82-F472-432E-B8EF-A939E797EC70\DismHost.exe,
0x0000000000001f60,3,C:\Users\taro\AppData\Local\Microsoft\EdgeUpdate\MicrosoftEdgeUpdate.exe,C:\Users\taro\AppData\Local\Microsoft\EdgeUpdate\MicrosoftEdgeUpdate.exe,
0x0000000000000428,3,C:\Program Files (x86)\Microsoft\Edge\Application\msedge.exe,C:\Program Files (x86)\Microsoft\Edge\Application\msedge.exe,
0x0000000000001f44,3,C:\Windows\System32\conhost.exe,C:\Windows\System32\conhost.exe,
0x0000000000001f4c,3,C:\Windows\System32\CompatTelRunner.exe,C:\Windows\System32\CompatTelRunner.exe,
4516,3,,,\device\harddiskvolume3\windows\system32\taskhostw.exe
0x0000000000002b84,3,C:\Users\taro\AppData\Local\Microsoft\OneDrive\24.025.0204.0003\FileCoAuth.exe,C:\Users\taro\AppData\Local\Microsoft\OneDrive\24.025.0204.0003\FileCoAuth.exe,
0x0000000000002af4,3,C:\Users\taro\AppData\Local\Microsoft\OneDrive\24.025.0204.0003\FileCoAuth.exe,C:\Users\taro\AppData\Local\Microsoft\OneDrive\24.025.0204.0003\FileCoAuth.exe,
0x000000000000062c,3,C:\Windows\System32\svchost.exe,C:\Windows\System32\svchost.exe,
0x0000000000000644,3,C:\Program Files (x86)\Microsoft\EdgeUpdate\MicrosoftEdgeUpdate.exe,C:\Program Files (x86)\Microsoft\EdgeUpdate\MicrosoftEdgeUpdate.exe,
10300,3,,,\device\harddiskvolume3\windows\system32\svchost.exe
5544,3,,,\device\harddiskvolume3\windows\system32\taskhostw.exe
4448,3,,,\device\harddiskvolume3\users\taro\appdata\local\microsoft\edgeupdate\microsoftedgeupdate.exe
0x0000000000000410,3,C:\Windows\System32\svchost.exe,C:\Windows\System32\svchost.exe,
2196,3,,,\device\harddiskvolume3\windows\system32\taskhostw.exe
0x0000000000000f94,3,C:\Program Files (x86)\Microsoft\EdgeUpdate\MicrosoftEdgeUpdate.exe,C:\Program Files (x86)\Microsoft\EdgeUpdate\MicrosoftEdgeUpdate.exe,
0x0000000000002b78,3,C:\Windows\System32\RuntimeBroker.exe,C:\Windows\System32\RuntimeBroker.exe,
0x00000000000012d4,3,C:\Windows\System32\svchost.exe,C:\Windows\System32\svchost.exe,
0x0000000000002bb4,3,C:\Windows\Microsoft.NET\Framework\v4.0.30319\mscorsvw.exe,C:\Windows\Microsoft.NET\Framework\v4.0.30319\mscorsvw.exe,
0x00000000000012f0,3,C:\Windows\SoftwareDistribution\Download\Install\AM_Delta_Patch_1.407.417.0.exe,C:\Windows\SoftwareDistribution\Download\Install\AM_Delta_Patch_1.407.417.0.exe,
0x00000000000012f8,3,C:\Windows\Microsoft.NET\Framework64\v4.0.30319\mscorsvw.exe,C:\Windows\Microsoft.NET\Framework64\v4.0.30319\mscorsvw.exe,
0x0000000000002b68,3,C:\Program Files (x86)\Microsoft\Edge\Application\msedge.exe,C:\Program Files (x86)\Microsoft\Edge\Application\msedge.exe,
0x0000000000000b44,3,C:\Users\taro\AppData\Local\Microsoft\OneDrive\24.025.0204.0003\FileCoAuth.exe,C:\Users\taro\AppData\Local\Microsoft\OneDrive\24.025.0204.0003\FileCoAuth.exe,
0x0000000000000b50,3,C:\Users\taro\AppData\Local\Microsoft\OneDrive\24.025.0204.0003\FileCoAuth.exe,C:\Users\taro\AppData\Local\Microsoft\OneDrive\24.025.0204.0003\FileCoAuth.exe,
0x0000000000000b54,3,C:\Windows\Microsoft.NET\Framework64\v4.0.30319\mscorsvw.exe,C:\Windows\Microsoft.NET\Framework64\v4.0.30319\mscorsvw.exe,
4124,3,,,\device\harddiskvolume3\program files (x86)\microsoft\edgeupdate\microsoftedgeupdate.exe
0x0000000000000b98,3,C:\Windows\System32\taskhostw.exe,C:\Windows\System32\taskhostw.exe,
0x0000000000002104,3,C:\Windows\System32\svchost.exe,C:\Windows\System32\svchost.exe,
0x00000000000017ec,3,C:\Windows\System32\CompatTelRunner.exe,C:\Windows\System32\CompatTelRunner.exe,
0x0000000000001804,3,C:\Program Files (x86)\Microsoft\Edge\Application\msedge.exe,C:\Program Files (x86)\Microsoft\Edge\Application\msedge.exe,
0x0000000000000fdc,3,C:\Program Files (x86)\Microsoft\EdgeUpdate\MicrosoftEdgeUpdate.exe,C:\Program Files (x86)\Microsoft\EdgeUpdate\MicrosoftEdgeUpdate.exe,
0x0000000000000fec,3,C:\Windows\System32\CompatTelRunner.exe,C:\Windows\System32\CompatTelRunner.exe,
1596,3,,,\device\harddiskvolume3\windows\system32\svchost.exe
2008,3,,,
0x0000000000001f3c,3,C:\Users\taro\AppData\Local\Microsoft\OneDrive\24.025.0204.0003\FileCoAuth.exe,C:\Users\taro\AppData\Local\Microsoft\OneDrive\24.025.0204.0003\FileCoAuth.exe,
0x0000000000001ebc,3,C:\Users\taro\AppData\Local\Microsoft\EdgeUpdate\MicrosoftEdgeUpdate.exe,C:\Users\taro\AppData\Local\Microsoft\EdgeUpdate\MicrosoftEdgeUpdate.exe,
0x0000000000001e14,3,C:\Users\taro\AppData\Local\Microsoft\OneDrive\24.025.0204.0003\FileCoAuth.exe,C:\Users\taro\AppData\Local\Microsoft\OneDrive\24.025.0204.0003\FileCoAuth.exe,
0x0000000000001860,3,C:\Program Files (x86)\Microsoft\Edge\Application\msedge.exe,C:\Program Files (x86)\Microsoft\Edge\Application\msedge.exe,
7340,3,,,\device\harddiskvolume3\windows\system32\taskhostw.exe
716,3,,,\device\harddiskvolume3\windows\system32\svchost.exe
7192,3,,,\device\harddiskvolume3\windows\system32\backgroundtaskhost.exe
0x0000000000000620,3,C:\Windows\System32\svchost.exe,C:\Windows\System32\svchost.exe,
0x00000000000012b4,3,C:\Program Files (x86)\Microsoft\EdgeUpdate\MicrosoftEdgeUpdate.exe,C:\Program Files (x86)\Microsoft\EdgeUpdate\MicrosoftEdgeUpdate.exe,
0x00000000000012b8,3,C:\Users\taro\AppData\Local\Microsoft\OneDrive\24.025.0204.0003\FileCoAuth.exe,C:\Users\taro\AppData\Local\Microsoft\OneDrive\24.025.0204.0003\FileCoAuth.exe,
0x00000000000012bc,3,C:\Users\taro\AppData\Local\Microsoft\OneDrive\24.040.0225.0003\FileCoAuth.exe,C:\Users\taro\AppData\Local\Microsoft\OneDrive\24.040.0225.0003\FileCoAuth.exe,
0x00000000000012c0,3,C:\Windows\System32\gpupdate.exe,C:\Windows\System32\gpupdate.exe,
0x00000000000018ac,3,C:\Windows\System32\DiskSnapshot.exe,C:\Windows\System32\DiskSnapshot.exe,
0x0000000000001ec4,3,C:\Windows\System32\svchost.exe,C:\Windows\System32\svchost.exe,
0x0000000000001ee4,3,C:\Program Files (x86)\Microsoft\Edge\Application\msedge.exe,C:\Program Files (x86)\Microsoft\Edge\Application\msedge.exe,
536,3,,,\device\harddiskvolume3\windows\system32\sppextcomobj.exe
5384,3,,,\device\harddiskvolume3\windows\system32\taskhostw.exe
5572,3,,,\device\harddiskvolume3\program files\ruxim\ruximics.exe
5468,3,,,\device\harddiskvolume3\program files (x86)\microsoft\edgeupdate\microsoftedgeupdate.exe
4380,3,,,\device\harddiskvolume3\windows\system32\taskhostw.exe
4592,3,,,\device\harddiskvolume3\windows\system32\taskhostw.exe
0x0000000000000a98,3,C:\Windows\System32\svchost.exe,C:\Windows\System32\svchost.exe,
0x0000000000001f8c,3,C:\Users\taro\AppData\Local\Microsoft\OneDrive\24.025.0204.0003\FileCoAuth.exe,C:\Users\taro\AppData\Local\Microsoft\OneDrive\24.025.0204.0003\FileCoAuth.exe,
0x0000000000001ff0,3,C:\ProgramData\Microsoft\Windows Defender\Platform\4.18.24010.12-0\MpCmdRun.exe,C:\ProgramData\Microsoft\Windows Defender\Platform\4.18.24010.12-0\MpCmdRun.exe,
0x0000000000001ff4,3,C:\Windows\System32\RuntimeBroker.exe,C:\Windows\System32\RuntimeBroker.exe,
0x0000000000001fb8,3,C:\Windows\System32\CompatTelRunner.exe,C:\Windows\System32\CompatTelRunner.exe,
0x0000000000001864,3,C:\Users\taro\AppData\Local\Microsoft\OneDrive\24.025.0204.0003\FileCoAuth.exe,C:\Users\taro\AppData\Local\Microsoft\OneDrive\24.025.0204.0003\FileCoAuth.exe,
0x00000000000018a0,3,C:\Users\taro\AppData\Local\Microsoft\OneDrive\24.025.0204.0003\FileCoAuth.exe,C:\Users\taro\AppData\Local\Microsoft\OneDrive\24.025.0204.0003\FileCoAuth.exe,
8912,3,,,\device\harddiskvolume3\windows\system32\svchost.exe
0x0000000000001d2c,3,C:\Windows\System32\backgroundTaskHost.exe,C:\Windows\System32\backgroundTaskHost.exe,
8992,3,,,\device\harddiskvolume3\windows\system32\taskhostw.exe
9000,3,,,\device\harddiskvolume3\windows\system32\backgroundtaskhost.exe
0x0000000000001d48,3,C:\Windows\System32\WindowsPowerShell\v1.0\powershell.exe,C:\Windows\System32\WindowsPowerShell\v1.0\powershell.exe,
0x0000000000001d4c,3,C:\Windows\System32\OpenSSH\sshd.exe,C:\Windows\System32\OpenSSH\sshd.exe,
0x0000000000001df4,3,C:\Users\taro\AppData\Local\Microsoft\OneDrive\24.025.0204.0003\FileCoAuth.exe,C:\Users\taro\AppData\Local\Microsoft\OneDrive\24.025.0204.0003\FileCoAuth.exe,
0x0000000000001da0,3,C:\Program Files (x86)\Microsoft\Edge\Application\msedge.exe,C:\Program Files (x86)\Microsoft\Edge\Application\msedge.exe,
0x0000000000000b0c,3,C:\Users\taro\AppData\Local\Microsoft\EdgeUpdate\MicrosoftEdgeUpdate.exe,C:\Users\taro\AppData\Local\Microsoft\EdgeUpdate\MicrosoftEdgeUpdate.exe,
4960,3,,,\device\harddiskvolume3\users\taro\appdata\local\microsoft\edgeupdate\microsoftedgeupdate.exe
5044,3,,,\device\harddiskvolume3\windows\system32\svchost.exe
0x0000000000000b14,3,C:\Windows\System32\backgroundTaskHost.exe,C:\Windows\System32\backgroundTaskHost.exe,
4612,3,,,\device\harddiskvolume3\windows\system32\backgroundtaskhost.exe
4664,3,,,\device\harddiskvolume3\windows\system32\sppextcomobj.exe
8828,3,,,\device\harddiskvolume3\windows\system32\svchost.exe
8904,3,,,\device\harddiskvolume3\users\taro\appdata\local\microsoft\onedrive\onedrivestandaloneupdater.exe
10076,3,,,
0x0000000000002bbc,3,C:\Program Files (x86)\Microsoft\EdgeUpdate\MicrosoftEdgeUpdate.exe,C:\Program Files (x86)\Microsoft\EdgeUpdate\MicrosoftEdgeUpdate.exe,
10004,3,,,\device\harddiskvolume3\program files (x86)\microsoft\edgeupdate\microsoftedgeupdate.exe
6412,3,,,
0x0000000000000f44,3,C:\ProgramData\Microsoft\Windows Defender\Platform\4.18.24020.7-0\MpCmdRun.exe,C:\ProgramData\Microsoft\Windows Defender\Platform\4.18.24020.7-0\MpCmdRun.exe,
0x0000000000000f5c,3,C:\Windows\System32\CompatTelRunner.exe,C:\Windows\System32\CompatTelRunner.exe,
0x000000000000069c,3,C:\Program Files (x86)\Microsoft\EdgeUpdate\MicrosoftEdgeUpdate.exe,C:\Program Files (x86)\Microsoft\EdgeUpdate\MicrosoftEdgeUpdate.exe,
0x00000000000006b0,3,C:\Program Files (x86)\Microsoft\EdgeUpdate\MicrosoftEdgeUpdate.exe,C:\Program Files (x86)\Microsoft\EdgeUpdate\MicrosoftEdgeUpdate.exe,
0x0000000000001e7c,3,C:\Windows\System32\svchost.exe,C:\Windows\System32\taskhostw.exe,
0x0000000000001820,3,C:\Windows\System32\sppsvc.exe,C:\Windows\System32\sppsvc.exe,
0x0000000000001fc0,3,C:\Program Files (x86)\Microsoft\Edge\Application\msedge.exe,C:\Program Files (x86)\Microsoft\Edge\Application\msedge.exe,
0x0000000000001fcc,3,C:\Users\taro\AppData\Local\Microsoft\OneDrive\24.025.0204.0003\FileCoAuth.exe,C:\Users\taro\AppData\Local\Microsoft\OneDrive\24.025.0204.0003\FileCoAuth.exe,
0x00000000000011e4,3,C:\Program Files (x86)\Microsoft\EdgeUpdate\MicrosoftEdgeUpdate.exe,C:\Program Files (x86)\Microsoft\EdgeUpdate\MicrosoftEdgeUpdate.exe,
0x00000000000011f0,3,C:\Program Files (x86)\Microsoft\EdgeUpdate\MicrosoftEdgeUpdate.exe,C:\Program Files (x86)\Microsoft\EdgeUpdate\MicrosoftEdgeUpdate.exe,
0x0000000000002bf8,3,C:\Users\taro\AppData\Local\Microsoft\OneDrive\24.025.0204.0003\FileCoAuth.exe,C:\Users\taro\AppData\Local\Microsoft\OneDrive\24.025.0204.0003\FileCoAuth.exe,
10012,3,,,\device\harddiskvolume3\windows\system32\taskhostw.exe
0x00000000000005cc,3,C:\Windows\System32\conhost.exe,C:\Windows\System32\conhost.exe,
0x00000000000005f4,3,C:\Windows\System32\WindowsPowerShell\v1.0\powershell.exe,C:\Windows\System32\WindowsPowerShell\v1.0\powershell.exe,
0x0000000000000604,3,C:\Windows\Microsoft.NET\Framework64\v4.0.30319\mscorsvw.exe,C:\Windows\Microsoft.NET\Framework64\v4.0.30319\mscorsvw.exe,
0x00000000000008fc,3,C:\Windows\Microsoft.NET\Framework64\v4.0.30319\mscorsvw.exe,C:\Windows\Microsoft.NET\Framework64\v4.0.30319\mscorsvw.exe,
0x0000000000000a58,3,C:\Windows\System32\conhost.exe,C:\Windows\System32\conhost.exe,
0x0000000000000a74,3,C:\Windows\System32\svchost.exe,C:\Windows\System32\svchost.exe,
0x0000000000000a84,3,C:\Windows\System32\RuntimeBroker.exe,C:\Windows\System32\RuntimeBroker.exe,
0x0000000000001cf8,3,C:\Users\taro\AppData\Local\Microsoft\OneDrive\24.025.0204.0003\FileCoAuth.exe,C:\Users\taro\AppData\Local\Microsoft\OneDrive\24.025.0204.0003\FileCoAuth.exe,
10624,3,,,
10668,3,,,\device\harddiskvolume3\windows\system32\sppextcomobj.exe
10688,3,,,\device\harddiskvolume3\program files (x86)\microsoft\edgeupdate\microsoftedgeupdate.exe
0x0000000000001138,3,C:\Windows\Microsoft.NET\Framework\v4.0.30319\ngen.exe,C:\Windows\Microsoft.NET\Framework\v4.0.30319\ngen.exe,
10340,3,,,\device\harddiskvolume3\windows\system32\taskhostw.exe
10392,3,,,\device\harddiskvolume3\windows\system32\backgroundtaskhost.exe
10436,3,,,\device\harddiskvolume3\program files (x86)\microsoft\edgeupdate\microsoftedgeupdate.exe
10468,3,,,\device\harddiskvolume3\users\taro\appdata\local\microsoft\onedrive\update\onedrivesetup.exe
0x0000000000001944,3,C:\Users\taro\AppData\Local\Microsoft\OneDrive\24.025.0204.0003\FileCoAuth.exe,C:\Users\taro\AppData\Local\Microsoft\OneDrive\24.025.0204.0003\FileCoAuth.exe,
5076,3,,,
4836,3,,,\device\harddiskvolume3\windows\system32\taskhostw.exe
0x0000000000000b04,3,C:\Windows\Microsoft.NET\Framework\v4.0.30319\mscorsvw.exe,C:\Windows\Microsoft.NET\Framework\v4.0.30319\mscorsvw.exe,
6552,3,,,\device\harddiskvolume3\users\taro\appdata\local\microsoft\onedrive\24.025.0204.0003\microsoft.sharepoint.exe
0x0000000000000678,3,C:\Windows\System32\gpupdate.exe,C:\Windows\System32\gpupdate.exe,
0x0000000000001010,3,C:\Windows\System32\svchost.exe,C:\Windows\System32\svchost.exe,
1060,3,,,\device\harddiskvolume3\windows\system32\backgroundtaskhost.exe
0x0000000000001d40,3,C:\Users\taro\AppData\Local\Microsoft\OneDrive\24.025.0204.0003\FileCoAuth.exe,C:\Users\taro\AppData\Local\Microsoft\OneDrive\24.025.0204.0003\FileCoAuth.exe,
0x0000000000001c88,3,C:\Users\taro\AppData\Local\Microsoft\OneDrive\24.025.0204.0003\FileCoAuth.exe,C:\Users\taro\AppData\Local\Microsoft\OneDrive\24.025.0204.0003\FileCoAuth.exe,
0x0000000000001910,3,C:\Users\taro\AppData\Local\Microsoft\OneDrive\24.025.0204.0003\FileCoAuth.exe,C:\Users\taro\AppData\Local\Microsoft\OneDrive\24.025.0204.0003\FileCoAuth.exe,
0x0000000000001924,3,C:\Windows\System32\sppsvc.exe,C:\Windows\System32\sppsvc.exe,
0x0000000000001928,3,C:\Users\taro\AppData\Local\Microsoft\OneDrive\24.040.0225.0003\FileCoAuth.exe,C:\Users\taro\AppData\Local\Microsoft\OneDrive\24.040.0225.0003\FileCoAuth.exe,
0x0000000000001ca4,3,C:\Program Files (x86)\Microsoft\Edge\Application\msedge.exe,C:\Program Files (x86)\Microsoft\Edge\Application\msedge.exe,
0x0000000000001ca8,3,C:\Program Files\WindowsApps\microsoft.windowscommunicationsapps_16005.14326.21844.0_x64__8wekyb3d8bbwe\HxTsr.exe,C:\Program Files\WindowsApps\microsoft.windowscommunicationsapps_16005.14326.21844.0_x64__8wekyb3d8bbwe\HxTsr.exe,
0x0000000000001cb4,3,C:\Users\taro\AppData\Local\Microsoft\OneDrive\24.025.0204.0003\FileCoAuth.exe,C:\Users\taro\AppData\Local\Microsoft\OneDrive\24.025.0204.0003\FileCoAuth.exe,
0x000000000000070c,3,C:\Program Files (x86)\Microsoft\Edge\Application\msedge.exe,C:\Program Files (x86)\Microsoft\Edge\Application\msedge.exe,
6792,3,,,\device\harddiskvolume3\windows\system32\taskhostw.exe
10972,3,,,\device\harddiskvolume3\windows\system32\backgroundtaskhost.exe
10992,3,,,
0x000000000000093c,3,C:\Users\taro\AppData\Local\Microsoft\OneDrive\24.025.0204.0003\FileCoAuth.exe,C:\Users\taro\AppData\Local\Microsoft\OneDrive\24.025.0204.0003\FileCoAuth.exe,
9972,3,,,\device\harddiskvolume3\windows\system32\backgroundtaskhost.exe
0x000000000000092c,3,C:\Program Files\RUXIM\PLUGScheduler.exe,C:\Program Files\RUXIM\PLUGScheduler.exe,
9788,3,,,\device\harddiskvolume3\windows\system32\taskhostw.exe
10860,3,,,\device\harddiskvolume3\windows\system32\taskhostw.exe
0x00000000000011d4,3,C:\Windows\System32\conhost.exe,C:\Windows\System32\conhost.exe,
1176,3,,,\device\harddiskvolume3\windows\system32\backgroundtaskhost.exe
1260,3,,,\device\harddiskvolume3\windows\system32\taskhostw.exe
1272,3,,,\device\harddiskvolume3\windows\system32\waasmedicagent.exe
6680,3,,,\device\harddiskvolume3\windows\system32\backgroundtaskhost.exe
6708,3,,,\device\harddiskvolume3\windows\system32\taskhostw.exe
6724,3,,,\device\harddiskvolume3\windows\system32\backgroundtaskhost.exe
0x00000000000019d8,3,C:\Users\taro\AppData\Local\Microsoft\OneDrive\24.025.0204.0003\FileCoAuth.exe,C:\Users\taro\AppData\Local\Microsoft\OneDrive\24.025.0204.0003\FileCoAuth.exe,
0x00000000000019e0,3,C:\Users\taro\AppData\Local\Microsoft\OneDrive\24.025.0204.0003\FileCoAuth.exe,C:\Users\taro\AppData\Local\Microsoft\OneDrive\24.025.0204.0003\FileCoAuth.exe,
0x0000000000001a94,3,C:\Program Files\WindowsApps\Microsoft.YourPhone_1.24021.105.0_x64__8wekyb3d8bbwe\PhoneExperienceHost.exe,C:\Program Files\WindowsApps\Microsoft.YourPhone_1.24021.105.0_x64__8wekyb3d8bbwe\PhoneExperienceHost.exe,
0x0000000000001abc,3,C:\Windows\System32\BackgroundTransferHost.exe,C:\Windows\System32\BackgroundTransferHost.exe,
0x00000000000019d0,3,C:\Windows\System32\taskhostw.exe,C:\Windows\System32\taskhostw.exe,
11108,3,,,\device\harddiskvolume3\users\taro\appdata\local\microsoft\onedrive\onedrivestandaloneupdater.exe
11128,3,,,\device\harddiskvolume3\windows\system32\taskhostw.exe
0x0000000000001164,3,C:\Users\taro\AppData\Local\Microsoft\OneDrive\24.025.0204.0003\FileCoAuth.exe,C:\Users\taro\AppData\Local\Microsoft\OneDrive\24.025.0204.0003\FileCoAuth.exe,
0x0000000000001a4c,3,C:\Users\taro\AppData\Local\Microsoft\OneDrive\24.025.0204.0003\FileCoAuth.exe,C:\Users\taro\AppData\Local\Microsoft\OneDrive\24.025.0204.0003\FileCoAuth.exe,
0x000000000000198c,3,C:\Program Files (x86)\Microsoft\EdgeUpdate\MicrosoftEdgeUpdate.exe,C:\Program Files (x86)\Microsoft\EdgeUpdate\MicrosoftEdgeUpdate.exe,
0x0000000000001990,3,C:\Users\taro\AppData\Local\Microsoft\EdgeUpdate\MicrosoftEdgeUpdate.exe,C:\Users\taro\AppData\Local\Microsoft\EdgeUpdate\MicrosoftEdgeUpdate.exe,
0x0000000000001994,3,C:\Windows\System32\svchost.exe,C:\Windows\System32\svchost.exe,
0x0000000000001bd0,3,C:\Windows\System32\svchost.exe,C:\Windows\System32\svchost.exe,
0x00000000000019b4,3,C:\Windows\System32\conhost.exe,C:\Windows\System32\conhost.exe,
0x00000000000019b8,3,C:\Users\taro\AppData\Local\Microsoft\OneDrive\24.025.0204.0003\FileCoAuth.exe,C:\Users\taro\AppData\Local\Microsoft\OneDrive\24.025.0204.0003\FileCoAuth.exe,
0x0000000000001bc0,3,C:\Users\taro\AppData\Local\Microsoft\EdgeUpdate\MicrosoftEdgeUpdate.exe,C:\Users\taro\AppData\Local\Microsoft\EdgeUpdate\MicrosoftEdgeUpdate.exe,
0x0000000000000748,3,C:\Windows\System32\RuntimeBroker.exe,C:\Windows\System32\RuntimeBroker.exe,
0x0000000000000750,3,C:\Users\taro\AppData\Local\Microsoft\OneDrive\24.025.0204.0003\FileCoAuth.exe,C:\Users\taro\AppData\Local\Microsoft\OneDrive\24.025.0204.0003\FileCoAuth.exe,
0x0000000000000758,3,C:\Program Files (x86)\Microsoft\EdgeUpdate\MicrosoftEdgeUpdate.exe,C:\Program Files (x86)\Microsoft\EdgeUpdate\MicrosoftEdgeUpdate.exe,
0x000000000000075c,3,C:\Windows\System32\conhost.exe,C:\Windows\System32\conhost.exe,
6016,3,,,
0x0000000000000d80,3,C:\Program Files (x86)\Microsoft\EdgeUpdate\MicrosoftEdgeUpdate.exe,C:\Program Files (x86)\Microsoft\EdgeUpdate\MicrosoftEdgeUpdate.exe,
0x0000000000000d40,3,C:\Windows\System32\svchost.exe,C:\Windows\System32\svchost.exe,
0x0000000000000d48,3,C:\Users\taro\AppData\Local\Microsoft\OneDrive\24.025.0204.0003\FileCoAuth.exe,C:\Users\taro\AppData\Local\Microsoft\OneDrive\24.025.0204.0003\FileCoAuth.exe,
0x0000000000000584,3,C:\Program Files (x86)\Microsoft\EdgeUpdate\MicrosoftEdgeUpdate.exe,C:\Program Files (x86)\Microsoft\EdgeUpdate\MicrosoftEdgeUpdate.exe,
0x00000000000026ec,3,C:\Windows\System32\svchost.exe,C:\Windows\System32\svchost.exe,
7936,3,,,\device\harddiskvolume3\users\taro\appdata\local\microsoft\onedrive\24.025.0204.0003\microsoft.sharepoint.exe
0x0000000000002734,3,C:\Program Files (x86)\Microsoft\EdgeUpdate\MicrosoftEdgeUpdate.exe,C:\Program Files (x86)\Microsoft\EdgeUpdate\MicrosoftEdgeUpdate.exe,
0x00000000000026d0,3,C:\Windows\System32\MusNotification.exe,C:\Windows\System32\MusNotification.exe,
0x00000000000026dc,3,C:\ProgramData\Microsoft\Windows Defender\Platform\4.18.24010.12-0\MpCmdRun.exe,C:\ProgramData\Microsoft\Windows Defender\Platform\4.18.24010.12-0\MpCmdRun.exe,
0x0000000000000734,3,C:\Windows\System32\rundll32.exe,C:\Windows\System32\taskhostw.exe,
5916,3,,,\device\harddiskvolume3\windows\system32\svchost.exe
9696,3,,,\device\harddiskvolume3\users\taro\appdata\local\microsoft\edgeupdate\microsoftedgeupdate.exe
968,3,,,\device\harddiskvolume3\windows\system32\taskhostw.exe
0x0000000000000944,3,C:\Users\taro\AppData\Local\Microsoft\EdgeUpdate\MicrosoftEdgeUpdate.exe,C:\Users\taro\AppData\Local\Microsoft\EdgeUpdate\MicrosoftEdgeUpdate.exe,
0x000000000000151c,3,C:\Windows\System32\svchost.exe,C:\Windows\System32\svchost.exe,
0x0000000000001538,3,C:\Windows\System32\MoUsoCoreWorker.exe,C:\Windows\System32\MoUsoCoreWorker.exe,
0x0000000000001544,3,C:\Windows\Microsoft.NET\Framework\v4.0.30319\mscorsvw.exe,C:\Windows\Microsoft.NET\Framework\v4.0.30319\mscorsvw.exe,
0x0000000000000574,3,C:\Windows\System32\gpupdate.exe,C:\Windows\System32\gpupdate.exe,
8108,3,,,\device\harddiskvolume3\windows\system32\svchost.exe
9800,3,,,\device\harddiskvolume3\windows\system32\taskhostw.exe
9996,3,,,\device\harddiskvolume3\program files\windowsapps\microsoft.yourphone_1.24021.105.0_x64__8wekyb3d8bbwe\phoneexperiencehost.exe
9884,3,,,\device\harddiskvolume3\windows\system32\taskhostw.exe
0x0000000000000214,3,C:\Windows\System32\wininit.exe,C:\Windows\System32\wininit.exe,
9412,3,,,\device\harddiskvolume3\windows\system32\taskhostw.exe
0x0000000000000368,3,C:\Windows\Microsoft.NET\Framework64\v4.0.30319\mscorsvw.exe,C:\Windows\Microsoft.NET\Framework64\v4.0.30319\mscorsvw.exe,
0x00000000000001bc,3,C:\Program Files (x86)\Microsoft\EdgeUpdate\MicrosoftEdgeUpdate.exe,C:\Program Files (x86)\Microsoft\EdgeUpdate\MicrosoftEdgeUpdate.exe,
9376,3,,,\device\harddiskvolume3\program files (x86)\microsoft\edgeupdate\microsoftedgeupdate.exe
0x00000000000002b8,2,C:\Windows\Microsoft.NET\Framework64\v4.0.30319\mscorsvw.exe,C:\Windows\Microsoft.NET\Framework64\v4.0.30319\mscorsvw.exe,
0x0000000000000008,2,C:\Windows\System32\conhost.exe,C:\Windows\System32\conhost.exe,
0x000000000000005c,2,Registry,Registry,
9756,2,,,
9740,2,,,
972,2,,,
0x00000000000001b4,2,C:\Program Files (x86)\Microsoft\Edge\Application\msedge.exe,C:\Program Files (x86)\Microsoft\Edge\Application\msedge.exe,
0x00000000000001b8,2,C:\Windows\System32\conhost.exe,C:\Windows\System32\conhost.exe,
0x00000000000001c0,2,C:\Windows\Microsoft.NET\Framework64\v4.0.30319\mscorsvw.exe,C:\Windows\Microsoft.NET\Framework64\v4.0.30319\mscorsvw.exe,
9360,2,,,
9368,2,,,\device\harddiskvolume3\windows\system32\svchost.exe
9384,2,,,
9300,2,,,\device\harddiskvolume3\windows\system32\backgroundtaskhost.exe
0x0000000000000338,2,C:\Program Files\RUXIM\PLUGScheduler.exe,C:\Program Files\RUXIM\PLUGScheduler.exe,
9528,2,,,\device\harddiskvolume3\windows\system32\backgroundtaskhost.exe
0x0000000000000230,2,C:\Windows\System32\MoUsoCoreWorker.exe,C:\Windows\System32\MoUsoCoreWorker.exe,
0x000000000000024c,2,C:\Users\taro\AppData\Local\Microsoft\OneDrive\24.025.0204.0003\FileCoAuth.exe,C:\Users\taro\AppData\Local\Microsoft\OneDrive\24.025.0204.0003\FileCoAuth.exe,
0x0000000000000298,2,C:\Windows\System32\backgroundTaskHost.exe,C:\Windows\System32\backgroundTaskHost.exe,
0x000000000000029c,2,C:\Windows\System32\sppsvc.exe,C:\Windows\System32\sppsvc.exe,
0x00000000000002b0,2,C:\Program Files (x86)\Microsoft\EdgeUpdate\MicrosoftEdgeUpdate.exe,C:\Program Files (x86)\Microsoft\EdgeUpdate\MicrosoftEdgeUpdate.exe,
0x000000000000020c,2,C:\Windows\System32\smss.exe,C:\Windows\System32\smss.exe,
0x0000000000000228,2,C:\Windows\System32\SearchProtocolHost.exe,C:\Windows\System32\SearchProtocolHost.exe,
0x00000000000008ac,2,C:\Windows\Microsoft.NET\Framework\v4.0.30319\mscorsvw.exe,C:\Windows\Microsoft.NET\Framework\v4.0.30319\mscorsvw.exe,
0x0000000000001b74,2,C:\Windows\System32\backgroundTaskHost.exe,C:\Windows\System32\backgroundTaskHost.exe,
0x0000000000001b8c,2,C:\Program Files (x86)\Microsoft\EdgeUpdate\MicrosoftEdgeUpdate.exe,C:\Program Files (x86)\Microsoft\EdgeUpdate\MicrosoftEdgeUpdate.exe,
0x0000000000001b24,2,C:\Users\taro\AppData\Local\Microsoft\OneDrive\24.025.0204.0003\FileCoAuth.exe,C:\Users\taro\AppData\Local\Microsoft\OneDrive\24.025.0204.0003\FileCoAuth.exe,
0x0000000000001b38,2,C:\Users\taro\AppData\Local\Microsoft\OneDrive\24.025.0204.0003\FileCoAuth.exe,C:\Users\taro\AppData\Local\Microsoft\OneDrive\24.025.0204.0003\FileCoAuth.exe,
0x00000000000002ec,2,C:\Windows\System32\MusNotification.exe,C:\Windows\System32\MusNotification.exe,
0x00000000000002f0,2,C:\Windows\System32\dllhost.exe,C:\Windows\System32\dllhost.exe,
0x00000000000002d8,2,C:\Users\taro\AppData\Local\Microsoft\OneDrive\24.025.0204.0003\FileCoAuth.exe,C:\Users\taro\AppData\Local\Microsoft\OneDrive\24.025.0204.0003\FileCoAuth.exe,
0x0000000000000a34,2,C:\Windows\Microsoft.NET\Framework64\v4.0.30319\ngen.exe,C:\Windows\Microsoft.NET\Framework64\v4.0.30319\ngen.exe,
0x00000000000008e4,2,C:\Windows\System32\sc.exe,C:\Windows\System32\sc.exe,
0x000000000000090c,2,C:\Windows\System32\svchost.exe,C:\Windows\System32\svchost.exe,
0x0000000000000924,2,C:\Program Files (x86)\Microsoft\EdgeUpdate\MicrosoftEdgeUpdate.exe,C:\Program Files (x86)\Microsoft\EdgeUpdate\MicrosoftEdgeUpdate.exe,
0x00000000000008b8,2,C:\Windows\System32\svchost.exe,C:\Windows\System32\svchost.exe,
0x00000000000008cc,2,C:\Windows\System32\gpupdate.exe,C:\Windows\System32\gpupdate.exe,
0x000000000000089c,2,C:\Windows\System32\RuntimeBroker.exe,C:\Windows\System32\RuntimeBroker.exe,
0x00000000000008a0,2,C:\Windows\System32\backgroundTaskHost.exe,C:\Windows\System32\backgroundTaskHost.exe,
0x00000000000018f8,2,C:\Windows\System32\svchost.exe,C:\Windows\System32\svchost.exe,
0x0000000000001c80,2,C:\Windows\System32\svchost.exe,C:\Windows\System32\svchost.exe,
0x0000000000001c34,2,C:\Windows\System32\gpupdate.exe,C:\Windows\System32\gpupdate.exe,
0x0000000000001c54,2,C:\Program Files (x86)\Microsoft\Edge\Application\msedge.exe,C:\Program Files (x86)\Microsoft\Edge\Application\msedge.exe,
0x0000000000001cec,2,C:\Windows\System32\svchost.exe,C:\Windows\System32\svchost.exe,
0x0000000000001c94,2,C:\Windows\Microsoft.NET\Framework64\v4.0.30319\ngentask.exe,C:\Windows\Microsoft.NET\Framework64\v4.0.30319\ngentask.exe,
0x0000000000000a18,2,C:\ProgramData\Microsoft\Windows Defender\Platform\4.18.24020.7-0\MpCmdRun.exe,C:\ProgramData\Microsoft\Windows Defender\Platform\4.18.24020.7-0\MpCmdRun.exe,
0x0000000000000a30,2,C:\Program Files (x86)\Microsoft\EdgeUpdate\MicrosoftEdgeUpdate.exe,C:\Program Files (x86)\Microsoft\EdgeUpdate\MicrosoftEdgeUpdate.exe,
0x000000000000194c,2,C:\Windows\System32\backgroundTaskHost.exe,C:\Windows\System32\backgroundTaskHost.exe,
0x000000000000195c,2,C:\Users\taro\AppData\Local\Microsoft\OneDrive\24.025.0204.0003\FileCoAuth.exe,C:\Users\taro\AppData\Local\Microsoft\OneDrive\24.025.0204.0003\FileCoAuth.exe,
0x000000000000191c,2,C:\Windows\System32\svchost.exe,C:\Windows\System32\svchost.exe,
0x0000000000001db8,2,C:\Windows\System32\svchost.exe,C:\Windows\System32\svchost.exe,
0x0000000000001dc0,2,C:\Windows\System32\backgroundTaskHost.exe,C:\Windows\System32\backgroundTaskHost.exe,
0x0000000000001de8,2,C:\Windows\WinSxS\amd64_microsoft-windows-servicingstack_31bf3856ad364e35_10.0.19041.3989_none_7ddb45627cb30e03\TiWorker.exe,C:\Windows\WinSxS\amd64_microsoft-windows-servicingstack_31bf3856ad364e35_10.0.19041.3989_none_7ddb45627cb30e03\TiWorker.exe,
0x0000000000001da4,2,C:\Users\taro\AppData\Local\Microsoft\OneDrive\24.025.0204.0003\FileCoAuth.exe,C:\Users\taro\AppData\Local\Microsoft\OneDrive\24.025.0204.0003\FileCoAuth.exe,
0x0000000000001da8,2,C:\Windows\System32\sppsvc.exe,C:\Windows\System32\sppsvc.exe,
7076,2,,,\device\harddiskvolume3\windows\system32\smartscreen.exe
6816,2,,,\device\harddiskvolume3\windows\system32\taskhostw.exe
6876,2,,,
6916,2,,,
6928,2,,,\device\harddiskvolume3\windows\system32\backgroundtaskhost.exe
6964,2,,,\device\harddiskvolume3\windows\system32\backgroundtaskhost.exe
10776,2,,,
10796,2,,,\device\harddiskvolume3\windows\system32\backgroundtaskhost.exe
0x00000000000005f0,2,C:\Windows\System32\conhost.exe,C:\Windows\System32\conhost.exe,
0x0000000000000600,2,C:\Windows\Microsoft.NET\Framework64\v4.0.30319\mscorsvw.exe,C:\Windows\Microsoft.NET\Framework64\v4.0.30319\mscorsvw.exe,
7104,2,,,\device\harddiskvolume3\users\taro\appdata\local\microsoft\edgeupdate\microsoftedgeupdate.exe
0x00000000000005b8,2,C:\Windows\Microsoft.NET\Framework64\v4.0.30319\mscorsvw.exe,C:\Windows\Microsoft.NET\Framework64\v4.0.30319\mscorsvw.exe,
0x00000000000005c0,2,C:\Windows\System32\conhost.exe,C:\Windows\System32\conhost.exe,
6984,2,,,\device\harddiskvolume3\windows\system32\svchost.exe
7028,2,,,\device\harddiskvolume3\windows\system32\backgroundtaskhost.exe
7064,2,,,
0x000000000000106c,2,C:\Windows\System32\PING.EXE,C:\Windows\System32\PING.EXE,
0x0000000000001038,2,C:\Windows\System32\conhost.exe,C:\Windows\System32\conhost.exe,
0x000000000000103c,2,C:\Program Files (x86)\Microsoft\Edge\Application\msedge.exe,C:\Program Files (x86)\Microsoft\Edge\Application\msedge.exe,
0x000000000000104c,2,C:\Windows\System32\rundll32.exe,C:\Windows\System32\rundll32.exe,
0x0000000000001058,2,C:\Program Files\RUXIM\PLUGScheduler.exe,C:\Program Files\RUXIM\PLUGScheduler.exe,
0x0000000000000ff4,2,C:\Users\taro\AppData\Local\Microsoft\OneDrive\24.025.0204.0003\FileCoAuth.exe,C:\Users\taro\AppData\Local\Microsoft\OneDrive\24.025.0204.0003\FileCoAuth.exe,
0x000000000000123c,2,C:\Windows\System32\conhost.exe,C:\Windows\System32\conhost.exe,
0x00000000000005e4,2,C:\Windows\System32\svchost.exe,C:\Windows\System32\svchost.exe,
0x00000000000010b0,2,C:\Windows\Microsoft.NET\Framework\v4.0.30319\mscorsvw.exe,C:\Windows\Microsoft.NET\Framework\v4.0.30319\mscorsvw.exe,
0x00000000000010b8,2,C:\Windows\System32\svchost.exe,C:\Windows\System32\svchost.exe,
0x0000000000001120,2,C:\Windows\Microsoft.NET\Framework\v4.0.30319\mscorsvw.exe,C:\Windows\Microsoft.NET\Framework\v4.0.30319\mscorsvw.exe,
11256,2,,,
1136,2,,,
0x00000000000010d0,2,C:\Windows\System32\conhost.exe,C:\Windows\System32\conhost.exe,
0x00000000000010dc,2,C:\Windows\System32\MoUsoCoreWorker.exe,C:\Windows\System32\MoUsoCoreWorker.exe,
0x0000000000001068,2,C:\Windows\Microsoft.NET\Framework64\v4.0.30319\mscorsvw.exe,C:\Windows\Microsoft.NET\Framework64\v4.0.30319\mscorsvw.exe,
6540,2,,,\device\harddiskvolume3\program files (x86)\microsoft\edgeupdate\microsoftedgeupdate.exe
6436,2,,,
6440,2,,,
0x0000000000000f38,2,C:\Windows\System32\conhost.exe,C:\Windows\System32\conhost.exe,
0x0000000000000f50,2,C:\Users\taro\AppData\Local\Microsoft\EdgeUpdate\MicrosoftEdgeUpdate.exe,C:\Users\taro\AppData\Local\Microsoft\EdgeUpdate\MicrosoftEdgeUpdate.exe,
0x0000000000000f60,2,C:\Windows\System32\svchost.exe,C:\Windows\System32\svchost.exe,
10088,2,,,
10144,2,,,\device\harddiskvolume3\windows\system32\backgroundtaskhost.exe
0x0000000000000684,2,C:\Windows\System32\conhost.exe,C:\Windows\System32\conhost.exe,
0x0000000000000694,2,C:\Windows\System32\DeviceCensus.exe,C:\Windows\System32\DeviceCensus.exe,
0x00000000000006a4,2,C:\Windows\System32\conhost.exe,C:\Windows\System32\conhost.exe,
6572,2,,,\device\harddiskvolume3\users\taro\appdata\local\microsoft\onedrive\onedrivestandaloneupdater.exe
6456,2,,,\device\harddiskvolume3\windows\system32\compattelrunner.exe
6464,2,,,\device\harddiskvolume3\windows\system32\backgroundtaskhost.exe
6488,2,,,\device\harddiskvolume3\users\taro\appdata\local\microsoft\onedrive\onedrivestandaloneupdater.exe
6520,2,,,
10692,2,,,
0x0000000000001130,2,C:\Windows\System32\MpSigStub.exe,C:\Windows\System32\MpSigStub.exe,
0x0000000000001144,2,C:\Windows\System32\taskhostw.exe,C:\Windows\System32\taskhostw.exe,
10532,2,,,\device\harddiskvolume3\program files (x86)\microsoft\edgeupdate\microsoftedgeupdate.exe
10544,2,,,\device\harddiskvolume3\windows\system32\backgroundtaskhost.exe
0x0000000000001008,2,C:\Users\taro\AppData\Local\Microsoft\OneDrive\24.025.0204.0003\FileCoAuth.exe,C:\Users\taro\AppData\Local\Microsoft\OneDrive\24.025.0204.0003\FileCoAuth.exe,
0x000000000000100c,2,C:\Windows\System32\gpupdate.exe,C:\Windows\System32\gpupdate.exe,
0x000000000000067c,2,C:\Windows\System32\sppsvc.exe,C:\Windows\System32\sppsvc.exe,
10828,2,,,
0x00000000000011fc,2,C:\Program Files (x86)\Microsoft\EdgeUpdate\MicrosoftEdgeUpdate.exe,C:\Program Files (x86)\Microsoft\EdgeUpdate\MicrosoftEdgeUpdate.exe,
0x00000000000011d8,2,C:\Users\taro\AppData\Local\Microsoft\OneDrive\24.025.0204.0003\FileCoAuth.exe,C:\Users\taro\AppData\Local\Microsoft\OneDrive\24.025.0204.0003\FileCoAuth.exe,
10352,2,,,\device\harddiskvolume3\windows\system32\compattelrunner.exe
10396,2,,,\device\harddiskvolume3\users\taro\appdata\local\microsoft\edgeupdate\microsoftedgeupdate.exe
10408,2,,,
10432,2,,,\device\harddiskvolume3\program files\ruxim\ruximics.exe
10652,2,,,\device\harddiskvolume3\users\taro\appdata\local\microsoft\edgeupdate\microsoftedgeupdate.exe
7464,2,,,\device\harddiskvolume3\windows\system32\backgroundtaskhost.exe
7488,2,,,\device\harddiskvolume3\users\taro\appdata\local\microsoft\onedrive\onedrivestandaloneupdater.exe
7240,2,,,\device\harddiskvolume3\windows\system32\waasmedicagent.exe
7244,2,,,
7256,2,,,\device\harddiskvolume3\program files\ruxim\ruximics.exe
7280,2,,,\device\harddiskvolume3\windows\system32\backgroundtaskhost.exe
7328,2,,,\device\harddiskvolume3\windows\system32\backgroundtaskhost.exe
0x0000000000000630,2,C:\Windows\Microsoft.NET\Framework\v4.0.30319\mscorsvw.exe,C:\Windows\Microsoft.NET\Framework\v4.0.30319\mscorsvw.exe,
2284,2,,,\device\harddiskvolume3\program files (x86)\microsoft\edgeupdate\microsoftedgeupdate.exe
2348,2,,,
2380,2,,,
2448,2,,,\device\harddiskvolume3\windows\system32\compattelrunner.exe
0x0000000000000fc8,2,C:\Windows\System32\RuntimeBroker.exe,C:\Windows\System32\RuntimeBroker.exe,
0x0000000000000fd0,2,C:\Users\taro\AppData\Local\Microsoft\OneDrive\24.025.0204.0003\FileCoAuth.exe,C:\Users\taro\AppData\Local\Microsoft\OneDrive\24.025.0204.0003\FileCoAuth.exe,
0x00000000000012a0,2,C:\ProgramData\Microsoft\Windows Defender\Platform\4.18.24020.7-0\MpCmdRun.exe,C:\ProgramData\Microsoft\Windows Defender\Platform\4.18.24020.7-0\MpCmdRun.exe,
744,2,,,\device\harddiskvolume3\program files\ruxim\ruximics.exe
0x00000000000011ec,2,C:\Windows\System32\conhost.exe,C:\Windows\System32\conhost.exe,
0x0000000000000f6c,2,C:\Program Files (x86)\Microsoft\Edge\Application\msedge.exe,C:\Program Files (x86)\Microsoft\Edge\Application\msedge.exe,
2084,2,,,\device\harddiskvolume3\program files\ruxim\ruximics.exe
1892,2,,,\device\harddiskvolume3\users\taro\appdata\local\microsoft\edgeupdate\microsoftedgeupdate.exe
1580,2,,,
1640,2,,,
1660,2,,,
1688,2,,,
10152,2,,,
10180,2,,,\device\harddiskvolume3\program files (x86)\microsoft\edgeupdate\microsoftedgeupdate.exe
10028,2,,,
10032,2,,,\device\harddiskvolume3\windows\system32\backgroundtaskhost.exe
10084,2,,,
0x0000000000002bdc,2,C:\Users\taro\AppData\Local\Microsoft\OneDrive\24.025.0204.0003\FileCoAuth.exe,C:\Users\taro\AppData\Local\Microsoft\OneDrive\24.025.0204.0003\FileCoAuth.exe,
0x0000000000001210,2,C:\Windows\System32\sppsvc.exe,C:\Windows\System32\sppsvc.exe,
0x0000000000001228,2,C:\Users\taro\AppData\Local\Microsoft\OneDrive\24.025.0204.0003\FileCoAuth.exe,C:\Users\taro\AppData\Local\Microsoft\OneDrive\24.025.0204.0003\FileCoAuth.exe,
0x000000000000077c,2,C:\Windows\Microsoft.NET\Framework64\v4.0.30319\mscorsvw.exe,C:\Windows\Microsoft.NET\Framework64\v4.0.30319\mscorsvw.exe,
0x000000000000079c,2,C:\Windows\System32\UCPDMgr.exe,C:\Windows\System32\UCPDMgr.exe,
0x0000000000001380,2,C:\Windows\System32\DeviceCensus.exe,C:\Windows\System32\DeviceCensus.exe,
0x0000000000001384,2,C:\Windows\Microsoft.NET\Framework64\v4.0.30319\mscorsvw.exe,C:\Windows\Microsoft.NET\Framework64\v4.0.30319\mscorsvw.exe,
0x0000000000001388,2,C:\Windows\System32\MusNotification.exe,C:\Windows\System32\MusNotification.exe,
0x0000000000001330,2,C:\Windows\System32\svchost.exe,C:\Windows\System32\svchost.exe,
0x0000000000001340,2,C:\Windows\System32\svchost.exe,C:\Windows\System32\svchost.exe,
0x0000000000001348,2,C:\Windows\Microsoft.NET\Framework64\v4.0.30319\mscorsvw.exe,C:\Windows\Microsoft.NET\Framework64\v4.0.30319\mscorsvw.exe,
6168,2,,,\device\harddiskvolume3\windows\system32\compattelrunner.exe
6176,2,,,
6188,2,,,
6204,2,,,\device\harddiskvolume3\program files (x86)\microsoft\edgeupdate\microsoftedgeupdate.exe
6212,2,,,\device\harddiskvolume3\users\taro\appdata\local\microsoft\onedrive\onedrivestandaloneupdater.exe
0x00000000000007b0,2,C:\Windows\Microsoft.NET\Framework64\v4.0.30319\mscorsvw.exe,C:\Windows\Microsoft.NET\Framework64\v4.0.30319\mscorsvw.exe,
0x00000000000007c4,2,C:\Users\taro\AppData\Local\Microsoft\OneDrive\24.040.0225.0003\FileCoAuth.exe,C:\Users\taro\AppData\Local\Microsoft\OneDrive\24.040.0225.0003\FileCoAuth.exe,
0x00000000000007d0,2,C:\Windows\System32\gpupdate.exe,C:\Windows\System32\gpupdate.exe,
0x00000000000012c8,2,C:\Windows\Microsoft.NET\Framework\v4.0.30319\mscorsvw.exe,C:\Windows\Microsoft.NET\Framework\v4.0.30319\mscorsvw.exe,
0x00000000000012cc,2,C:\Users\taro\AppData\Local\Microsoft\OneDrive\24.025.0204.0003\FileCoAuth.exe,C:\Users\taro\AppData\Local\Microsoft\OneDrive\24.025.0204.0003\FileCoAuth.exe,
0x00000000000012e8,2,C:\Windows\System32\SearchFilterHost.exe,C:\Windows\System32\SearchFilterHost.exe,
2248,2,,,\device\harddiskvolume3\users\taro\appdata\local\microsoft\edgeupdate\microsoftedgeupdate.exe
0x0000000000000f8c,2,C:\Windows\System32\RuntimeBroker.exe,C:\Windows\System32\RuntimeBroker.exe,
6324,2,,,
6328,2,,,\device\harddiskvolume3\windows\system32\backgroundtaskhost.exe
6092,2,,,
10316,2,,,\device\harddiskvolume3\windows\system32\backgroundtaskhost.exe
0x0000000000002ad8,2,C:\Windows\System32\backgroundTaskHost.exe,C:\Windows\System32\backgroundTaskHost.exe,
0x0000000000002aa4,2,C:\Windows\System32\svchost.exe,C:\Windows\System32\svchost.exe,
0x0000000000002acc,2,C:\Program Files\WindowsApps\microsoft.windowscommunicationsapps_16005.14326.21844.0_x64__8wekyb3d8bbwe\HxTsr.exe,C:\Program Files\WindowsApps\microsoft.windowscommunicationsapps_16005.14326.21844.0_x64__8wekyb3d8bbwe\HxTsr.exe,
0x0000000000002bb0,2,C:\Windows\System32\SearchProtocolHost.exe,C:\Windows\System32\SearchProtocolHost.exe,
0x0000000000002bb8,2,C:\Windows\System32\backgroundTaskHost.exe,C:\Windows\System32\backgroundTaskHost.exe,
0x00000000000012ec,2,C:\Windows\System32\taskhostw.exe,C:\Windows\System32\taskhostw.exe,
0x0000000000002b74,2,C:\Users\taro\AppData\Local\Microsoft\OneDrive\24.025.0204.0003\FileCoAuth.exe,C:\Users\taro\AppData\Local\Microsoft\OneDrive\24.025.0204.0003\FileCoAuth.exe,
0x0000000000000f0c,2,C:\Program Files (x86)\Microsoft\EdgeUpdate\MicrosoftEdgeUpdate.exe,C:\Program Files (x86)\Microsoft\EdgeUpdate\MicrosoftEdgeUpdate.exe,
2524,2,,,\device\harddiskvolume3\windows\system32\smartscreen.exe
2532,2,,,
0x0000000000000ea4,2,C:\Windows\System32\svchost.exe,C:\Windows\System32\svchost.exe,
0x0000000000000ec0,2,C:\Program Files (x86)\Microsoft\EdgeUpdate\MicrosoftEdgeUpdate.exe,C:\Program Files (x86)\Microsoft\EdgeUpdate\MicrosoftEdgeUpdate.exe,
0x0000000000000ef4,2,C:\Users\taro\AppData\Local\Microsoft\OneDrive\24.025.0204.0003\FileCoAuth.exe,C:\Users\taro\AppData\Local\Microsoft\OneDrive\24.025.0204.0003\FileCoAuth.exe,
2908,2,,,\device\harddiskvolume3\windows\system32\apphostregistrationverifier.exe
2916,2,,,
7808,2,,,\device\harddiskvolume3\windows\system32\backgroundtaskhost.exe
7508,2,,,\device\harddiskvolume3\windows\system32\compattelrunner.exe
7568,2,,,
0x0000000000002a3c,2,C:\Program Files (x86)\Microsoft\Edge\Application\msedge.exe,C:\Program Files (x86)\Microsoft\Edge\Application\msedge.exe,
0x0000000000002a48,2,C:\Windows\System32\conhost.exe,C:\Windows\System32\conhost.exe,
2716,2,,,
2592,2,,,\device\harddiskvolume3\windows\system32\backgroundtaskhost.exe
0x0000000000000f00,2,C:\Windows\System32\svchost.exe,C:\Windows\System32\svchost.exe,
0x0000000000002a74,2,C:\Windows\System32\CompatTelRunner.exe,C:\Windows\System32\CompatTelRunner.exe,
0x0000000000002a84,2,C:\Users\taro\AppData\Local\Microsoft\OneDrive\24.025.0204.0003\FileCoAuth.exe,C:\Users\taro\AppData\Local\Microsoft\OneDrive\24.025.0204.0003\FileCoAuth.exe,
0x000000000000138c,2,C:\Windows\System32\conhost.exe,C:\Windows\System32\conhost.exe,
0x00000000000013dc,2,C:\Users\taro\AppData\Local\Microsoft\OneDrive\24.040.0225.0003\FileCoAuth.exe,C:\Users\taro\AppData\Local\Microsoft\OneDrive\24.040.0225.0003\FileCoAuth.exe,
0x0000000000000548,2,C:\Windows\Microsoft.NET\Framework\v4.0.30319\mscorsvw.exe,C:\Windows\Microsoft.NET\Framework\v4.0.30319\mscorsvw.exe,
0x0000000000000550,2,C:\Windows\System32\svchost.exe,C:\Windows\System32\svchost.exe,
7624,2,,,
7628,2,,,\device\harddiskvolume3\windows\system32\backgroundtaskhost.exe
0x0000000000001270,2,C:\Windows\System32\RuntimeBroker.exe,C:\Windows\System32\RuntimeBroker.exe,
0x0000000000002b2c,2,C:\Program Files\WindowsApps\microsoft.windowscommunicationsapps_16005.14326.21844.0_x64__8wekyb3d8bbwe\HxTsr.exe,C:\Program Files\WindowsApps\microsoft.windowscommunicationsapps_16005.14326.21844.0_x64__8wekyb3d8bbwe\HxTsr.exe,
0x0000000000002b30,2,C:\Users\taro\AppData\Local\Microsoft\OneDrive\24.025.0204.0003\FileCoAuth.exe,C:\Users\taro\AppData\Local\Microsoft\OneDrive\24.025.0204.0003\FileCoAuth.exe,
0x0000000000001308,2,C:\Windows\System32\MoUsoCoreWorker.exe,C:\Windows\System32\MoUsoCoreWorker.exe,
0x0000000000001310,2,C:\Windows\System32\svchost.exe,C:\Windows\System32\svchost.exe,
0x00000000000029b4,2,C:\Windows\System32\backgroundTaskHost.exe,C:\Windows\System32\backgroundTaskHost.exe,
0x00000000000029c8,2,C:\Windows\System32\CompatTelRunner.exe,C:\Windows\System32\CompatTelRunner.exe,
0x00000000000029d0,2,C:\Program Files (x86)\Microsoft\Edge\Application\msedge.exe,C:\Program Files (x86)\Microsoft\Edge\Application\msedge.exe,
0x0000000000000d98,2,C:\Windows\System32\WindowsPowerShell\v1.0\powershell.exe,C:\Windows\System32\WindowsPowerShell\v1.0\powershell.exe,
0x0000000000000db0,2,C:\Program Files (x86)\Microsoft\Edge\Application\msedge.exe,C:\Program Files (x86)\Microsoft\Edge\Application\msedge.exe,
0x0000000000000d74,2,C:\Windows\System32\svchost.exe,C:\Windows\System32\svchost.exe,
0x0000000000001494,2,C:\Windows\Microsoft.NET\Framework64\v4.0.30319\mscorsvw.exe,C:\Windows\Microsoft.NET\Framework64\v4.0.30319\mscorsvw.exe,
0x000000000000280c,2,C:\Program Files\VMware\VMware Tools\VMwareResolutionSet.exe,C:\Program Files\VMware\VMware Tools\VMwareResolutionSet.exe,
0x000000000000144c,2,C:\Windows\Microsoft.NET\Framework64\v4.0.30319\ngentask.exe,C:\Windows\Microsoft.NET\Framework64\v4.0.30319\ngentask.exe,
0x0000000000001468,2,C:\ProgramData\Microsoft\Windows Defender\Platform\4.18.24020.7-0\MpCmdRun.exe,C:\ProgramData\Microsoft\Windows Defender\Platform\4.18.24020.7-0\MpCmdRun.exe,
0x00000000000027d4,2,C:\Users\taro\AppData\Local\Microsoft\OneDrive\24.025.0204.0003\FileCoAuth.exe,C:\Users\taro\AppData\Local\Microsoft\OneDrive\24.025.0204.0003\FileCoAuth.exe,
2764,2,,,
2792,2,,,
0x0000000000000e44,2,C:\Users\taro\AppData\Local\Microsoft\OneDrive\24.025.0204.0003\FileCoAuth.exe,C:\Users\taro\AppData\Local\Microsoft\OneDrive\24.025.0204.0003\FileCoAuth.exe,
0x0000000000000e4c,2,C:\Windows\Microsoft.NET\Framework\v4.0.30319\mscorsvw.exe,C:\Windows\Microsoft.NET\Framework\v4.0.30319\mscorsvw.exe,
0x0000000000000e04,2,C:\Program Files\RUXIM\RUXIMICS.exe,C:\Program Files\RUXIM\RUXIMICS.exe,
0x0000000000000e20,2,C:\Windows\System32\AppHostRegistrationVerifier.exe,C:\Windows\System32\AppHostRegistrationVerifier.exe,
0x0000000000000e28,2,C:\Windows\System32\SearchProtocolHost.exe,C:\Windows\System32\SearchProtocolHost.exe,
3140,2,,,\device\harddiskvolume3\program files (x86)\microsoft\edgeupdate\microsoftedgeupdate.exe
0x0000000000002850,2,C:\Program Files\WindowsApps\microsoft.windowscommunicationsapps_16005.14326.21830.0_x64__8wekyb3d8bbwe\HxTsr.exe,C:\Program Files\WindowsApps\microsoft.windowscommunicationsapps_16005.14326.21830.0_x64__8wekyb3d8bbwe\HxTsr.exe,
0x0000000000002858,2,C:\Windows\System32\conhost.exe,C:\Windows\System32\conhost.exe,
0x0000000000002868,2,C:\Windows\System32\backgroundTaskHost.exe,C:\Windows\System32\backgroundTaskHost.exe,
0x0000000000001498,2,C:\Windows\System32\backgroundTaskHost.exe,C:\Windows\System32\backgroundTaskHost.exe,
0x000000000000292c,2,C:\Program Files (x86)\Microsoft\Edge\Application\msedge.exe,C:\Program Files (x86)\Microsoft\Edge\Application\msedge.exe,
0x0000000000002930,2,C:\Users\taro\AppData\Local\Microsoft\EdgeUpdate\MicrosoftEdgeUpdate.exe,C:\Users\taro\AppData\Local\Microsoft\EdgeUpdate\MicrosoftEdgeUpdate.exe,
0x00000000000013b0,2,C:\Windows\Microsoft.NET\Framework\v4.0.30319\ngen.exe,C:\Windows\Microsoft.NET\Framework\v4.0.30319\ngen.exe,
2760,2,,,\device\harddiskvolume3\windows\system32\svchost.exe
0x0000000000002914,2,C:\Windows\System32\RuntimeBroker.exe,C:\Windows\System32\RuntimeBroker.exe,
0x0000000000002924,2,C:\Program Files (x86)\Microsoft\EdgeUpdate\MicrosoftEdgeUpdate.exe,C:\Program Files (x86)\Microsoft\EdgeUpdate\MicrosoftEdgeUpdate.exe,
0x00000000000028a4,2,C:\Program Files (x86)\Microsoft\Edge\Application\msedge.exe,C:\Program Files (x86)\Microsoft\Edge\Application\msedge.exe,
0x00000000000029a0,2,C:\Users\taro\AppData\Local\Microsoft\OneDrive\24.040.0225.0003\FileCoAuth.exe,C:\Users\taro\AppData\Local\Microsoft\OneDrive\24.040.0225.0003\FileCoAuth.exe,
0x0000000000001438,2,C:\Windows\System32\RuntimeBroker.exe,C:\Windows\System32\RuntimeBroker.exe,
0x0000000000002940,2,C:\ProgramData\Microsoft\Windows Defender\Platform\4.18.24020.7-0\MpCmdRun.exe,C:\ProgramData\Microsoft\Windows Defender\Platform\4.18.24020.7-0\MpCmdRun.exe,
0x0000000000002950,2,C:\Windows\System32\svchost.exe,C:\Windows\System32\svchost.exe,
0x0000000000002838,2,C:\Windows\System32\conhost.exe,C:\Windows\System32\conhost.exe,
0x0000000000000d2c,2,C:\Windows\System32\MoUsoCoreWorker.exe,C:\Windows\System32\MoUsoCoreWorker.exe,
0x0000000000000778,2,C:\Users\taro\AppData\Local\Microsoft\OneDrive\24.025.0204.0003\FileCoAuth.exe,C:\Users\taro\AppData\Local\Microsoft\OneDrive\24.025.0204.0003\FileCoAuth.exe,
0x0000000000000738,2,C:\Users\taro\AppData\Local\Microsoft\OneDrive\24.025.0204.0003\FileCoAuth.exe,C:\Users\taro\AppData\Local\Microsoft\OneDrive\24.025.0204.0003\FileCoAuth.exe,
5812,2,,,
5848,2,,,\device\harddiskvolume3\windows\system32\backgroundtaskhost.exe
0x0000000000002604,2,C:\Windows\System32\conhost.exe,C:\Windows\System32\conhost.exe,
0x0000000000002608,2,C:\Program Files (x86)\Microsoft\Edge\Application\msedge.exe,C:\Program Files (x86)\Microsoft\Edge\Application\msedge.exe,
0x000000000000262c,2,C:\Users\taro\AppData\Local\Microsoft\EdgeUpdate\MicrosoftEdgeUpdate.exe,C:\Users\taro\AppData\Local\Microsoft\EdgeUpdate\MicrosoftEdgeUpdate.exe,
0x0000000000000578,2,C:\ProgramData\Microsoft\Windows Defender\Platform\4.18.24020.7-0\MpCmdRun.exe,C:\ProgramData\Microsoft\Windows Defender\Platform\4.18.24020.7-0\MpCmdRun.exe,
0x0000000000001514,2,C:\Windows\System32\MoUsoCoreWorker.exe,C:\Windows\System32\MoUsoCoreWorker.exe,
0x0000000000002754,2,C:\Program Files (x86)\Microsoft\Edge\Application\msedge.exe,C:\Program Files (x86)\Microsoft\Edge\Application\msedge.exe,
0x0000000000002758,2,C:\Windows\SysWOW64\dllhost.exe,C:\Windows\SysWOW64\dllhost.exe,
0x0000000000002704,2,C:\Windows\System32\SearchProtocolHost.exe,C:\Windows\System32\SearchProtocolHost.exe,
0x000000000000270c,2,C:\Program Files\WindowsApps\Microsoft.YourPhone_1.24021.105.0_x64__8wekyb3d8bbwe\PhoneExperienceHost.exe,C:\Program Files\WindowsApps\Microsoft.YourPhone_1.24021.105.0_x64__8wekyb3d8bbwe\PhoneExperienceHost.exe,
0x0000000000000d84,2,C:\Users\taro\AppData\Local\Microsoft\OneDrive\24.025.0204.0003\FileCoAuth.exe,C:\Users\taro\AppData\Local\Microsoft\OneDrive\24.025.0204.0003\FileCoAuth.exe,
3000,2,,,
8096,2,,,\device\harddiskvolume3\windows\system32\compattelrunner.exe
7836,2,,,\device\harddiskvolume3\users\taro\appdata\local\microsoft\edgeupdate\microsoftedgeupdate.exe
7840,2,,,
7900,2,,,\device\harddiskvolume3\users\taro\appdata\local\microsoft\edgeupdate\microsoftedgeupdate.exe
0x0000000000000598,2,C:\Windows\System32\backgroundTaskHost.exe,C:\Windows\System32\backgroundTaskHost.exe,
7812,2,,,
0x0000000000000558,2,C:\Windows\System32\MusNotification.exe,C:\Windows\System32\MusNotification.exe,
0x0000000000000560,2,C:\Windows\System32\SearchFilterHost.exe,C:\Windows\System32\SearchFilterHost.exe,
0x00000000000027e8,2,C:\Users\taro\AppData\Local\Microsoft\OneDrive\24.040.0225.0003\FileCoAuth.exe,C:\Users\taro\AppData\Local\Microsoft\OneDrive\24.040.0225.0003\FileCoAuth.exe,
0x00000000000027f0,2,C:\Users\taro\AppData\Local\Microsoft\OneDrive\24.025.0204.0003\FileCoAuth.exe,C:\Users\taro\AppData\Local\Microsoft\OneDrive\24.025.0204.0003\FileCoAuth.exe,
0x00000000000027bc,2,C:\Program Files (x86)\Microsoft\Edge\Application\msedge.exe,C:\Program Files (x86)\Microsoft\Edge\Application\msedge.exe,
0x000000000000287c,2,C:\Users\taro\AppData\Local\Microsoft\OneDrive\24.025.0204.0003\FileCoAuth.exe,C:\Users\taro\AppData\Local\Microsoft\OneDrive\24.025.0204.0003\FileCoAuth.exe,
0x0000000000002884,2,C:\Users\taro\AppData\Local\Microsoft\OneDrive\24.025.0204.0003\FileCoAuth.exe,C:\Users\taro\AppData\Local\Microsoft\OneDrive\24.025.0204.0003\FileCoAuth.exe,
0x00000000000026d8,2,C:\Windows\SysWOW64\WindowsPowerShell\v1.0\powershell.exe,C:\Windows\SysWOW64\WindowsPowerShell\v1.0\powershell.exe,
0x00000000000026f8,2,C:\Users\taro\AppData\Local\Microsoft\OneDrive\24.025.0204.0003\FileCoAuth.exe,C:\Users\taro\AppData\Local\Microsoft\OneDrive\24.025.0204.0003\FileCoAuth.exe,
7956,2,,,\device\harddiskvolume3\program files (x86)\microsoft\edgeupdate\microsoftedgeupdate.exe
3288,2,,,\device\harddiskvolume3\windows\system32\compattelrunner.exe
3428,2,,,
0x0000000000000be0,2,C:\Windows\System32\conhost.exe,C:\Windows\System32\conhost.exe,
0x0000000000000be8,2,C:\Windows\System32\MusNotification.exe,C:\Windows\System32\MusNotification.exe,
0x0000000000000c08,2,C:\Windows\System32\sppsvc.exe,C:\Windows\System32\sppsvc.exe,
0x0000000000001664,2,C:\Windows\Microsoft.NET\Framework64\v4.0.30319\ngentask.exe,C:\Windows\Microsoft.NET\Framework64\v4.0.30319\ngentask.exe,
0x0000000000001668,2,C:\Windows\Microsoft.NET\Framework64\v4.0.30319\mscorsvw.exe,C:\Windows\Microsoft.NET\Framework64\v4.0.30319\mscorsvw.exe,
0x0000000000001648,2,C:\Program Files\RUXIM\PLUGScheduler.exe,C:\Program Files\RUXIM\PLUGScheduler.exe,
0x0000000000001568,2,C:\Windows\Microsoft.NET\Framework64\v4.0.30319\mscorsvw.exe,C:\Windows\Microsoft.NET\Framework64\v4.0.30319\mscorsvw.exe,
0x0000000000001584,2,C:\Windows\System32\conhost.exe,C:\Windows\System32\conhost.exe,
0x0000000000002480,2,C:\Windows\System32\cleanmgr.exe,C:\Windows\System32\cleanmgr.exe,
0x00000000000025ac,2,C:\Windows\System32\conhost.exe,C:\Windows\System32\conhost.exe,
0x0000000000000cbc,2,C:\Windows\System32\conhost.exe,C:\Windows\System32\conhost.exe,
3524,2,,,\device\harddiskvolume3\windows\system32\backgroundtaskhost.exe
320,2,,,\device\harddiskvolume3\program files (x86)\microsoft\edgeupdate\microsoftedgeupdate.exe
3272,2,,,
0x0000000000002518,2,C:\Program Files (x86)\Microsoft\EdgeUpdate\MicrosoftEdgeUpdate.exe,C:\Program Files (x86)\Microsoft\EdgeUpdate\MicrosoftEdgeUpdate.exe,
0x000000000000253c,2,C:\Windows\System32\MpSigStub.exe,C:\Windows\System32\MpSigStub.exe,
0x00000000000014ec,2,C:\Users\taro\AppData\Local\Microsoft\OneDrive\24.040.0225.0003\FileCoAuth.exe,C:\Users\taro\AppData\Local\Microsoft\OneDrive\24.040.0225.0003\FileCoAuth.exe,
0x00000000000014f0,2,C:\Users\taro\AppData\Local\Microsoft\OneDrive\24.040.0225.0003\FileCoAuth.exe,C:\Users\taro\AppData\Local\Microsoft\OneDrive\24.040.0225.0003\FileCoAuth.exe,
0x0000000000001508,2,C:\Windows\System32\gpupdate.exe,C:\Windows\System32\gpupdate.exe,
0x00000000000024d0,2,C:\Users\taro\AppData\Local\Microsoft\OneDrive\24.025.0204.0003\FileCoAuth.exe,C:\Users\taro\AppData\Local\Microsoft\OneDrive\24.025.0204.0003\FileCoAuth.exe,
0x000000000000159c,2,C:\Windows\System32\svchost.exe,C:\Windows\System32\svchost.exe,
0x00000000000015b8,2,C:\Windows\System32\CompatTelRunner.exe,C:\Windows\System32\CompatTelRunner.exe,
0x00000000000025f0,2,C:\Users\taro\AppData\Local\Microsoft\OneDrive\24.025.0204.0003\FileCoAuth.exe,C:\Users\taro\AppData\Local\Microsoft\OneDrive\24.025.0204.0003\FileCoAuth.exe,
0x00000000000026a0,2,C:\Windows\System32\svchost.exe,C:\Windows\System32\svchost.exe,
0x00000000000026a8,2,C:\Windows\System32\svchost.exe,C:\Windows\System32\svchost.exe,
0x0000000000002680,2,C:\Program Files (x86)\Microsoft\EdgeUpdate\MicrosoftEdgeUpdate.exe,C:\Program Files (x86)\Microsoft\EdgeUpdate\MicrosoftEdgeUpdate.exe,
0x0000000000002690,2,C:\Users\taro\AppData\Local\Microsoft\OneDrive\24.025.0204.0003\FileCoAuth.exe,C:\Users\taro\AppData\Local\Microsoft\OneDrive\24.025.0204.0003\FileCoAuth.exe,
0x00000000000025c8,2,C:\Windows\System32\RuntimeBroker.exe,C:\Windows\System32\RuntimeBroker.exe,
0x0000000000002550,2,C:\Windows\System32\gpupdate.exe,C:\Windows\System32\gpupdate.exe,
0x0000000000002574,2,C:\Users\taro\AppData\Local\Microsoft\OneDrive\24.025.0204.0003\FileCoAuth.exe,C:\Users\taro\AppData\Local\Microsoft\OneDrive\24.025.0204.0003\FileCoAuth.exe,
3588,2,,,\device\harddiskvolume3\program files\ruxim\ruximics.exe
360,2,,,\device\harddiskvolume3\users\taro\appdata\local\microsoft\onedrive\onedrivestandaloneupdater.exe
0x0000000000000ce0,2,C:\Windows\System32\conhost.exe,C:\Windows\System32\conhost.exe,
0x0000000000000cfc,2,C:\Windows\System32\taskhostw.exe,C:\Windows\System32\taskhostw.exe,
3856,2,,,
0x0000000000002314,2,C:\Windows\Microsoft.NET\Framework64\v4.0.30319\ngen.exe,C:\Windows\Microsoft.NET\Framework64\v4.0.30319\ngen.exe,
0x0000000000002318,2,C:\Windows\System32\conhost.exe,C:\Windows\System32\conhost.exe,
0x00000000000022f8,2,C:\Users\taro\AppData\Local\Microsoft\EdgeUpdate\MicrosoftEdgeUpdate.exe,C:\Users\taro\AppData\Local\Microsoft\EdgeUpdate\MicrosoftEdgeUpdate.exe,
0x0000000000002454,2,C:\Windows\System32\backgroundTaskHost.exe,C:\Windows\System32\backgroundTaskHost.exe,
0x0000000000002458,2,C:\Users\taro\AppData\Local\Microsoft\OneDrive\24.025.0204.0003\FileCoAuth.exe,C:\Users\taro\AppData\Local\Microsoft\OneDrive\24.025.0204.0003\FileCoAuth.exe,
0x0000000000002478,2,C:\Users\taro\AppData\Local\Microsoft\OneDrive\24.025.0204.0003\FileCoAuth.exe,C:\Users\taro\AppData\Local\Microsoft\OneDrive\24.025.0204.0003\FileCoAuth.exe,
0x0000000000002408,2,C:\Windows\System32\MusNotification.exe,C:\Windows\System32\MusNotification.exe,
0x0000000000001654,2,C:\Windows\System32\conhost.exe,C:\Windows\System32\conhost.exe,
0x0000000000000bd8,2,C:\Windows\Microsoft.NET\Framework64\v4.0.30319\mscorsvw.exe,C:\Windows\Microsoft.NET\Framework64\v4.0.30319\mscorsvw.exe,
0x0000000000000d20,2,C:\Windows\System32\conhost.exe,C:\Windows\System32\conhost.exe,
3536,2,,,
8184,2,,,\device\harddiskvolume3\windows\system32\svchost.exe
0x00000000000024c4,2,C:\ProgramData\Microsoft\Windows Defender\Platform\4.18.24010.12-0\MpCmdRun.exe,C:\ProgramData\Microsoft\Windows Defender\Platform\4.18.24010.12-0\MpCmdRun.exe,
0x00000000000023a0,2,C:\Windows\System32\gpupdate.exe,C:\Windows\System32\gpupdate.exe,
0x00000000000023b8,2,C:\Windows\System32\svchost.exe,C:\Windows\System32\svchost.exe,
0x0000000000002368,2,C:\Program Files (x86)\Microsoft\EdgeUpdate\MicrosoftEdgeUpdate.exe,C:\Program Files (x86)\Microsoft\EdgeUpdate\MicrosoftEdgeUpdate.exe,
0x000000000000236c,2,C:\Users\taro\AppData\Local\Microsoft\OneDrive\24.025.0204.0003\FileCoAuth.exe,C:\Users\taro\AppData\Local\Microsoft\OneDrive\24.025.0204.0003\FileCoAuth.exe,
0x000000000000242c,2,C:\Windows\System32\PING.EXE,C:\Windows\System32\PING.EXE,
0x0000000000002440,2,C:\Windows\System32\RuntimeBroker.exe,C:\Windows\System32\RuntimeBroker.exe,
0x0000000000000444,2,C:\Windows\System32\backgroundTaskHost.exe,C:\Windows\System32\backgroundTaskHost.exe,
8328,2,,,\device\harddiskvolume3\users\taro\appdata\local\microsoft\onedrive\onedrivestandaloneupdater.exe
0x0000000000000438,2,C:\Windows\System32\MoUsoCoreWorker.exe,C:\Windows\System32\MoUsoCoreWorker.exe,
8224,2,,,\device\harddiskvolume3\users\taro\appdata\local\microsoft\edgeupdate\microsoftedgeupdate.exe
824,2,,,
8116,2,,,\device\harddiskvolume3\windows\system32\waasmedicagent.exe
8160,2,,,\device\harddiskvolume3\windows\system32\backgroundtaskhost.exe
8176,2,,,\device\harddiskvolume3\windows\system32\backgroundtaskhost.exe
4248,2,,,\device\harddiskvolume3\windows\system32\smartscreen.exe
4256,2,,,\device\harddiskvolume3\windows\system32\backgroundtaskhost.exe
0x00000000000021c0,2,C:\Users\taro\AppData\Local\Microsoft\OneDrive\24.025.0204.0003\FileCoAuth.exe,C:\Users\taro\AppData\Local\Microsoft\OneDrive\24.025.0204.0003\FileCoAuth.exe,
0x00000000000021c4,2,C:\Windows\System32\MusNotification.exe,C:\Windows\System32\MusNotification.exe,
0x00000000000021c8,2,C:\Users\taro\AppData\Local\Microsoft\EdgeUpdate\MicrosoftEdgeUpdate.exe,C:\Users\taro\AppData\Local\Microsoft\EdgeUpdate\MicrosoftEdgeUpdate.exe,
8460,2,,,\device\harddiskvolume3\windows\system32\compattelrunner.exe
8356,2,,,
8364,2,,,
0x0000000000000c14,2,C:\Windows\System32\svchost.exe,C:\Windows\System32\svchost.exe,
0x0000000000000c24,2,C:\Windows\System32\sppsvc.exe,C:\Windows\System32\sppsvc.exe,
5640,2,,,\device\harddiskvolume3\windows\system32\svchost.exe
5700,2,,,\device\harddiskvolume3\windows\system32\compattelrunner.exe
5704,2,,,
0x0000000000000878,2,C:\ProgramData\Microsoft\Windows Defender\Platform\4.18.24010.12-0\MpCmdRun.exe,C:\ProgramData\Microsoft\Windows Defender\Platform\4.18.24010.12-0\MpCmdRun.exe,
0x0000000000000824,2,C:\Program Files\RUXIM\RUXIMICS.exe,C:\Program Files\RUXIM\RUXIMICS.exe,
420,2,,,\device\harddiskvolume3\users\taro\appdata\local\microsoft\edgeupdate\microsoftedgeupdate.exe
0x00000000000016d4,2,C:\Windows\System32\conhost.exe,C:\Windows\System32\conhost.exe,
0x00000000000016e4,2,C:\Windows\System32\taskhostw.exe,C:\Windows\System32\taskhostw.exe,
0x00000000000016f8,2,C:\Program Files (x86)\Microsoft\EdgeUpdate\Install\{4662CB1C-F771-47CC-9C76-9929F3C95712}\EDGEMITMP_A7674.tmp\setup.exe,C:\Program Files (x86)\Microsoft\EdgeUpdate\Install\{4662CB1C-F771-47CC-9C76-9929F3C95712}\EDGEMITMP_A7674.tmp\setup.exe,
0x0000000000002250,2,C:\Windows\System32\cmd.exe,C:\Windows\System32\cmd.exe,
0x00000000000016b4,2,C:\Program Files\RUXIM\PLUGScheduler.exe,C:\Program Files\RUXIM\PLUGScheduler.exe,
0x00000000000016d0,2,C:\Windows\System32\gpupdate.exe,C:\Windows\System32\gpupdate.exe,
0x0000000000002334,2,C:\Windows\System32\svchost.exe,C:\Windows\System32\svchost.exe,
0x000000000000233c,2,C:\Windows\System32\conhost.exe,C:\Windows\System32\conhost.exe,
0x0000000000002308,2,C:\Windows\System32\SearchFilterHost.exe,C:\Windows\System32\SearchFilterHost.exe,
0x00000000000022bc,2,C:\Windows\System32\svchost.exe,C:\Windows\System32\svchost.exe,
0x00000000000022d8,2,C:\Program Files (x86)\Microsoft\Edge\Application\msedge.exe,C:\Program Files (x86)\Microsoft\Edge\Application\msedge.exe,
0x00000000000015e4,2,C:\Windows\System32\conhost.exe,C:\Windows\System32\conhost.exe,
0x00000000000015fc,2,C:\Windows\System32\conhost.exe,C:\Windows\System32\conhost.exe,
0x0000000000001604,2,C:\Windows\System32\conhost.exe,C:\Windows\System32\conhost.exe,
0x00000000000023dc,2,C:\Program Files (x86)\Microsoft\Edge\Application\msedge.exe,C:\Program Files (x86)\Microsoft\Edge\Application\msedge.exe,
0x00000000000023e8,2,C:\Windows\SysWOW64\WindowsPowerShell\v1.0\powershell.exe,C:\Windows\SysWOW64\WindowsPowerShell\v1.0\powershell.exe,
0x0000000000000b40,2,C:\Windows\System32\gpupdate.exe,C:\Windows\System32\gpupdate.exe,
0x0000000000000b58,2,C:\Windows\System32\svchost.exe,C:\Windows\System32\svchost.exe,
0x0000000000000b68,2,C:\Windows\Microsoft.NET\Framework\v4.0.30319\mscorsvw.exe,C:\Windows\Microsoft.NET\Framework\v4.0.30319\mscorsvw.exe,
4440,2,,,\device\harddiskvolume3\program files (x86)\microsoft\edgeupdate\microsoftedgeupdate.exe
4444,2,,,\device\harddiskvolume3\windows\system32\backgroundtaskhost.exe
0x0000000000001f9c,2,C:\Program Files (x86)\Microsoft\Edge\Application\msedge.exe,C:\Program Files (x86)\Microsoft\Edge\Application\msedge.exe,
0x0000000000001fac,2,C:\Program Files (x86)\Microsoft\Edge\Application\msedge.exe,C:\Program Files (x86)\Microsoft\Edge\Application\msedge.exe,
0x0000000000001fb0,2,C:\Windows\Microsoft.NET\Framework\v4.0.30319\ngentask.exe,C:\Windows\Microsoft.NET\Framework\v4.0.30319\ngentask.exe,
0x0000000000002190,2,C:\Users\taro\AppData\Local\Microsoft\OneDrive\24.025.0204.0003\FileCoAuth.exe,C:\Users\taro\AppData\Local\Microsoft\OneDrive\24.025.0204.0003\FileCoAuth.exe,
8528,2,,,\device\harddiskvolume3\windows\system32\backgroundtaskhost.exe
0x0000000000002038,2,C:\Windows\Microsoft.NET\Framework64\v4.0.30319\ngentask.exe,C:\Windows\Microsoft.NET\Framework64\v4.0.30319\ngentask.exe,
0x0000000000002048,2,C:\Users\taro\AppData\Local\Microsoft\OneDrive\24.025.0204.0003\FileCoAuth.exe,C:\Users\taro\AppData\Local\Microsoft\OneDrive\24.025.0204.0003\FileCoAuth.exe,
0x0000000000002018,2,C:\Users\taro\AppData\Local\Microsoft\OneDrive\24.040.0225.0003\FileCoAuth.exe,C:\Users\taro\AppData\Local\Microsoft\OneDrive\24.040.0225.0003\FileCoAuth.exe,
0x00000000000017bc,2,C:\Windows\Microsoft.NET\Framework\v4.0.30319\mscorsvw.exe,C:\Windows\Microsoft.NET\Framework\v4.0.30319\mscorsvw.exe,
0x00000000000017d0,2,C:\Windows\Microsoft.NET\Framework64\v4.0.30319\mscorsvw.exe,C:\Windows\Microsoft.NET\Framework64\v4.0.30319\mscorsvw.exe,
0x00000000000017d4,2,C:\Windows\System32\MusNotification.exe,C:\Windows\System32\MusNotification.exe,
0x00000000000016a0,2,C:\Windows\System32\backgroundTaskHost.exe,C:\Windows\System32\backgroundTaskHost.exe,
0x0000000000002238,2,C:\Windows\System32\backgroundTaskHost.exe,C:\Windows\System32\backgroundTaskHost.exe,
0x00000000000021d0,2,C:\Windows\System32\backgroundTaskHost.exe,C:\Windows\System32\backgroundTaskHost.exe,
0x0000000000002114,2,C:\ProgramData\Microsoft\Windows Defender\Platform\4.18.24020.7-0\MpCmdRun.exe,C:\ProgramData\Microsoft\Windows Defender\Platform\4.18.24020.7-0\MpCmdRun.exe,
0x00000000000020d0,2,C:\Users\taro\AppData\Local\Temp\BD09E9E2-65A4-46A0-A840-7677C50FD7FB\DismHost.exe,C:\Users\taro\AppData\Local\Temp\BD09E9E2-65A4-46A0-A840-7677C50FD7FB\DismHost.exe,
0x00000000000020f4,2,C:\Windows\System32\sc.exe,C:\Windows\System32\sc.exe,
0x00000000000020c4,2,C:\Windows\System32\svchost.exe,C:\Windows\System32\svchost.exe,
0x0000000000002188,2,C:\Program Files (x86)\Microsoft\Edge\Application\msedge.exe,C:\Program Files (x86)\Microsoft\Edge\Application\msedge.exe,
0x00000000000004d4,2,C:\Windows\System32\MoUsoCoreWorker.exe,C:\Windows\System32\MoUsoCoreWorker.exe,
0x00000000000004b0,2,C:\Users\taro\AppData\Local\Microsoft\OneDrive\24.025.0204.0003\FileCoAuth.exe,C:\Users\taro\AppData\Local\Microsoft\OneDrive\24.025.0204.0003\FileCoAuth.exe,
0x0000000000002154,2,C:\Users\taro\AppData\Local\Microsoft\OneDrive\24.025.0204.0003\FileCoAuth.exe,C:\Users\taro\AppData\Local\Microsoft\OneDrive\24.025.0204.0003\FileCoAuth.exe,
0x0000000000002158,2,C:\Windows\System32\RuntimeBroker.exe,C:\Windows\System32\RuntimeBroker.exe,
0x0000000000001760,2,C:\Windows\System32\sppsvc.exe,C:\Windows\System32\sppsvc.exe,
0x0000000000001774,2,C:\Windows\Microsoft.NET\Framework64\v4.0.30319\mscorsvw.exe,C:\Windows\Microsoft.NET\Framework64\v4.0.30319\mscorsvw.exe,
0x0000000000001754,2,C:\Windows\System32\sihost.exe,C:\Windows\System32\sihost.exe,
0x000000000000169c,2,C:\Windows\System32\svchost.exe,C:\Windows\System32\svchost.exe,
0x0000000000000a04,2,C:\Windows\System32\backgroundTaskHost.exe,C:\Windows\System32\backgroundTaskHost.exe,
0x0000000000001ed8,2,C:\Users\taro\AppData\Local\Microsoft\OneDrive\24.025.0204.0003\FileCoAuth.exe,C:\Users\taro\AppData\Local\Microsoft\OneDrive\24.025.0204.0003\FileCoAuth.exe,
0x00000000000018c8,2,C:\Windows\System32\cmd.exe,C:\Windows\System32\cmd.exe,
0x0000000000001ea8,2,C:\Users\taro\AppData\Local\Microsoft\EdgeUpdate\MicrosoftEdgeUpdate.exe,C:\Users\taro\AppData\Local\Microsoft\EdgeUpdate\MicrosoftEdgeUpdate.exe,
0x000000000000186c,2,,C:\Windows\explorer.exe,
0x0000000000001874,2,C:\Windows\System32\conhost.exe,C:\Windows\System32\conhost.exe,
0x0000000000001790,2,C:\Users\taro\AppData\Local\Microsoft\OneDrive\24.025.0204.0003\FileCoAuth.exe,C:\Users\taro\AppData\Local\Microsoft\OneDrive\24.025.0204.0003\FileCoAuth.exe,
0x00000000000017a8,2,C:\Windows\System32\MusNotification.exe,C:\Windows\System32\MusNotification.exe,
5540,2,,,
556,2,,,\device\harddiskvolume3\windows\system32\compattelrunner.exe
5620,2,,,\device\harddiskvolume3\windows\system32\compattelrunner.exe
5452,2,,,
5464,2,,,\device\harddiskvolume3\windows\system32\windowspowershell\v1.0\powershell.exe
5492,2,,,\device\harddiskvolume3\windows\system32\backgroundtaskhost.exe
5496,2,,,
5416,2,,,
0x00000000000003c4,2,C:\Program Files (x86)\Microsoft\EdgeUpdate\Install\{E511C3D1-B3BF-4EC0-AE1E-477C765D826B}\MicrosoftEdge_X64_122.0.2365.92_122.0.2365.80.exe,C:\Program Files (x86)\Microsoft\EdgeUpdate\Install\{E511C3D1-B3BF-4EC0-AE1E-477C765D826B}\MicrosoftEdge_X64_122.0.2365.92_122.0.2365.80.exe,
0x00000000000003d8,2,C:\Users\taro\AppData\Local\Microsoft\OneDrive\24.025.0204.0003\FileCoAuth.exe,C:\Users\taro\AppData\Local\Microsoft\OneDrive\24.025.0204.0003\FileCoAuth.exe,
0x00000000000003e0,2,C:\Windows\System32\conhost.exe,C:\Windows\System32\conhost.exe,
4492,2,,,\device\harddiskvolume3\windows\system32\backgroundtaskhost.exe
4296,2,,,
4328,2,,,\device\harddiskvolume3\program files (x86)\microsoft\edgeupdate\microsoftedgeupdate.exe
4348,2,,,\device\harddiskvolume3\windows\system32\backgroundtaskhost.exe
4356,2,,,\device\harddiskvolume3\windows\system32\compattelrunner.exe
0x0000000000001fb4,2,C:\Windows\System32\WaaSMedicAgent.exe,C:\Windows\System32\WaaSMedicAgent.exe,
8552,2,,,\device\harddiskvolume3\users\taro\appdata\local\microsoft\edgeupdate\microsoftedgeupdate.exe
8556,2,,,\device\harddiskvolume3\program files (x86)\microsoft\edgeupdate\microsoftedgeupdate.exe
8600,2,,,\device\harddiskvolume3\windows\system32\backgroundtaskhost.exe
0x00000000000003ec,2,C:\Windows\System32\svchost.exe,C:\Windows\System32\svchost.exe,
0x00000000000003f8,2,C:\Windows\System32\sc.exe,C:\Windows\System32\sc.exe,
0x0000000000000404,2,C:\Windows\Microsoft.NET\Framework\v4.0.30319\mscorsvw.exe,C:\Windows\Microsoft.NET\Framework\v4.0.30319\mscorsvw.exe,
0x0000000000000414,2,C:\Windows\System32\MoUsoCoreWorker.exe,C:\Windows\System32\MoUsoCoreWorker.exe,
0x0000000000000b10,2,C:\Windows\System32\backgroundTaskHost.exe,C:\Windows\System32\backgroundTaskHost.exe,
4624,2,,,
0x0000000000000adc,2,C:\Windows\System32\conhost.exe,C:\Windows\System32\conhost.exe,
0x0000000000000b00,2,C:\Windows\System32\MoUsoCoreWorker.exe,C:\Windows\System32\MoUsoCoreWorker.exe,
4884,2,,,\device\harddiskvolume3\program files (x86)\microsoft\edgeupdate\microsoftedgeupdate.exe
4892,2,,,\device\harddiskvolume3\users\taro\appdata\local\microsoft\onedrive\onedrivestandaloneupdater.exe
4896,2,,,\device\harddiskvolume3\program files (x86)\microsoft\edgeupdate\microsoftedgeupdate.exe
0x0000000000001cac,2,C:\Windows\System32\taskhostw.exe,C:\Windows\System32\taskhostw.exe,
8908,2,,,\device\harddiskvolume3\program files (x86)\microsoft\edgeupdate\microsoftedgeupdate.exe
8928,2,,,
8796,2,,,\device\harddiskvolume3\windows\system32\backgroundtaskhost.exe
8832,2,,,\device\harddiskvolume3\windows\system32\svchost.exe
884,2,,,
8848,2,,,
8656,2,,,\device\harddiskvolume3\windows\system32\backgroundtaskhost.exe
4724,2,,,\device\harddiskvolume3\users\taro\appdata\local\microsoft\edgeupdate\microsoftedgeupdate.exe
0x0000000000001e2c,2,C:\Windows\System32\conhost.exe,C:\Windows\System32\conhost.exe,
0x0000000000001f24,2,C:\Windows\System32\conhost.exe,C:\Windows\System32\conhost.exe,
0x0000000000001d14,2,C:\Windows\System32\conhost.exe,C:\Windows\System32\conhost.exe,
0x0000000000001d20,2,C:\Program Files\WindowsApps\Microsoft.YourPhone_1.24021.105.0_x64__8wekyb3d8bbwe\PhoneExperienceHost.exe,C:\Program Files\WindowsApps\Microsoft.YourPhone_1.24021.105.0_x64__8wekyb3d8bbwe\PhoneExperienceHost.exe,
0x0000000000001d30,2,C:\ProgramData\Microsoft\Windows Defender\Platform\4.18.24010.12-0\MpCmdRun.exe,C:\ProgramData\Microsoft\Windows Defender\Platform\4.18.24010.12-0\MpCmdRun.exe,
8976,2,,,
9004,2,,,
8884,2,,,\device\harddiskvolume3\windows\system32\svchost.exe
0x0000000000001fe4,2,C:\Windows\System32\svchost.exe,C:\Windows\System32\svchost.exe,
0x0000000000001f98,2,C:\Windows\System32\RuntimeBroker.exe,C:\Windows\System32\RuntimeBroker.exe,
8768,2,,,\device\harddiskvolume3\users\taro\appdata\local\microsoft\edgeupdate\microsoftedgeupdate.exe
0x0000000000001844,2,C:\Users\taro\AppData\Local\Microsoft\OneDrive\24.025.0204.0003\FileCoAuth.exe,C:\Users\taro\AppData\Local\Microsoft\OneDrive\24.025.0204.0003\FileCoAuth.exe,
0x000000000000184c,2,C:\Windows\System32\RuntimeBroker.exe,C:\Windows\System32\RuntimeBroker.exe,
0x0000000000001e5c,2,C:\Windows\System32\svchost.exe,C:\Windows\System32\svchost.exe,
0x0000000000001e60,2,C:\Windows\System32\svchost.exe,C:\Windows\System32\svchost.exe,
0x0000000000001e70,2,C:\Windows\System32\SearchProtocolHost.exe,C:\Windows\System32\SearchProtocolHost.exe,
0x0000000000000978,2,C:\Windows\System32\RuntimeBroker.exe,C:\Windows\System32\RuntimeBroker.exe,
0x0000000000000984,2,C:\Windows\System32\SearchFilterHost.exe,C:\Windows\System32\SearchFilterHost.exe,
0x0000000000000988,2,C:\Users\taro\AppData\Local\Microsoft\OneDrive\24.025.0204.0003\FileCoAuth.exe,C:\Users\taro\AppData\Local\Microsoft\OneDrive\24.025.0204.0003\FileCoAuth.exe,
9576,2,,,
9600,2,,,\device\harddiskvolume3\windows\system32\backgroundtaskhost.exe
9612,2,,,\device\harddiskvolume3\windows\system32\backgroundtaskhost.exe
9660,2,,,\device\harddiskvolume3\windows\system32\backgroundtaskhost.exe
0x000000000000022c,2,C:\Windows\System32\CompatTelRunner.exe,C:\Windows\System32\CompatTelRunner.exe,
0x0000000000000354,2,C:\Program Files (x86)\Microsoft\EdgeUpdate\MicrosoftEdgeUpdate.exe,C:\Program Files (x86)\Microsoft\EdgeUpdate\MicrosoftEdgeUpdate.exe,
0x0000000000001974,2,C:\Users\taro\AppData\Local\Microsoft\EdgeUpdate\MicrosoftEdgeUpdate.exe,C:\Users\taro\AppData\Local\Microsoft\EdgeUpdate\MicrosoftEdgeUpdate.exe,
0x0000000000001a10,2,C:\Windows\System32\RuntimeBroker.exe,C:\Windows\System32\RuntimeBroker.exe,
0x0000000000001b0c,2,C:\Windows\System32\conhost.exe,C:\Windows\System32\conhost.exe,
0x00000000000008b0,2,C:\Users\taro\AppData\Local\Microsoft\OneDrive\24.025.0204.0003\FileCoAuth.exe,C:\Users\taro\AppData\Local\Microsoft\OneDrive\24.025.0204.0003\FileCoAuth.exe,
0x0000000000000888,2,C:\Windows\Microsoft.NET\Framework64\v4.0.30319\mscorsvw.exe,C:\Windows\Microsoft.NET\Framework64\v4.0.30319\mscorsvw.exe,
5144,2,,,\device\harddiskvolume3\users\taro\appdata\local\microsoft\edgeupdate\microsoftedgeupdate.exe
0x00000000000009c8,2,C:\Windows\System32\dsregcmd.exe,C:\Windows\System32\dsregcmd.exe,
0x00000000000019ec,2,C:\Windows\System32\gpupdate.exe,C:\Windows\System32\gpupdate.exe,
0x0000000000001998,2,C:\Users\taro\AppData\Local\Microsoft\OneDrive\24.025.0204.0003\Microsoft.SharePoint.exe,C:\Users\taro\AppData\Local\Microsoft\OneDrive\24.025.0204.0003\Microsoft.SharePoint.exe,
0x00000000000019c4,2,C:\Users\taro\AppData\Local\Microsoft\OneDrive\24.025.0204.0003\FileCoAuth.exe,C:\Users\taro\AppData\Local\Microsoft\OneDrive\24.025.0204.0003\FileCoAuth.exe,
0x00000000000019c8,2,C:\Windows\System32\rundll32.exe,C:\Windows\System32\rundll32.exe,
0x0000000000001bdc,2,C:\Windows\System32\cmd.exe,C:\Windows\System32\cmd.exe,
0x0000000000001bec,2,C:\Windows\System32\ie4uinit.exe,C:\Windows\System32\ie4uinit.exe,
0x0000000000001b98,2,C:\Program Files\RUXIM\PLUGScheduler.exe,C:\Program Files\RUXIM\PLUGScheduler.exe,
0x0000000000001ba4,2,C:\Windows\System32\smartscreen.exe,C:\Windows\System32\smartscreen.exe,
9088,2,,,\device\harddiskvolume3\users\taro\appdata\local\microsoft\edgeupdate\microsoftedgeupdate.exe
920,2,,,
9028,2,,,\device\harddiskvolume3\windows\system32\backgroundtaskhost.exe
9048,2,,,\device\harddiskvolume3\windows\system32\backgroundtaskhost.exe
9060,2,,,\device\harddiskvolume3\windows\system32\backgroundtaskhost.exe
0x00000000000019fc,2,C:\Users\taro\AppData\Local\Microsoft\OneDrive\24.025.0204.0003\FileCoAuth.exe,C:\Users\taro\AppData\Local\Microsoft\OneDrive\24.025.0204.0003\FileCoAuth.exe,
0x00000000000019cc,2,C:\Users\taro\AppData\Local\Microsoft\OneDrive\24.025.0204.0003\FileCoAuth.exe,C:\Users\taro\AppData\Local\Microsoft\OneDrive\24.025.0204.0003\FileCoAuth.exe,
0x00000000000019d4,2,C:\Windows\System32\gpupdate.exe,C:\Windows\System32\gpupdate.exe,
10744,2,,,
10752,2,,,\device\harddiskvolume3\windows\system32\smartscreen.exe
0x0000000000001180,2,C:\Windows\System32\sppsvc.exe,C:\Windows\System32\sppsvc.exe,
0x000000000000119c,2,C:\Windows\System32\Speech_OneCore\common\SpeechModelDownload.exe,C:\Windows\System32\Speech_OneCore\common\SpeechModelDownload.exe,
0x0000000000001154,2,C:\Windows\System32\backgroundTaskHost.exe,C:\Windows\System32\backgroundTaskHost.exe,
0x000000000000116c,2,C:\Users\taro\AppData\Local\Microsoft\EdgeUpdate\MicrosoftEdgeUpdate.exe,C:\Users\taro\AppData\Local\Microsoft\EdgeUpdate\MicrosoftEdgeUpdate.exe,
11172,2,,,\device\harddiskvolume3\users\taro\appdata\local\microsoft\edgeupdate\microsoftedgeupdate.exe
0x00000000000010ac,2,C:\Windows\System32\MoUsoCoreWorker.exe,C:\Windows\System32\MoUsoCoreWorker.exe,
6640,2,,,\device\harddiskvolume3\program files (x86)\microsoft\edgeupdate\microsoftedgeupdate.exe
0x00000000000006fc,2,C:\Windows\System32\conhost.exe,C:\Windows\System32\conhost.exe,
0x00000000000006b4,2,C:\Users\taro\AppData\Local\Microsoft\OneDrive\24.025.0204.0003\FileCoAuth.exe,C:\Users\taro\AppData\Local\Microsoft\OneDrive\24.025.0204.0003\FileCoAuth.exe,
0x00000000000006d4,2,C:\Windows\System32\conhost.exe,C:\Windows\System32\conhost.exe,
0x00000000000006dc,2,C:\Program Files (x86)\Microsoft\EdgeUpdate\MicrosoftEdgeUpdate.exe,C:\Program Files (x86)\Microsoft\EdgeUpdate\MicrosoftEdgeUpdate.exe,
1224,2,,,
10840,2,,,\device\harddiskvolume3\users\taro\appdata\local\microsoft\edgeupdate\microsoftedgeupdate.exe
10740,2,,,\device\harddiskvolume3\users\taro\appdata\local\microsoft\onedrive\onedrivestandaloneupdater.exe
10988,2,,,\device\harddiskvolume3\windows\system32\backgroundtaskhost.exe
11012,2,,,\device\harddiskvolume3\windows\system32\backgroundtaskhost.exe
11036,2,,,\device\harddiskvolume3\users\taro\appdata\local\microsoft\edgeupdate\microsoftedgeupdate.exe
10948,2,,,\device\harddiskvolume3\users\taro\appdata\local\microsoft\edgeupdate\microsoftedgeupdate.exe
6776,2,,,\device\harddiskvolume3\windows\system32\backgroundtaskhost.exe
6780,2,,,
6808,2,,,
664,2,,,\device\harddiskvolume3\windows\system32\backgroundtaskhost.exe
9948,2,,,\device\harddiskvolume3\windows\system32\backgroundtaskhost.exe
9816,2,,,\device\harddiskvolume3\program files (x86)\microsoft\edgeupdate\microsoftedgeupdate.exe
9832,2,,,\device\harddiskvolume3\users\taro\appdata\local\microsoft\onedrive\onedrivestandaloneupdater.exe
9836,2,,,
9852,2,,,\device\harddiskvolume3\windows\system32\compattelrunner.exe
9764,2,,,\device\harddiskvolume3\windows\system32\backgroundtaskhost.exe
9804,2,,,\device\harddiskvolume3\users\taro\appdata\local\microsoft\edgeupdate\microsoftedgeupdate.exe
11132,2,,,
0x0000000000000040,1,C:\Windows\System32\LogonUI.exe,C:\Windows\System32\LogonUI.exe,
0x0000000000000154,1,C:\Windows\System32\conhost.exe,C:\Windows\System32\conhost.exe,
0x0000000000000164,1,C:\Windows\System32\dwm.exe,C:\Windows\System32\dwm.exe,
0x0000000000000194,1,C:\Windows\System32\dmclient.exe,C:\Windows\System32\dmclient.exe,
0x000000000000019c,1,C:\Windows\Microsoft.NET\Framework\v4.0.30319\mscorsvw.exe,C:\Windows\Microsoft.NET\Framework\v4.0.30319\mscorsvw.exe,
0x00000000000001ac,1,C:\Windows\System32\csrss.exe,C:\Windows\System32\csrss.exe,
9768,1,,,
9776,1,,,
9792,1,,,
9844,1,,,
9848,1,,,
9856,1,,,
9896,1,,,
9960,1,,,
9964,1,,,
0x0000000000001a04,1,C:\Windows\System32\cmd.exe,C:\Windows\System32\cmd.exe,
0x000000000000021c,1,C:\Windows\System32\csrss.exe,C:\Windows\System32\csrss.exe,
0x0000000000000280,1,C:\Windows\System32\svchost.exe,C:\Windows\System32\svchost.exe,
0x0000000000000284,1,C:\Windows\System32\wbem\WmiPrvSE.exe,C:\Windows\System32\wbem\WmiPrvSE.exe,
0x0000000000000290,1,C:\Windows\System32\taskhostw.exe,C:\Windows\System32\taskhostw.exe,
9492,1,,,
9500,1,,,
9532,1,,,
9536,1,,,
9632,1,,,
0x0000000000001b80,1,C:\Windows\System32\svchost.exe,C:\Windows\System32\svchost.exe,
0x0000000000001b94,1,C:\Windows\System32\RuntimeBroker.exe,C:\Windows\System32\RuntimeBroker.exe,
0x0000000000001bb0,1,C:\Windows\System32\RuntimeBroker.exe,C:\Windows\System32\RuntimeBroker.exe,
0x0000000000001bb8,1,C:\Program Files (x86)\Microsoft\EdgeUpdate\MicrosoftEdgeUpdate.exe,C:\Program Files (x86)\Microsoft\EdgeUpdate\MicrosoftEdgeUpdate.exe,
0x0000000000001be8,1,C:\Windows\WinSxS\amd64_microsoft-windows-servicingstack_31bf3856ad364e35_10.0.19041.4163_none_7e304ec47c735f2e\TiWorker.exe,C:\Windows\WinSxS\amd64_microsoft-windows-servicingstack_31bf3856ad364e35_10.0.19041.4163_none_7e304ec47c735f2e\TiWorker.exe,
0x0000000000001aa4,1,C:\Windows\System32\svchost.exe,C:\Windows\System32\svchost.exe,
0x0000000000001ab0,1,C:\Windows\System32\svchost.exe,C:\Windows\System32\svchost.exe,
0x0000000000001ae0,1,C:\Windows\System32\upfc.exe,C:\Windows\System32\upfc.exe,
0x00000000000002c8,1,C:\Windows\System32\WindowsPowerShell\v1.0\powershell.exe,C:\Windows\System32\WindowsPowerShell\v1.0\powershell.exe,
0x0000000000000328,1,C:\Windows\System32\fontdrvhost.exe,C:\Windows\System32\fontdrvhost.exe,
0x0000000000001b20,1,C:\Windows\System32\svchost.exe,C:\Windows\System32\svchost.exe,
0x0000000000001b34,1,C:\Windows\System32\backgroundTaskHost.exe,C:\Windows\System32\backgroundTaskHost.exe,
0x0000000000001b44,1,C:\Windows\SysWOW64\NETSTAT.EXE,C:\Windows\SysWOW64\NETSTAT.EXE,
0x0000000000001b4c,1,C:\Windows\servicing\TrustedInstaller.exe,C:\Windows\servicing\TrustedInstaller.exe,
0x0000000000001b68,1,C:\Windows\SystemApps\ShellExperienceHost_cw5n1h2txyewy\ShellExperienceHost.exe,C:\Windows\SystemApps\ShellExperienceHost_cw5n1h2txyewy\ShellExperienceHost.exe,
0x0000000000001b7c,1,C:\Windows\System32\sc.exe,C:\Windows\System32\sc.exe,
9112,1,,,
9148,1,,,
9200,1,,,
9208,1,,,
9220,1,,,
9228,1,,,
9232,1,,,
9248,1,,,
0x0000000000001c38,1,C:\Windows\System32\taskhostw.exe,C:\Windows\System32\taskhostw.exe,
0x0000000000001c5c,1,C:\Program Files (x86)\Microsoft\Edge\Application\msedge.exe,C:\Program Files (x86)\Microsoft\Edge\Application\msedge.exe,
0x0000000000001900,1,C:\Program Files (x86)\Microsoft\Edge\Application\msedge.exe,C:\Program Files (x86)\Microsoft\Edge\Application\msedge.exe,
9008,1,,,
9016,1,,,
9024,1,,,
9036,1,,,
9068,1,,,
0x0000000000000b6c,1,C:\Windows\System32\ClipRenew.exe,C:\Windows\System32\ClipRenew.exe,
0x0000000000000b84,1,C:\Program Files\VMware\VMware Tools\VMware VGAuth\VGAuthService.exe,C:\Program Files\VMware\VMware Tools\VMware VGAuth\VGAuthService.exe,
0x0000000000000bb0,1,C:\Windows\System32\rundll32.exe,C:\Windows\System32\rundll32.exe,
0x0000000000000bb4,1,C:\Windows\System32\MoUsoCoreWorker.exe,C:\Windows\System32\MoUsoCoreWorker.exe,
4112,1,,,
4128,1,,,
4276,1,,,
4280,1,,,
4300,1,,,
4308,1,,,
432,1,,,
4508,1,,,
4512,1,,,
4548,1,,,
4600,1,,,
0x0000000000000aac,1,C:\Program Files (x86)\Microsoft\EdgeUpdate\MicrosoftEdgeUpdate.exe,C:\Program Files (x86)\Microsoft\EdgeUpdate\MicrosoftEdgeUpdate.exe,
5456,1,,,
5508,1,,,
5556,1,,,
5560,1,,,
5588,1,,,
0x00000000000007e8,1,C:\Windows\System32\CompatTelRunner.exe,C:\Windows\System32\CompatTelRunner.exe,
0x00000000000007f4,1,C:\Windows\System32\conhost.exe,C:\Windows\System32\conhost.exe,
0x00000000000007f8,1,C:\Windows\System32\svchost.exe,C:\Windows\System32\svchost.exe,
4792,1,,,
4804,1,,,
0x00000000000009dc,1,C:\Windows\System32\smartscreen.exe,C:\Windows\System32\smartscreen.exe,
0x00000000000009e0,1,C:\Windows\Microsoft.NET\Framework64\v4.0.30319\ngentask.exe,C:\Windows\Microsoft.NET\Framework64\v4.0.30319\ngentask.exe,
0x0000000000000a0c,1,C:\Program Files (x86)\amiya\amepagt\amepagt.exe,C:\Program Files (x86)\amiya\amepagt\amepagt.exe,
5312,1,,,
5324,1,,,
5328,1,,,
0x0000000000000d24,1,C:\Program Files (x86)\Microsoft\EdgeUpdate\MicrosoftEdgeUpdate.exe,C:\Program Files (x86)\Microsoft\EdgeUpdate\MicrosoftEdgeUpdate.exe,
3572,1,,,
3616,1,,,
0x0000000000000bd0,1,C:\Program Files\VMware\VMware Tools\vmtoolsd.exe,C:\Program Files\VMware\VMware Tools\vmtoolsd.exe,
0x0000000000000bf0,1,C:\Windows\System32\svchost.exe,C:\Windows\System32\svchost.exe,
0x0000000000000c04,1,C:\Windows\System32\svchost.exe,C:\Windows\System32\svchost.exe,
3156,1,,,
3176,1,,,
3956,1,,,
3968,1,,,
4000,1,,,
0x0000000000000b2c,1,C:\Windows\System32\dllhost.exe,C:\Windows\System32\dllhost.exe,
0x0000000000000b30,1,C:\Windows\System32\svchost.exe,C:\Windows\System32\svchost.exe,
0x0000000000000b34,1,C:\Windows\System32\OpenSSH\sshd.exe,C:\Windows\System32\OpenSSH\sshd.exe,
0x0000000000000cf8,1,C:\Windows\System32\svchost.exe,C:\Windows\System32\svchost.exe,
0x0000000000000d1c,1,C:\Windows\System32\svchost.exe,C:\Windows\System32\svchost.exe,
5688,1,,,
5716,1,,,
5732,1,,,
5752,1,,,
5764,1,,,
0x0000000000000c38,1,C:\Windows\System32\conhost.exe,C:\Windows\System32\conhost.exe,
380,1,,,
3928,1,,,
4284,1,,,
0x0000000000000810,1,C:\Program Files (x86)\Microsoft\EdgeUpdate\MicrosoftEdgeUpdate.exe,C:\Program Files (x86)\Microsoft\EdgeUpdate\MicrosoftEdgeUpdate.exe,
0x0000000000000820,1,C:\Windows\System32\svchost.exe,C:\Windows\System32\svchost.exe,
0x000000000000082c,1,C:\Windows\System32\wermgr.exe,C:\Windows\System32\wermgr.exe,
0x000000000000083c,1,C:\Windows\System32\svchost.exe,C:\Windows\System32\svchost.exe,
0x0000000000000844,1,C:\Windows\System32\conhost.exe,C:\Windows\System32\conhost.exe,
0x000000000000085c,1,C:\Users\taro\AppData\Local\Microsoft\EdgeUpdate\MicrosoftEdgeUpdate.exe,C:\Users\taro\AppData\Local\Microsoft\EdgeUpdate\MicrosoftEdgeUpdate.exe,
5632,1,,,
3080,1,,,
3148,1,,,
0x0000000000000e08,1,C:\Windows\System32\PING.EXE,C:\Windows\System32\PING.EXE,
0x0000000000000e24,1,C:\Windows\System32\svchost.exe,C:\Windows\System32\svchost.exe,
0x0000000000000e50,1,C:\Users\taro\AppData\Local\Microsoft\OneDrive\24.040.0225.0003\FileCoAuth.exe,C:\Users\taro\AppData\Local\Microsoft\OneDrive\24.040.0225.0003\FileCoAuth.exe,
2864,1,,,
2928,1,,,
2956,1,,,
0x0000000000000d30,1,C:\Program Files (x86)\Microsoft\EdgeUpdate\MicrosoftEdgeUpdate.exe,C:\Program Files (x86)\Microsoft\EdgeUpdate\MicrosoftEdgeUpdate.exe,
0x0000000000000d3c,1,C:\Windows\System32\conhost.exe,C:\Windows\System32\conhost.exe,
0x0000000000000d44,1,C:\Windows\System32\svchost.exe,C:\Windows\System32\svchost.exe,
0x0000000000000d4c,1,C:\Windows\System32\conhost.exe,C:\Windows\System32\conhost.exe,
0x0000000000000d54,1,C:\Users\taro\AppData\Local\Microsoft\EdgeUpdate\MicrosoftEdgeUpdate.exe,C:\Users\taro\AppData\Local\Microsoft\EdgeUpdate\MicrosoftEdgeUpdate.exe,
0x0000000000000db4,1,C:\Windows\System32\vm3dservice.exe,C:\Windows\System32\vm3dservice.exe,
0x0000000000000dcc,1,C:\Windows\servicing\TrustedInstaller.exe,C:\Windows\servicing\TrustedInstaller.exe,
3060,1,,,
5872,1,,,
5908,1,,,
5952,1,,,
5972,1,,,
5976,1,,,
6024,1,,,
0x000000000000076c,1,C:\Windows\System32\svchost.exe,C:\Windows\System32\svchost.exe,
0x0000000000000d28,1,C:\Windows\System32\svchost.exe,C:\Windows\System32\svchost.exe,
3448,1,,,
3472,1,,,
3492,1,,,
3512,1,,,
0x0000000000000ca4,1,C:\Windows\Microsoft.NET\Framework\v4.0.30319\mscorsvw.exe,C:\Windows\Microsoft.NET\Framework\v4.0.30319\mscorsvw.exe,
0x0000000000000cac,1,C:\Program Files\RUXIM\RUXIMICS.exe,C:\Program Files\RUXIM\RUXIMICS.exe,
0x0000000000000cb0,1,C:\Windows\System32\svchost.exe,C:\Windows\System32\svchost.exe,
5840,1,,,
1600,1,,,
1656,1,,,
1700,1,,,
184,1,,,
1884,1,,,
1980,1,,,
1988,1,,,
2040,1,,,
0x0000000000000f98,1,C:\Program Files (x86)\Microsoft\EdgeUpdate\MicrosoftEdgeUpdate.exe,C:\Program Files (x86)\Microsoft\EdgeUpdate\MicrosoftEdgeUpdate.exe,
0x0000000000000fa8,1,C:\Program Files (x86)\Microsoft\Edge\Application\msedge.exe,C:\Program Files (x86)\Microsoft\Edge\Application\msedge.exe,
2260,1,,,
2364,1,,,
2456,1,,,
2464,1,,,
0x0000000000000e84,1,C:\Windows\System32\gpupdate.exe,C:\Windows\System32\gpupdate.exe,
0x0000000000000e88,1,C:\Windows\System32\svchost.exe,C:\Windows\System32\svchost.exe,
0x000000000000078c,1,C:\Windows\System32\svchost.exe,C:\Windows\System32\svchost.exe,
6052,1,,,
6072,1,,,
6236,1,,,
6260,1,,,
6296,1,,,
6360,1,,,
0x0000000000000f7c,1,C:\Windows\System32\dsregcmd.exe,C:\Windows\System32\dsregcmd.exe,
0x0000000000000ed0,1,C:\Windows\System32\wevtutil.exe,C:\Windows\System32\wevtutil.exe,
0x0000000000000f24,1,C:\Windows\System32\MusNotification.exe,C:\Windows\System32\MusNotification.exe,
2496,1,,,
2544,1,,,
2648,1,,,
2668,1,,,
2696,1,,,
2700,1,,,
0x00000000000010ec,1,C:\Windows\Microsoft.NET\Framework64\v4.0.30319\mscorsvw.exe,C:\Windows\Microsoft.NET\Framework64\v4.0.30319\mscorsvw.exe,
0x00000000000010f0,1,C:\Windows\System32\WindowsPowerShell\v1.0\powershell.exe,C:\Windows\System32\WindowsPowerShell\v1.0\powershell.exe,
0x0000000000001100,1,C:\Windows\System32\conhost.exe,C:\Windows\System32\conhost.exe,
0x000000000000110c,1,C:\Windows\System32\SearchFilterHost.exe,C:\Windows\System32\SearchFilterHost.exe,
0x000000000000111c,1,C:\Windows\System32\taskhostw.exe,C:\Windows\System32\taskhostw.exe,
0x0000000000001124,1,C:\Program Files (x86)\Microsoft\EdgeUpdate\MicrosoftEdgeUpdate.exe,C:\Program Files (x86)\Microsoft\EdgeUpdate\MicrosoftEdgeUpdate.exe,
11244,1,,,
11252,1,,,
0x000000000000108c,1,C:\Windows\System32\svchost.exe,C:\Windows\System32\svchost.exe,
0x0000000000001094,1,C:\Windows\System32\wbem\WmiPrvSE.exe,C:\Windows\System32\wbem\WmiPrvSE.exe,
0x0000000000001098,1,C:\Windows\System32\smartscreen.exe,C:\Windows\System32\smartscreen.exe,
1436,1,,,
1448,1,,,
1484,1,,,
1524,1,,,
0x00000000000010e4,1,C:\Windows\System32\svchost.exe,C:\Windows\System32\svchost.exe,
0x0000000000000664,1,C:\Windows\System32\gpupdate.exe,C:\Windows\System32\gpupdate.exe,
0x000000000000066c,1,C:\Users\taro\AppData\Local\Microsoft\OneDrive\24.040.0225.0003\FileCoAuth.exe,C:\Users\taro\AppData\Local\Microsoft\OneDrive\24.040.0225.0003\FileCoAuth.exe,
0x00000000000006a0,1,C:\Windows\System32\svchost.exe,C:\Windows\System32\svchost.exe,
1412,1,,,
0x0000000000000ffc,1,C:\Windows\System32\wbem\unsecapp.exe,C:\Windows\System32\wbem\unsecapp.exe,
0x0000000000001020,1,C:\Windows\System32\sppsvc.exe,C:\Windows\System32\sppsvc.exe,
0x0000000000001044,1,C:\Users\taro\AppData\Local\Microsoft\OneDrive\24.040.0225.0003\FileCoAuth.exe,C:\Users\taro\AppData\Local\Microsoft\OneDrive\24.040.0225.0003\FileCoAuth.exe,
0x0000000000001050,1,C:\Program Files (x86)\Microsoft\Edge\Application\msedge.exe,C:\Program Files (x86)\Microsoft\Edge\Application\msedge.exe,
2124,1,,,
0x0000000000000f48,1,C:\Windows\System32\conhost.exe,C:\Windows\System32\conhost.exe,
6364,1,,,
6372,1,,,
6396,1,,,
6404,1,,,
6448,1,,,
6564,1,,,
11092,1,,,
11096,1,,,
11148,1,,,
112,1,,,
11216,1,,,
0x000000000000114c,1,C:\Windows\System32\msdtc.exe,C:\Windows\System32\msdtc.exe,
0x00000000000011c4,1,C:\Windows\System32\svchost.exe,C:\Windows\System32\svchost.exe,
0x00000000000011c8,1,C:\Windows\System32\conhost.exe,C:\Windows\System32\conhost.exe,
10876,1,,,
10932,1,,,
10940,1,,,
10952,1,,,
10956,1,,,
11008,1,,,
1104,1,,,
11072,1,,,
6612,1,,,
6624,1,,,
6628,1,,,
6632,1,,,
6704,1,,,
6712,1,,,
6768,1,,,
10868,1,,,
1228,1,,,
1280,1,,,
1332,1,,,
0x00000000000006cc,1,C:\Windows\System32\conhost.exe,C:\Windows\System32\conhost.exe,
0x00000000000006d0,1,C:\Windows\System32\svchost.exe,C:\Windows\System32\svchost.exe,
0x00000000000006e0,1,C:\Windows\System32\MoUsoCoreWorker.exe,C:\Windows\System32\MoUsoCoreWorker.exe,
0x00000000000006f4,1,MemCompression,MemCompression,
0x0000000000000700,1,C:\Windows\System32\svchost.exe,C:\Windows\System32\svchost.exe,
10504,1,,,
0x00000000000011e8,1,C:\Windows\System32\conhost.exe,C:\Windows\System32\conhost.exe,
0x0000000000001218,1,C:\Windows\System32\backgroundTaskHost.exe,C:\Windows\System32\backgroundTaskHost.exe,
10000,1,,,
1008,1,,,
10080,1,,,
10128,1,,,
10132,1,,,
10524,1,,,
10540,1,,,
10552,1,,,
10572,1,,,
10576,1,,,
10604,1,,,
10608,1,,,
10444,1,,,
7048,1,,,
7092,1,,,
0x00000000000005a0,1,C:\Windows\System32\svchost.exe,C:\Windows\System32\svchost.exe,
0x00000000000005a8,1,C:\Windows\System32\svchost.exe,C:\Windows\System32\svchost.exe,
0x00000000000005ac,1,C:\Windows\System32\svchost.exe,C:\Windows\System32\svchost.exe,
0x00000000000005d4,1,C:\Windows\System32\conhost.exe,C:\Windows\System32\conhost.exe,
0x0000000000001248,1,C:\Windows\System32\rundll32.exe,C:\Windows\System32\rundll32.exe,
0x0000000000001264,1,C:\Windows\Microsoft.NET\Framework64\v4.0.30319\ngentask.exe,C:\Windows\Microsoft.NET\Framework64\v4.0.30319\ngentask.exe,
10756,1,,,
10760,1,,,
10780,1,,,
10808,1,,,
6864,1,,,
6924,1,,,
6972,1,,,
7012,1,,,
0x0000000000002ae4,1,C:\Users\taro\AppData\Local\Microsoft\OneDrive\24.040.0225.0003\FileCoAuth.exe,C:\Users\taro\AppData\Local\Microsoft\OneDrive\24.040.0225.0003\FileCoAuth.exe,
0x0000000000002b3c,1,C:\Windows\System32\upfc.exe,C:\Windows\System32\upfc.exe,
0x0000000000002b4c,1,C:\Program Files\WindowsApps\Microsoft.XboxGamingOverlay_7.124.2141.0_x64__8wekyb3d8bbwe\GameBarFTServer.exe,C:\Program Files\WindowsApps\Microsoft.XboxGamingOverlay_7.124.2141.0_x64__8wekyb3d8bbwe\GameBarFTServer.exe,
0x000000000000128c,1,C:\Windows\System32\svchost.exe,C:\Windows\System32\svchost.exe,
0x0000000000002a78,1,C:\Program Files (x86)\Microsoft\Edge\Application\msedge.exe,C:\Program Files (x86)\Microsoft\Edge\Application\msedge.exe,
0x00000000000029bc,1,C:\Windows\System32\SearchFilterHost.exe,C:\Windows\System32\SearchFilterHost.exe,
0x00000000000029d8,1,C:\Program Files (x86)\Microsoft\Edge\Application\122.0.2365.92\identity_helper.exe,C:\Program Files (x86)\Microsoft\Edge\Application\122.0.2365.92\identity_helper.exe,
0x00000000000029f0,1,C:\Windows\System32\cmd.exe,C:\Windows\System32\cmd.exe,
0x00000000000012d8,1,C:\Windows\System32\dsregcmd.exe,C:\Windows\System32\dsregcmd.exe,
0x00000000000012dc,1,C:\Windows\System32\MusNotification.exe,C:\Windows\System32\MusNotification.exe,
0x00000000000012e0,1,C:\Windows\System32\conhost.exe,C:\Windows\System32\conhost.exe,
0x0000000000002b90,1,C:\Windows\System32\gpupdate.exe,C:\Windows\System32\gpupdate.exe,
0x0000000000002ba0,1,C:\Users\taro\AppData\Local\Microsoft\OneDrive\24.040.0225.0003\FileCoAuth.exe,C:\Users\taro\AppData\Local\Microsoft\OneDrive\24.040.0225.0003\FileCoAuth.exe,
0x0000000000002bac,1,C:\Program Files (x86)\Microsoft\Edge\Application\msedge.exe,C:\Program Files (x86)\Microsoft\Edge\Application\msedge.exe,
0x0000000000002a9c,1,C:\Windows\System32\conhost.exe,C:\Windows\System32\conhost.exe,
0x0000000000002ac8,1,C:\Windows\System32\svchost.exe,C:\Windows\System32\svchost.exe,
7188,1,,,
7208,1,,,
7296,1,,,
7344,1,,,
7468,1,,,
7492,1,,,
7496,1,,,
0x00000000000012d0,1,C:\Windows\System32\wermgr.exe,C:\Windows\System32\wermgr.exe,
10256,1,,,
10268,1,,,
10272,1,,,
0x0000000000000618,1,C:\Windows\System32\svchost.exe,C:\Windows\System32\svchost.exe,
0x0000000000000624,1,C:\Windows\System32\svchost.exe,C:\Windows\System32\svchost.exe,
0x0000000000000638,1,C:\Windows\System32\svchost.exe,C:\Windows\System32\svchost.exe,
7116,1,,,
7128,1,,,
0x0000000000002988,1,C:\Windows\WinSxS\amd64_microsoft-windows-servicingstack_31bf3856ad364e35_10.0.19041.3989_none_7ddb45627cb30e03\TiWorker.exe,C:\Windows\WinSxS\amd64_microsoft-windows-servicingstack_31bf3856ad364e35_10.0.19041.3989_none_7ddb45627cb30e03\TiWorker.exe,
0x0000000000002894,1,C:\Users\taro\AppData\Local\Microsoft\OneDrive\24.025.0204.0003\FileCoAuth.exe,C:\Users\taro\AppData\Local\Microsoft\OneDrive\24.025.0204.0003\FileCoAuth.exe,
0x00000000000028b8,1,C:\Windows\System32\svchost.exe,C:\Windows\System32\svchost.exe,
0x00000000000028cc,1,C:\Windows\System32\taskhostw.exe,C:\Windows\System32\taskhostw.exe,
0x0000000000002928,1,C:\Windows\System32\RuntimeBroker.exe,C:\Windows\System32\RuntimeBroker.exe,
0x00000000000014b8,1,C:\Users\taro\AppData\Local\Microsoft\OneDrive\24.025.0204.0003\FileCoAuth.exe,C:\Users\taro\AppData\Local\Microsoft\OneDrive\24.025.0204.0003\FileCoAuth.exe,
0x00000000000014c8,1,C:\Windows\System32\svchost.exe,C:\Windows\System32\svchost.exe,
0x0000000000002840,1,C:\Windows\System32\RuntimeBroker.exe,C:\Windows\System32\RuntimeBroker.exe,
0x00000000000013c4,1,C:\Windows\System32\conhost.exe,C:\Windows\System32\conhost.exe,
0x00000000000013cc,1,C:\ProgramData\Microsoft\Windows Defender\Platform\4.18.24020.7-0\NisSrv.exe,C:\ProgramData\Microsoft\Windows Defender\Platform\4.18.24020.7-0\NisSrv.exe,
0x00000000000013e4,1,C:\Windows\System32\taskhostw.exe,C:\Windows\System32\taskhostw.exe,
0x00000000000013fc,1,C:\Program Files (x86)\Microsoft\EdgeUpdate\MicrosoftEdgeUpdate.exe,C:\Program Files (x86)\Microsoft\EdgeUpdate\MicrosoftEdgeUpdate.exe,
0x0000000000001408,1,C:\Windows\System32\taskhostw.exe,C:\Windows\System32\taskhostw.exe,
0x0000000000001434,1,C:\Windows\System32\svchost.exe,C:\Windows\System32\svchost.exe,
0x0000000000002960,1,C:\Windows\System32\conhost.exe,C:\Windows\System32\conhost.exe,
0x000000000000297c,1,C:\Users\taro\AppData\Local\Microsoft\OneDrive\24.025.0204.0003\FileCoAuth.exe,C:\Users\taro\AppData\Local\Microsoft\OneDrive\24.025.0204.0003\FileCoAuth.exe,
764,1,,,
7772,1,,,
7800,1,,,
0x0000000000000500,1,C:\Windows\System32\svchost.exe,C:\Windows\System32\svchost.exe,
0x0000000000000534,1,C:\Windows\System32\svchost.exe,C:\Windows\System32\svchost.exe,
0x000000000000053c,1,C:\Windows\System32\svchost.exe,C:\Windows\System32\svchost.exe,
0x0000000000000540,1,,C:\Windows\System32\svchost.exe,
0x0000000000000554,1,C:\Windows\System32\wuauclt.exe,C:\Windows\System32\wuauclt.exe,
0x0000000000002a0c,1,C:\Windows\System32\svchost.exe,C:\Windows\System32\svchost.exe,
0x0000000000002a14,1,C:\Windows\System32\dmclient.exe,C:\Windows\System32\dmclient.exe,
0x0000000000002a38,1,C:\Windows\System32\sppsvc.exe,C:\Windows\System32\sppsvc.exe,
752,1,,,
7552,1,,,
7580,1,,,
7592,1,,,
7608,1,,,
0x000000000000265c,1,C:\Windows\System32\svchost.exe,C:\Windows\System32\svchost.exe,
0x000000000000266c,1,C:\Program Files\RUXIM\PLUGScheduler.exe,C:\Program Files\RUXIM\PLUGScheduler.exe,
0x00000000000026b4,1,C:\Windows\System32\RuntimeBroker.exe,C:\Windows\System32\RuntimeBroker.exe,
0x00000000000025d8,1,C:\Users\taro\AppData\Local\Microsoft\EdgeUpdate\MicrosoftEdgeUpdate.exe,C:\Users\taro\AppData\Local\Microsoft\EdgeUpdate\MicrosoftEdgeUpdate.exe,
0x00000000000025fc,1,C:\Windows\System32\svchost.exe,C:\Windows\System32\svchost.exe,
0x0000000000002634,1,C:\Program Files (x86)\Microsoft\Edge\Application\msedge.exe,C:\Program Files (x86)\Microsoft\Edge\Application\msedge.exe,
0x0000000000001500,1,C:\Users\taro\AppData\Local\Microsoft\OneDrive\24.040.0225.0003\FileCoAuth.exe,C:\Users\taro\AppData\Local\Microsoft\OneDrive\24.040.0225.0003\FileCoAuth.exe,
0x00000000000024fc,1,C:\Windows\System32\conhost.exe,C:\Windows\System32\conhost.exe,
7920,1,,,
8072,1,,,
0x00000000000026e0,1,C:\Users\taro\AppData\Local\Microsoft\EdgeUpdate\MicrosoftEdgeUpdate.exe,C:\Users\taro\AppData\Local\Microsoft\EdgeUpdate\MicrosoftEdgeUpdate.exe,
0x000000000000276c,1,C:\Windows\System32\backgroundTaskHost.exe,C:\Windows\System32\backgroundTaskHost.exe,
0x000000000000277c,1,C:\Windows\System32\gpupdate.exe,C:\Windows\System32\gpupdate.exe,
0x0000000000002784,1,C:\Windows\System32\backgroundTaskHost.exe,C:\Windows\System32\backgroundTaskHost.exe,
0x000000000000278c,1,C:\Windows\System32\LogonUI.exe,C:\Windows\System32\LogonUI.exe,
0x0000000000001524,1,C:\Windows\System32\gpupdate.exe,C:\Windows\System32\gpupdate.exe,
0x0000000000000568,1,C:\Windows\System32\CompatTelRunner.exe,C:\Windows\System32\CompatTelRunner.exe,
0x000000000000057c,1,C:\Windows\System32\svchost.exe,C:\Windows\System32\svchost.exe,
7816,1,,,
7820,1,,,
784,1,,,
7844,1,,,
7896,1,,,
7916,1,,,
0x0000000000002888,1,C:\Users\taro\AppData\Local\Microsoft\OneDrive\24.025.0204.0003\FileCoAuth.exe,C:\Users\taro\AppData\Local\Microsoft\OneDrive\24.025.0204.0003\FileCoAuth.exe,
0x00000000000027cc,1,C:\Windows\System32\conhost.exe,C:\Windows\System32\conhost.exe,
0x00000000000027d0,1,C:\Windows\System32\svchost.exe,C:\Windows\System32\svchost.exe,
0x00000000000027fc,1,C:\Windows\System32\conhost.exe,C:\Windows\System32\conhost.exe,
0x0000000000001464,1,C:\Windows\System32\dwm.exe,C:\Windows\System32\dwm.exe,
0x0000000000001474,1,C:\Program Files\Microsoft Update Health Tools\uhssvc.exe,C:\Program Files\Microsoft Update Health Tools\uhssvc.exe,
0x000000000000148c,1,C:\Windows\Microsoft.NET\Framework64\v4.0.30319\mscorsvw.exe,C:\Windows\Microsoft.NET\Framework64\v4.0.30319\mscorsvw.exe,
0x000000000000055c,1,C:\Windows\System32\SearchFilterHost.exe,C:\Windows\System32\SearchFilterHost.exe,
0x00000000000023ac,1,C:\Windows\System32\conhost.exe,C:\Windows\System32\conhost.exe,
0x00000000000023c0,1,C:\Users\taro\AppData\Local\Microsoft\EdgeUpdate\MicrosoftEdgeUpdate.exe,C:\Users\taro\AppData\Local\Microsoft\EdgeUpdate\MicrosoftEdgeUpdate.exe,
0x00000000000023f0,1,C:\Windows\System32\sppsvc.exe,C:\Windows\System32\sppsvc.exe,
0x00000000000015e8,1,C:\Windows\Microsoft.NET\Framework\v4.0.30319\ngen.exe,C:\Windows\Microsoft.NET\Framework\v4.0.30319\ngen.exe,
0x00000000000015f0,1,C:\Program Files (x86)\Microsoft\EdgeUpdate\MicrosoftEdgeUpdate.exe,C:\Program Files (x86)\Microsoft\EdgeUpdate\MicrosoftEdgeUpdate.exe,
0x00000000000022c0,1,C:\Windows\servicing\TrustedInstaller.exe,C:\Windows\servicing\TrustedInstaller.exe,
0x00000000000022f0,1,C:\Users\taro\AppData\Local\Microsoft\OneDrive\24.025.0204.0003\FileCoAuth.exe,C:\Users\taro\AppData\Local\Microsoft\OneDrive\24.025.0204.0003\FileCoAuth.exe,
0x00000000000022fc,1,C:\Users\taro\AppData\Local\Microsoft\OneDrive\24.025.0204.0003\FileCoAuth.exe,C:\Users\taro\AppData\Local\Microsoft\OneDrive\24.025.0204.0003\FileCoAuth.exe,
0x0000000000001618,1,C:\Windows\System32\conhost.exe,C:\Windows\System32\conhost.exe,
0x0000000000001624,1,C:\Windows\System32\conhost.exe,C:\Windows\System32\conhost.exe,
0x0000000000001634,1,C:\Windows\System32\conhost.exe,C:\Windows\System32\conhost.exe,
0x0000000000001644,1,C:\Windows\System32\CompatTelRunner.exe,C:\Windows\System32\CompatTelRunner.exe,
0x000000000000166c,1,C:\Windows\System32\conhost.exe,C:\Windows\System32\conhost.exe,
0x000000000000241c,1,C:\Program Files\WindowsApps\microsoft.windowscommunicationsapps_16005.14326.21844.0_x64__8wekyb3d8bbwe\HxTsr.exe,C:\Program Files\WindowsApps\microsoft.windowscommunicationsapps_16005.14326.21844.0_x64__8wekyb3d8bbwe\HxTsr.exe,
0x000000000000245c,1,C:\Users\taro\AppData\Local\Temp\1C882882-8688-4266-8A95-8F3666B40958\DismHost.exe,C:\Users\taro\AppData\Local\Temp\1C882882-8688-4266-8A95-8F3666B40958\DismHost.exe,
0x0000000000002388,1,C:\Windows\System32\RuntimeBroker.exe,C:\Windows\System32\RuntimeBroker.exe,
8228,1,,,
8232,1,,,
8256,1,,,
0x0000000000000450,1,C:\Windows\System32\sppsvc.exe,C:\Windows\System32\sppsvc.exe,
0x000000000000045c,1,C:\Windows\System32\svchost.exe,C:\Windows\System32\svchost.exe,
0x0000000000000464,1,C:\Windows\System32\svchost.exe,C:\Windows\System32\svchost.exe,
0x0000000000000468,1,,C:\Windows\System32\svchost.exe,
0x000000000000046c,1,C:\Windows\System32\svchost.exe,C:\Windows\System32\svchost.exe,
0x0000000000002500,1,C:\Windows\System32\PING.EXE,C:\Windows\System32\PING.EXE,
0x00000000000025cc,1,C:\Windows\System32\taskhostw.exe,C:\Windows\System32\taskhostw.exe,
0x0000000000001550,1,C:\Windows\System32\svchost.exe,C:\Windows\System32\svchost.exe,
0x0000000000001570,1,C:\Windows\Microsoft.NET\Framework64\v4.0.30319\mscorsvw.exe,C:\Windows\Microsoft.NET\Framework64\v4.0.30319\mscorsvw.exe,
8112,1,,,
812,1,,,
8136,1,,,
8220,1,,,
0x0000000000001738,1,C:\Windows\Microsoft.NET\Framework64\v4.0.30319\mscorsvw.exe,C:\Windows\Microsoft.NET\Framework64\v4.0.30319\mscorsvw.exe,
0x0000000000001744,1,C:\Windows\System32\notepad.exe,C:\Windows\System32\notepad.exe,
0x0000000000001778,1,C:\Windows\System32\svchost.exe,C:\Windows\System32\svchost.exe,
0x0000000000002138,1,C:\Windows\System32\RuntimeBroker.exe,C:\Windows\System32\RuntimeBroker.exe,
0x000000000000213c,1,C:\Windows\System32\conhost.exe,C:\Windows\System32\conhost.exe,
0x0000000000002170,1,C:\Windows\System32\conhost.exe,C:\Windows\System32\conhost.exe,
0x0000000000002174,1,C:\Windows\System32\backgroundTaskHost.exe,C:\Windows\System32\backgroundTaskHost.exe,
0x0000000000002088,1,C:\Users\taro\AppData\Local\Microsoft\OneDrive\OneDriveStandaloneUpdater.exe,C:\Users\taro\AppData\Local\Microsoft\OneDrive\OneDriveStandaloneUpdater.exe,
0x0000000000002204,1,C:\Windows\System32\sc.exe,C:\Windows\System32\sc.exe,
0x0000000000002208,1,C:\Windows\System32\conhost.exe,C:\Windows\System32\conhost.exe,
0x0000000000002214,1,C:\Program Files (x86)\Microsoft\Edge\Application\msedge.exe,C:\Program Files (x86)\Microsoft\Edge\Application\msedge.exe,
0x0000000000002218,1,C:\Windows\System32\dllhost.exe,C:\Windows\System32\dllhost.exe,
0x0000000000002244,1,C:\Program Files (x86)\Microsoft\EdgeUpdate\MicrosoftEdgeUpdate.exe,C:\Program Files (x86)\Microsoft\EdgeUpdate\MicrosoftEdgeUpdate.exe,
0x0000000000002248,1,C:\Windows\System32\conhost.exe,C:\Windows\System32\conhost.exe,
0x0000000000001684,1,C:\Windows\System32\sppsvc.exe,C:\Windows\System32\sppsvc.exe,
0x0000000000001698,1,C:\Windows\System32\SearchFilterHost.exe,C:\Windows\System32\SearchFilterHost.exe,
0x00000000000004f0,1,C:\Windows\System32\svchost.exe,C:\Windows\System32\svchost.exe,
8368,1,,,
8464,1,,,
8484,1,,,
8488,1,,,
0x00000000000021d8,1,C:\Windows\System32\taskhostw.exe,C:\Windows\System32\taskhostw.exe,
0x00000000000021e8,1,C:\Program Files (x86)\Microsoft\Edge\Application\msedge.exe,C:\Program Files (x86)\Microsoft\Edge\Application\msedge.exe,
0x00000000000021fc,1,C:\Windows\System32\wsqmcons.exe,C:\Windows\System32\wsqmcons.exe,
0x00000000000016c0,1,C:\Windows\System32\MusNotification.exe,C:\Windows\System32\MusNotification.exe,
0x00000000000016f4,1,C:\Windows\Microsoft.NET\Framework64\v4.0.30319\mscorsvw.exe,C:\Windows\Microsoft.NET\Framework64\v4.0.30319\mscorsvw.exe,
0x000000000000225c,1,C:\Windows\System32\backgroundTaskHost.exe,C:\Windows\System32\backgroundTaskHost.exe,
0x0000000000002288,1,C:\Windows\WinSxS\amd64_microsoft-windows-servicingstack_31bf3856ad364e35_10.0.19041.4163_none_7e304ec47c735f2e\TiWorker.exe,C:\Windows\WinSxS\amd64_microsoft-windows-servicingstack_31bf3856ad364e35_10.0.19041.4163_none_7e304ec47c735f2e\TiWorker.exe,
0x00000000000022ac,1,C:\Windows\System32\conhost.exe,C:\Windows\System32\conhost.exe,
0x00000000000004ac,1,C:\Windows\System32\svchost.exe,C:\Windows\System32\svchost.exe,
0x00000000000004dc,1,C:\Windows\SoftwareDistribution\Download\Install\AM_Delta_Patch_1.407.471.0.exe,C:\Windows\SoftwareDistribution\Download\Install\AM_Delta_Patch_1.407.471.0.exe,
0x00000000000004ec,1,C:\Windows\System32\taskhostw.exe,C:\Windows\System32\taskhostw.exe,
0x00000000000018c0,1,C:\Windows\System32\backgroundTaskHost.exe,C:\Windows\System32\backgroundTaskHost.exe,
0x00000000000018c4,1,C:\Users\taro\AppData\Local\Microsoft\EdgeUpdate\MicrosoftEdgeUpdate.exe,C:\Users\taro\AppData\Local\Microsoft\EdgeUpdate\MicrosoftEdgeUpdate.exe,
0x00000000000018d0,1,C:\Windows\servicing\TrustedInstaller.exe,C:\Windows\servicing\TrustedInstaller.exe,
0x0000000000001ea0,1,C:\Program Files\RUXIM\PLUGScheduler.exe,C:\Program Files\RUXIM\PLUGScheduler.exe,
0x0000000000001ec0,1,C:\Windows\System32\conhost.exe,C:\Windows\System32\conhost.exe,
0x0000000000001ed0,1,C:\Windows\System32\RuntimeBroker.exe,C:\Windows\System32\RuntimeBroker.exe,
0x0000000000001f30,1,C:\Program Files (x86)\Microsoft\Edge\Application\msedge.exe,C:\Program Files (x86)\Microsoft\Edge\Application\msedge.exe,
0x0000000000001f38,1,C:\Windows\System32\SIHClient.exe,C:\Windows\System32\SIHClient.exe,
0x00000000000003b0,1,C:\Windows\System32\dsregcmd.exe,C:\Windows\System32\dsregcmd.exe,
0x0000000000000418,1,C:\Windows\System32\svchost.exe,C:\Windows\System32\svchost.exe,
0x000000000000042c,1,C:\Windows\System32\svchost.exe,C:\Windows\System32\svchost.exe,
0x0000000000001f84,1,C:\Windows\System32\svchost.exe,C:\Windows\System32\svchost.exe,
0x0000000000001f90,1,C:\Windows\System32\rdpclip.exe,C:\Windows\System32\rdpclip.exe,
0x0000000000001fdc,1,C:\Windows\System32\conhost.exe,C:\Windows\System32\conhost.exe,
0x000000000000179c,1,C:\Windows\System32\svchost.exe,C:\Windows\System32\svchost.exe,
0x000000000000188c,1,C:\Windows\System32\TSTheme.exe,C:\Windows\System32\TSTheme.exe,
0x0000000000002010,1,C:\Windows\SysWOW64\WindowsPowerShell\v1.0\powershell.exe,C:\Windows\SysWOW64\WindowsPowerShell\v1.0\powershell.exe,
0x0000000000002014,1,C:\Windows\System32\backgroundTaskHost.exe,C:\Windows\System32\backgroundTaskHost.exe,
0x0000000000002034,1,C:\Windows\System32\svchost.exe,C:\Windows\System32\svchost.exe,
8536,1,,,
8540,1,,,
8548,1,,,
0x0000000000000378,1,C:\Windows\System32\conhost.exe,C:\Windows\System32\conhost.exe,
0x000000000000039c,1,C:\Windows\System32\svchost.exe,C:\Windows\System32\svchost.exe,
0x00000000000020a0,1,C:\Program Files (x86)\Microsoft\Edge\Application\msedge.exe,C:\Program Files (x86)\Microsoft\Edge\Application\msedge.exe,
0x00000000000020d4,1,C:\Windows\SoftwareDistribution\Download\Install\AM_Delta_Patch_1.407.482.0.exe,C:\Windows\SoftwareDistribution\Download\Install\AM_Delta_Patch_1.407.482.0.exe,
0x00000000000020f8,1,C:\Program Files (x86)\Microsoft\Edge\Application\msedge.exe,C:\Program Files (x86)\Microsoft\Edge\Application\msedge.exe,
0x0000000000001700,1,C:\Windows\System32\conhost.exe,C:\Windows\System32\conhost.exe,
0x0000000000001710,1,C:\Windows\Microsoft.NET\Framework\v4.0.30319\ngen.exe,C:\Windows\Microsoft.NET\Framework\v4.0.30319\ngen.exe,
0x00000000000017dc,1,C:\Windows\Microsoft.NET\Framework64\v4.0.30319\mscorsvw.exe,C:\Windows\Microsoft.NET\Framework64\v4.0.30319\mscorsvw.exe,
0x00000000000017e4,1,C:\Windows\System32\conhost.exe,C:\Windows\System32\conhost.exe,
0x00000000000017e8,1,C:\Windows\Microsoft.NET\Framework64\v4.0.30319\mscorsvw.exe,C:\Windows\Microsoft.NET\Framework64\v4.0.30319\mscorsvw.exe,
0x0000000000001db4,1,C:\Windows\System32\conhost.exe,C:\Windows\System32\conhost.exe,
0x0000000000001ddc,1,C:\Windows\System32\conhost.exe,C:\Windows\System32\conhost.exe,
0x0000000000001948,1,C:\Windows\System32\gpupdate.exe,C:\Windows\System32\gpupdate.exe,
0x0000000000001c90,1,C:\Windows\System32\dllhost.exe,C:\Windows\System32\dllhost.exe,
0x0000000000001cdc,1,C:\Windows\System32\consent.exe,C:\Windows\System32\consent.exe,
0x0000000000001ce4,1,C:\Windows\System32\PING.EXE,C:\Windows\System32\PING.EXE,
0x0000000000001cfc,1,C:\Windows\System32\conhost.exe,C:\Windows\System32\conhost.exe,
0x0000000000001c08,1,C:\Windows\System32\dllhost.exe,C:\Windows\System32\dllhost.exe,
8948,1,,,
8980,1,,,
0x0000000000001d1c,1,C:\Windows\System32\conhost.exe,C:\Windows\System32\conhost.exe,
0x0000000000001d60,1,C:\Program Files (x86)\Microsoft\Edge\Application\msedge.exe,C:\Program Files (x86)\Microsoft\Edge\Application\msedge.exe,
0x0000000000001d64,1,C:\Windows\System32\MusNotificationUx.exe,C:\Windows\System32\MusNotificationUx.exe,
0x0000000000001d94,1,C:\Windows\System32\backgroundTaskHost.exe,C:\Windows\System32\backgroundTaskHost.exe,
0x0000000000001dac,1,C:\Program Files (x86)\Microsoft\Edge\Application\msedge.exe,C:\Program Files (x86)\Microsoft\Edge\Application\msedge.exe,
0x0000000000001db0,1,C:\Windows\System32\svchost.exe,C:\Windows\System32\svchost.exe,
0x0000000000001e90,1,C:\Windows\System32\svchost.exe,C:\Windows\System32\svchost.exe,
8628,1,,,
8644,1,,,
8696,1,,,
8704,1,,,
8812,1,,,
8824,1,,,
8852,1,,,
0x0000000000001f40,1,C:\Windows\System32\svchost.exe,C:\Windows\System32\svchost.exe,
0x0000000000001e0c,1,C:\Windows\Microsoft.NET\Framework\v4.0.30319\ngentask.exe,C:\Windows\Microsoft.NET\Framework\v4.0.30319\ngentask.exe,
0x0000000000001e10,1,C:\Windows\System32\cmd.exe,C:\Windows\System32\cmd.exe,
0x0000000000001e24,1,C:\Windows\System32\svchost.exe,C:\Windows\System32\svchost.exe,
0x0000000000001e38,1,C:\Windows\System32\rundll32.exe,C:\Windows\System32\rundll32.exe,
0x0000000000001e40,1,C:\Windows\System32\cmd.exe,C:\Windows\System32\cmd.exe,
0x0000000000001e50,1,C:\Windows\System32\conhost.exe,C:\Windows\System32\conhost.exe,
0x0000000000001e68,1,C:\Windows\System32\svchost.exe,C:\Windows\System32\svchost.exe,
9704,1,,,
0x0000000000000124,1,C:\Users\taro\AppData\Local\Microsoft\OneDrive\24.025.0204.0003\FileCoAuth.exe,C:\Users\taro\AppData\Local\Microsoft\OneDrive\24.025.0204.0003\FileCoAuth.exe,
0x000000000000011c,1,C:\Program Files (x86)\Microsoft\EdgeUpdate\MicrosoftEdgeUpdate.exe,C:\Program Files (x86)\Microsoft\EdgeUpdate\MicrosoftEdgeUpdate.exe,
0x0000000000000108,1,C:\Windows\System32\MoUsoCoreWorker.exe,C:\Windows\System32\MoUsoCoreWorker.exe,
0x0000000000000104,1,C:\Windows\System32\conhost.exe,C:\Windows\System32\conhost.exe,
0x0000000000000074,1,C:\Windows\Microsoft.NET\Framework64\v4.0.30319\mscorsvw.exe,C:\Windows\Microsoft.NET\Framework64\v4.0.30319\mscorsvw.exe,
0x0000000000000004,1,,-,
9656,1,,,
9392,1,,,
9420,1,,,
9440,1,,,
9456,1,,,
0x000000000000014c,1,C:\Windows\System32\smss.exe,C:\Windows\System32\smss.exe,
9692,1,,,
0x0000000000000128,1,C:\Windows\System32\RuntimeBroker.exe,C:\Windows\System32\RuntimeBroker.exe,
9700,1,,,
0x000000000000033c,1,C:\Windows\Microsoft.NET\Framework64\v4.0.30319\mscorsvw.exe,C:\Windows\Microsoft.NET\Framework64\v4.0.30319\mscorsvw.exe,
0x0000000000000348,1,C:\Windows\System32\taskhostw.exe,C:\Windows\System32\taskhostw.exe,
0x000000000000035c,1,C:\Windows\System32\gpupdate.exe,C:\Windows\System32\gpupdate.exe,
0x0000000000000360,1,C:\Users\taro\AppData\Local\Microsoft\OneDrive\24.025.0204.0003\FileCoAuth.exe,C:\Users\taro\AppData\Local\Microsoft\OneDrive\24.025.0204.0003\FileCoAuth.exe,
0x000000000000036c,1,C:\Windows\System32\svchost.exe,C:\Windows\System32\svchost.exe,
9264,1,,,
9328,1,,,
9344,1,,,
0x0000000000001ae8,1,C:\Windows\System32\dllhost.exe,C:\Windows\System32\dllhost.exe,
0x0000000000001a5c,1,C:\Windows\System32\svchost.exe,C:\Windows\System32\svchost.exe,
0x0000000000001a68,1,C:\Windows\System32\wsqmcons.exe,C:\Windows\System32\wsqmcons.exe,
0x0000000000001a88,1,C:\Windows\System32\taskhostw.exe,C:\Windows\System32\taskhostw.exe,
0x0000000000001968,1,C:\Program Files (x86)\Microsoft\Edge\Application\msedge.exe,C:\Program Files (x86)\Microsoft\Edge\Application\msedge.exe,
0x0000000000001970,1,C:\Windows\System32\svchost.exe,C:\Windows\System32\svchost.exe,
0x0000000000001984,1,C:\Windows\System32\backgroundTaskHost.exe,C:\Windows\System32\backgroundTaskHost.exe,
0x0000000000001988,1,C:\ProgramData\Microsoft\Windows Defender\Platform\4.18.24010.12-0\MpCmdRun.exe,C:\ProgramData\Microsoft\Windows Defender\Platform\4.18.24010.12-0\MpCmdRun.exe,
4988,1,,,
5012,1,,,
5024,1,,,
5040,1,,,
0x0000000000000af4,1,C:\Program Files (x86)\Microsoft\EdgeUpdate\MicrosoftEdgeUpdate.exe,C:\Program Files (x86)\Microsoft\EdgeUpdate\MicrosoftEdgeUpdate.exe,
0x0000000000000b20,1,C:\Windows\System32\svchost.exe,C:\Windows\System32\svchost.exe,
4672,1,,,
4780,1,,,
0x00000000000008a4,1,C:\Windows\Microsoft.NET\Framework\v4.0.30319\ngentask.exe,C:\Windows\Microsoft.NET\Framework\v4.0.30319\ngentask.exe,
0x00000000000008d4,1,C:\Windows\System32\svchost.exe,C:\Windows\System32\svchost.exe,
5284,1,,,
0x0000000000000a2c,1,C:\Windows\System32\svchost.exe,C:\Windows\System32\svchost.exe,
0x0000000000000a70,1,C:\Windows\System32\PING.EXE,C:\Windows\System32\PING.EXE,
4868,1,,,
4928,1,,,
4952,1,,,
5152,1,,,
5160,1,,,
5172,1,,,
5228,1,,,
5232,1,,,
5264,1,,,
528,1,,,
0x0000000000000880,1,C:\Windows\System32\conhost.exe,C:\Windows\System32\conhost.exe,
0x0000000000000960,1,C:\Windows\System32\conhost.exe,C:\Windows\System32\conhost.exe,
0x0000000000000970,1,C:\Windows\System32\spoolsv.exe,C:\Windows\System32\spoolsv.exe,
0x0000000000000990,1,C:\Windows\System32\CompatTelRunner.exe,C:\Windows\System32\CompatTelRunner.exe,
0x0000000000000994,1,C:\Windows\Microsoft.NET\Framework64\v4.0.30319\mscorsvw.exe,C:\Windows\Microsoft.NET\Framework64\v4.0.30319\mscorsvw.exe,
0x00000000000009d4,1,C:\Users\taro\AppData\Local\Microsoft\OneDrive\24.025.0204.0003\FileCoAuth.exe,C:\Users\taro\AppData\Local\Microsoft\OneDrive\24.025.0204.0003\FileCoAuth.exe,
5084,1,,,
5092,1,,,
5140,1,,,
