TrainTotal,TrainMask,TrainHyperSphere,ValTotal,ValMask,ValHyperSphere
2.259674549102783,2.259674549102783,0.0,1.1613882780075073,1.1613882780075073,0.0
1.1468315124511719,1.1468315124511719,0.0,1.0919231176376343,1.0919231176376343,0.0
1.1078311204910278,1.1078311204910278,0.0,1.0851877927780151,1.0851877927780151,0.0
